Date,Time,Rud,Ele,Thr,Ail,P1,P2,SL2,SA,SD,SE,SF,SG,SH,SW1,SW2,SW3,SW4,SW5,SW6,LSW,CH1(us),CH2(us),CH3(us),CH4(us),CH5(us),CH6(us),CH7(us),CH8(us),CH9(us),CH10(us),CH11(us),CH12(us),CH13(us),CH14(us),CH15(us),CH16(us),CH17(us),CH18(us),CH19(us),CH20(us),CH21(us),CH22(us),CH23(us),CH24(us),CH25(us),CH26(us),CH27(us),CH28(us),CH29(us),CH30(us),CH31(us),CH32(us),TxBat(V)
2026-08-17,33:45.6,0,-2,-1024,0,0,-1024,952,-1,-1,-1,-1,-1,-1,-1,-1,-1,-1,-1,-1,0x0000000000000000,1500,1499,1000,1500,988,988,988,988,988,988,1500,988,1500,1500,1500,1500,1500,1500,1500,1500,1500,1500,1500,1500,1500,1500,1500,1500,1500,1500,1500,1500,8.4
2026-08-17,33:45.7,0,-2,-1024,0,0,-1024,952,-1,-1,-1,-1,-1,-1,-1,-1,-1,-1,-1,-1,0x0000000000000000,1500,1499,1000,1500,988,988,988,988,988,988,1500,988,1500,1500,1500,1500,1500,1500,1500,1500,1500,1500,1500,1500,1500,1500,1500,1500,1500,1500,1500,1500,8.4
2026-08-17,33:45.8,0,-1,-1024,0,0,-1024,952,-1,-1,-1,-1,-1,-1,-1,-1,-1,-1,-1,-1,0x0000000000000000,1500,1500,1000,1500,988,988,988,988,988,988,1500,988,1500,1500,1500,1500,1500,1500,1500,1500,1500,1500,1500,1500,1500,1500,1500,1500,1500,1500,1500,1500,8.4
2026-08-17,33:45.9,0,-2,-1024,0,0,-1024,952,-1,-1,-1,-1,-1,-1,-1,-1,-1,-1,-1,-1,0x0000000000000000,1500,1499,1000,1500,988,988,988,988,988,988,1500,988,1500,1500,1500,1500,1500,1500,1500,1500,1500,1500,1500,1500,1500,1500,1500,1500,1500,1500,1500,1500,8.4
2026-08-17,33:46.0,0,-2,-1024,0,0,-1024,952,-1,-1,-1,-1,-1,-1,-1,-1,-1,-1,-1,-1,0x0000000000000000,1500,1499,1000,1500,988,988,988,988,988,988,1500,988,1500,1500,1500,1500,1500,1500,1500,1500,1500,1500,1500,1500,1500,1500,1500,1500,1500,1500,1500,1500,8.4
2026-08-17,33:46.1,0,-2,-1024,0,0,-1024,952,-1,-1,-1,-1,-1,-1,-1,-1,-1,-1,-1,-1,0x0000000000000000,1500,1499,1000,1500,988,988,988,988,988,988,1500,988,1500,1500,1500,1500,1500,1500,1500,1500,1500,1500,1500,1500,1500,1500,1500,1500,1500,1500,1500,1500,8.4
2026-08-17,33:46.2,0,-2,-1024,1,-1,-1024,952,-1,-1,-1,-1,-1,-1,-1,-1,-1,-1,-1,-1,0x0000000000000000,1501,1499,1000,1500,988,988,988,988,988,988,1500,988,1500,1500,1500,1500,1500,1500,1500,1500,1500,1500,1500,1500,1500,1500,1500,1500,1500,1500,1500,1500,8.4
2026-08-17,33:46.3,0,-2,-1024,1,0,-1024,952,-1,-1,-1,-1,-1,-1,-1,-1,-1,-1,-1,-1,0x0000000000000000,1500,1499,1000,1500,988,988,988,988,988,988,1500,988,1500,1500,1500,1500,1500,1500,1500,1500,1500,1500,1500,1500,1500,1500,1500,1500,1500,1500,1500,1500,8.4
2026-08-17,33:46.4,0,-2,-1024,0,0,-1024,952,-1,-1,-1,-1,-1,-1,-1,-1,-1,-1,-1,-1,0x0000000000000000,1500,1499,1000,1500,988,988,988,988,988,988,1500,988,1500,1500,1500,1500,1500,1500,1500,1500,1500,1500,1500,1500,1500,1500,1500,1500,1500,1500,1500,1500,8.4
2026-08-17,33:46.5,0,-2,-1024,0,0,-1024,952,-1,-1,-1,-1,-1,-1,-1,-1,-1,-1,-1,-1,0x0000000000000000,1500,1499,1000,1500,988,988,988,988,988,988,1500,988,1500,1500,1500,1500,1500,1500,1500,1500,1500,1500,1500,1500,1500,1500,1500,1500,1500,1500,1500,1500,8.4
2026-08-17,33:46.6,0,-2,-1024,0,-1,-1024,952,-1,-1,-1,-1,-1,-1,-1,-1,-1,-1,-1,-1,0x0000000000000000,1500,1499,1000,1500,988,988,988,988,988,988,1500,988,1500,1500,1500,1500,1500,1500,1500,1500,1500,1500,1500,1500,1500,1500,1500,1500,1500,1500,1500,1500,8.4
2026-08-17,33:46.7,0,-2,-1024,0,0,-1024,952,-1,-1,-1,-1,-1,-1,-1,-1,-1,-1,-1,-1,0x0000000000000000,1500,1499,1000,1500,988,988,988,988,988,988,1500,988,1500,1500,1500,1500,1500,1500,1500,1500,1500,1500,1500,1500,1500,1500,1500,1500,1500,1500,1500,1500,8.4
2026-08-17,33:46.8,0,-2,-1024,0,0,-1024,952,-1,-1,-1,-1,-1,-1,-1,-1,-1,-1,-1,-1,0x0000000000000000,1500,1499,1000,1500,988,988,988,988,988,988,1500,988,1500,1500,1500,1500,1500,1500,1500,1500,1500,1500,1500,1500,1500,1500,1500,1500,1500,1500,1500,1500,8.4
2026-08-17,33:46.9,0,-1,-1024,0,0,-1024,952,-1,-1,-1,-1,-1,-1,-1,-1,-1,-1,-1,-1,0x0000000000000000,1500,1500,1000,1500,988,988,988,988,988,988,1500,988,1500,1500,1500,1500,1500,1500,1500,1500,1500,1500,1500,1500,1500,1500,1500,1500,1500,1500,1500,1500,8.4
2026-08-17,33:47.0,0,-2,-1024,0,-1,-1024,952,-1,-1,-1,-1,-1,-1,-1,-1,-1,-1,-1,-1,0x0000000000000000,1500,1499,1000,1500,988,988,988,988,988,988,1500,988,1500,1500,1500,1500,1500,1500,1500,1500,1500,1500,1500,1500,1500,1500,1500,1500,1500,1500,1500,1500,8.4
2026-08-17,33:47.1,0,-1,-1024,0,0,-1024,952,-1,-1,-1,-1,-1,-1,-1,-1,-1,-1,-1,-1,0x0000000000000000,1500,1500,1000,1500,988,988,988,988,988,988,1500,988,1500,1500,1500,1500,1500,1500,1500,1500,1500,1500,1500,1500,1500,1500,1500,1500,1500,1500,1500,1500,8.4
2026-08-17,33:47.2,0,-1,-1024,0,0,-1024,952,-1,-1,-1,-1,-1,-1,-1,-1,-1,-1,-1,-1,0x0000000000000000,1500,1500,1000,1500,988,988,988,988,988,988,1500,988,1500,1500,1500,1500,1500,1500,1500,1500,1500,1500,1500,1500,1500,1500,1500,1500,1500,1500,1500,1500,8.4
2026-08-17,33:47.3,0,-2,-1024,0,0,-1024,952,-1,-1,-1,-1,-1,-1,-1,-1,-1,-1,-1,-1,0x0000000000000000,1500,1499,1000,1500,988,988,988,988,988,988,1500,988,1500,1500,1500,1500,1500,1500,1500,1500,1500,1500,1500,1500,1500,1500,1500,1500,1500,1500,1500,1500,8.4
2026-08-17,33:47.4,0,-2,-1024,0,0,-1024,952,-1,-1,-1,-1,-1,-1,-1,-1,-1,-1,-1,-1,0x0000000000000000,1500,1499,1000,1500,988,988,988,988,988,988,1500,988,1500,1500,1500,1500,1500,1500,1500,1500,1500,1500,1500,1500,1500,1500,1500,1500,1500,1500,1500,1500,8.4
2026-08-17,33:47.5,0,-2,-1024,0,-1,-1024,952,-1,-1,-1,-1,-1,-1,-1,-1,-1,-1,-1,-1,0x0000000000000000,1500,1499,1000,1500,988,988,988,988,988,988,1500,988,1500,1500,1500,1500,1500,1500,1500,1500,1500,1500,1500,1500,1500,1500,1500,1500,1500,1500,1500,1500,8.4
2026-08-17,33:47.6,0,-2,-1024,0,0,-1024,952,-1,-1,-1,-1,-1,-1,-1,-1,-1,-1,-1,-1,0x0000000000000000,1500,1499,1000,1500,988,988,988,988,988,988,1500,988,1500,1500,1500,1500,1500,1500,1500,1500,1500,1500,1500,1500,1500,1500,1500,1500,1500,1500,1500,1500,8.4
2026-08-17,33:47.7,0,-2,-1024,0,0,-1024,952,-1,-1,-1,-1,-1,-1,-1,-1,-1,-1,-1,-1,0x0000000000000000,1500,1499,1000,1500,988,988,988,988,988,988,1500,988,1500,1500,1500,1500,1500,1500,1500,1500,1500,1500,1500,1500,1500,1500,1500,1500,1500,1500,1500,1500,8.4
2026-08-17,33:47.8,0,-2,-1024,0,0,-1024,952,-1,-1,-1,-1,-1,-1,-1,-1,-1,-1,-1,-1,0x0000000000000000,1500,1499,1000,1500,988,988,988,988,988,988,1500,988,1500,1500,1500,1500,1500,1500,1500,1500,1500,1500,1500,1500,1500,1500,1500,1500,1500,1500,1500,1500,8.4
2026-08-17,33:47.9,0,-2,-1024,0,0,-1024,952,-1,-1,-1,-1,-1,-1,-1,-1,-1,-1,-1,-1,0x0000000000000000,1500,1499,1000,1500,988,988,988,988,988,988,1500,988,1500,1500,1500,1500,1500,1500,1500,1500,1500,1500,1500,1500,1500,1500,1500,1500,1500,1500,1500,1500,8.4
2026-08-17,33:48.0,0,-2,-1024,0,0,-1024,952,-1,-1,-1,-1,-1,-1,-1,-1,-1,-1,-1,-1,0x0000000000000000,1500,1499,1000,1500,988,988,988,988,988,988,1500,988,1500,1500,1500,1500,1500,1500,1500,1500,1500,1500,1500,1500,1500,1500,1500,1500,1500,1500,1500,1500,8.4
2026-08-17,33:48.1,0,-2,-1024,0,0,-1024,952,-1,-1,-1,-1,-1,-1,-1,-1,-1,-1,-1,-1,0x0000000000000000,1500,1499,1000,1500,988,988,988,988,988,988,1500,988,1500,1500,1500,1500,1500,1500,1500,1500,1500,1500,1500,1500,1500,1500,1500,1500,1500,1500,1500,1500,8.4
2026-08-17,33:48.2,0,-2,-1024,0,0,-1024,952,-1,-1,-1,-1,-1,-1,-1,-1,-1,-1,-1,-1,0x0000000000000000,1500,1499,1000,1500,988,988,988,988,988,988,1500,988,1500,1500,1500,1500,1500,1500,1500,1500,1500,1500,1500,1500,1500,1500,1500,1500,1500,1500,1500,1500,8.4
2026-08-17,33:48.3,0,-2,-1024,0,0,-1024,952,-1,-1,-1,-1,-1,-1,-1,-1,-1,-1,-1,-1,0x0000000000000000,1500,1499,1000,1500,988,988,988,988,988,988,1500,988,1500,1500,1500,1500,1500,1500,1500,1500,1500,1500,1500,1500,1500,1500,1500,1500,1500,1500,1500,1500,8.4
2026-08-17,33:48.4,0,-2,-1024,0,0,-1024,952,-1,-1,-1,-1,-1,-1,-1,-1,-1,-1,-1,-1,0x0000000000000000,1500,1499,1000,1500,988,988,988,988,988,988,1500,988,1500,1500,1500,1500,1500,1500,1500,1500,1500,1500,1500,1500,1500,1500,1500,1500,1500,1500,1500,1500,8.4
2026-08-17,33:48.5,0,-2,-1024,0,0,-1024,952,-1,-1,-1,-1,-1,-1,-1,-1,-1,-1,-1,-1,0x0000000000000000,1500,1499,1000,1500,988,988,988,988,988,988,1500,988,1500,1500,1500,1500,1500,1500,1500,1500,1500,1500,1500,1500,1500,1500,1500,1500,1500,1500,1500,1500,8.4
2026-08-17,33:48.6,0,-2,-1024,0,0,-1024,952,-1,-1,-1,-1,-1,-1,-1,-1,-1,-1,-1,-1,0x0000000000000000,1500,1499,1000,1500,988,988,988,988,988,988,1500,988,1500,1500,1500,1500,1500,1500,1500,1500,1500,1500,1500,1500,1500,1500,1500,1500,1500,1500,1500,1500,8.4
2026-08-17,33:48.7,0,-2,-1024,0,0,-1024,952,-1,-1,-1,-1,-1,-1,-1,-1,-1,-1,-1,-1,0x0000000000000000,1500,1499,1000,1500,988,988,988,988,988,988,1500,988,1500,1500,1500,1500,1500,1500,1500,1500,1500,1500,1500,1500,1500,1500,1500,1500,1500,1500,1500,1500,8.4
2026-08-17,33:48.8,0,-2,-1024,0,0,-1024,952,-1,-1,-1,-1,-1,-1,-1,-1,-1,-1,-1,-1,0x0000000000000000,1500,1499,1000,1500,988,988,988,988,988,988,1500,988,1500,1500,1500,1500,1500,1500,1500,1500,1500,1500,1500,1500,1500,1500,1500,1500,1500,1500,1500,1500,8.4
2026-08-17,33:48.9,0,-2,-1024,0,0,-1024,952,-1,-1,-1,-1,-1,-1,-1,-1,-1,-1,-1,-1,0x0000000000000000,1500,1499,1000,1500,988,988,988,988,988,988,1500,988,1500,1500,1500,1500,1500,1500,1500,1500,1500,1500,1500,1500,1500,1500,1500,1500,1500,1500,1500,1500,8.4
2026-08-17,33:49.0,0,-2,-1024,0,0,-1024,952,-1,-1,-1,-1,-1,-1,-1,-1,-1,-1,-1,-1,0x0000000000000000,1500,1499,1000,1500,988,988,988,988,988,988,1500,988,1500,1500,1500,1500,1500,1500,1500,1500,1500,1500,1500,1500,1500,1500,1500,1500,1500,1500,1500,1500,8.4
2026-08-17,33:49.1,0,-2,-1024,0,0,-1024,952,-1,-1,-1,-1,-1,-1,-1,-1,-1,-1,-1,-1,0x0000000000000000,1500,1499,1000,1500,988,988,988,988,988,988,1500,988,1500,1500,1500,1500,1500,1500,1500,1500,1500,1500,1500,1500,1500,1500,1500,1500,1500,1500,1500,1500,8.4
2026-08-17,33:49.2,0,-2,-1024,0,0,-1024,952,-1,-1,-1,-1,-1,-1,-1,-1,-1,-1,-1,-1,0x0000000000000000,1500,1499,1000,1500,988,988,988,988,988,988,1500,988,1500,1500,1500,1500,1500,1500,1500,1500,1500,1500,1500,1500,1500,1500,1500,1500,1500,1500,1500,1500,8.4
2026-08-17,33:49.3,0,-2,-1024,0,0,-1024,952,-1,-1,-1,-1,-1,-1,-1,-1,-1,-1,-1,-1,0x0000000000000000,1500,1499,1000,1500,988,988,988,988,988,988,1500,988,1500,1500,1500,1500,1500,1500,1500,1500,1500,1500,1500,1500,1500,1500,1500,1500,1500,1500,1500,1500,8.4
2026-08-17,33:49.4,0,-2,-1024,0,-1,-1024,952,-1,-1,-1,-1,-1,-1,-1,-1,-1,-1,-1,-1,0x0000000000000000,1500,1499,1000,1500,988,988,988,988,988,988,1500,988,1500,1500,1500,1500,1500,1500,1500,1500,1500,1500,1500,1500,1500,1500,1500,1500,1500,1500,1500,1500,8.4
2026-08-17,33:49.5,0,-2,-1024,0,0,-1024,952,-1,-1,-1,-1,-1,-1,-1,-1,-1,-1,-1,-1,0x0000000000000000,1500,1499,1000,1500,988,988,988,988,988,988,1500,988,1500,1500,1500,1500,1500,1500,1500,1500,1500,1500,1500,1500,1500,1500,1500,1500,1500,1500,1500,1500,8.4
2026-08-17,33:49.6,0,-2,-1024,0,0,-1024,952,-1,-1,-1,-1,-1,-1,-1,-1,-1,-1,-1,-1,0x0000000000000000,1500,1499,1000,1500,988,988,988,988,988,988,1500,988,1500,1500,1500,1500,1500,1500,1500,1500,1500,1500,1500,1500,1500,1500,1500,1500,1500,1500,1500,1500,8.4
2026-08-17,33:49.7,0,-2,-1024,0,0,-1024,952,-1,-1,-1,-1,-1,-1,-1,-1,-1,-1,-1,-1,0x0000000000000000,1500,1499,1000,1500,988,988,988,988,988,988,1500,988,1500,1500,1500,1500,1500,1500,1500,1500,1500,1500,1500,1500,1500,1500,1500,1500,1500,1500,1500,1500,8.4
2026-08-17,33:49.8,0,-2,-1024,0,0,-1024,952,-1,-1,-1,-1,-1,-1,-1,-1,-1,-1,-1,-1,0x0000000000000000,1500,1499,1000,1500,988,988,988,988,988,988,1500,988,1500,1500,1500,1500,1500,1500,1500,1500,1500,1500,1500,1500,1500,1500,1500,1500,1500,1500,1500,1500,8.4
2026-08-17,33:49.9,0,-2,-1024,0,0,-1024,952,-1,-1,-1,-1,-1,-1,-1,-1,-1,-1,-1,-1,0x0000000000000000,1500,1499,1000,1500,988,988,988,988,988,988,1500,988,1500,1500,1500,1500,1500,1500,1500,1500,1500,1500,1500,1500,1500,1500,1500,1500,1500,1500,1500,1500,8.4
2026-08-17,33:50.0,0,-2,-1024,0,0,-1024,952,-1,-1,-1,-1,-1,-1,-1,-1,-1,-1,-1,-1,0x0000000000000000,1500,1499,1000,1500,988,988,988,988,988,988,1500,988,1500,1500,1500,1500,1500,1500,1500,1500,1500,1500,1500,1500,1500,1500,1500,1500,1500,1500,1500,1500,8.4
2026-08-17,33:50.1,0,-2,-1024,0,0,-1024,952,-1,-1,-1,-1,-1,-1,-1,-1,-1,-1,-1,-1,0x0000000000000000,1500,1499,1000,1500,988,988,988,988,988,988,1500,988,1500,1500,1500,1500,1500,1500,1500,1500,1500,1500,1500,1500,1500,1500,1500,1500,1500,1500,1500,1500,8.4
2026-08-17,33:50.2,0,-2,-1024,0,0,-1024,952,-1,-1,-1,-1,-1,-1,-1,-1,-1,-1,-1,-1,0x0000000000000000,1500,1499,1000,1500,988,988,988,988,988,988,1500,988,1500,1500,1500,1500,1500,1500,1500,1500,1500,1500,1500,1500,1500,1500,1500,1500,1500,1500,1500,1500,8.4
2026-08-17,33:50.3,0,-2,-1024,0,0,-1024,952,-1,-1,-1,-1,-1,-1,-1,-1,-1,-1,-1,-1,0x0000000000000000,1500,1499,1000,1500,988,988,988,988,988,988,1500,988,1500,1500,1500,1500,1500,1500,1500,1500,1500,1500,1500,1500,1500,1500,1500,1500,1500,1500,1500,1500,8.4
2026-08-17,33:50.4,0,-2,-1024,0,0,-1024,952,-1,-1,-1,-1,-1,-1,-1,-1,-1,-1,-1,-1,0x0000000000000000,1500,1499,1000,1500,988,988,988,988,988,988,1500,988,1500,1500,1500,1500,1500,1500,1500,1500,1500,1500,1500,1500,1500,1500,1500,1500,1500,1500,1500,1500,8.4
2026-08-17,33:50.5,0,-2,-1024,0,0,-1024,952,-1,-1,-1,-1,-1,-1,-1,-1,-1,-1,-1,-1,0x0000000000000000,1500,1499,1000,1500,988,988,988,988,988,988,1500,988,1500,1500,1500,1500,1500,1500,1500,1500,1500,1500,1500,1500,1500,1500,1500,1500,1500,1500,1500,1500,8.4
2026-08-17,33:50.6,0,-2,-1024,0,0,-1024,952,-1,-1,-1,-1,-1,-1,-1,-1,-1,-1,-1,-1,0x0000000000000000,1500,1499,1000,1500,988,988,988,988,988,988,1500,988,1500,1500,1500,1500,1500,1500,1500,1500,1500,1500,1500,1500,1500,1500,1500,1500,1500,1500,1500,1500,8.4
2026-08-17,33:50.7,0,-2,-1024,0,0,-1024,952,-1,-1,-1,-1,-1,-1,-1,-1,-1,-1,-1,-1,0x0000000000000000,1500,1499,1000,1500,988,988,988,988,988,988,1500,988,1500,1500,1500,1500,1500,1500,1500,1500,1500,1500,1500,1500,1500,1500,1500,1500,1500,1500,1500,1500,8.4
2026-08-17,33:50.8,0,-2,-1024,0,0,-1024,952,-1,-1,-1,-1,-1,-1,-1,-1,-1,-1,-1,-1,0x0000000000000000,1500,1499,1000,1500,988,988,988,988,988,988,1500,988,1500,1500,1500,1500,1500,1500,1500,1500,1500,1500,1500,1500,1500,1500,1500,1500,1500,1500,1500,1500,8.4
2026-08-17,33:50.9,0,-2,-1024,0,0,-1024,952,-1,-1,-1,-1,-1,-1,-1,-1,-1,-1,-1,-1,0x0000000000000000,1500,1499,1000,1500,988,988,988,988,988,988,1500,988,1500,1500,1500,1500,1500,1500,1500,1500,1500,1500,1500,1500,1500,1500,1500,1500,1500,1500,1500,1500,8.4
2026-08-17,33:51.0,0,-2,-1024,0,0,-1024,952,-1,-1,-1,-1,-1,-1,-1,-1,-1,-1,-1,-1,0x0000000000000000,1500,1499,1000,1500,988,988,988,988,988,988,1500,988,1500,1500,1500,1500,1500,1500,1500,1500,1500,1500,1500,1500,1500,1500,1500,1500,1500,1500,1500,1500,8.4
2026-08-17,33:51.1,0,-2,-1024,0,0,-1024,952,-1,-1,-1,-1,-1,-1,-1,-1,-1,-1,-1,-1,0x0000000000000000,1500,1499,1000,1500,988,988,988,988,988,988,1500,988,1500,1500,1500,1500,1500,1500,1500,1500,1500,1500,1500,1500,1500,1500,1500,1500,1500,1500,1500,1500,8.4
2026-08-17,33:51.2,0,-2,-1024,0,0,-1024,952,-1,-1,-1,-1,-1,-1,-1,-1,-1,-1,-1,-1,0x0000000000000000,1500,1499,1000,1500,988,988,988,988,988,988,1500,988,1500,1500,1500,1500,1500,1500,1500,1500,1500,1500,1500,1500,1500,1500,1500,1500,1500,1500,1500,1500,8.4
2026-08-17,33:51.3,0,-2,-1024,0,0,-1024,952,-1,-1,-1,-1,-1,-1,-1,-1,-1,-1,-1,-1,0x0000000000000000,1500,1499,1000,1500,988,988,988,988,988,988,1500,988,1500,1500,1500,1500,1500,1500,1500,1500,1500,1500,1500,1500,1500,1500,1500,1500,1500,1500,1500,1500,8.4
2026-08-17,33:51.4,0,-1,-1024,0,-1,-1024,952,-1,-1,-1,-1,-1,-1,-1,-1,-1,-1,-1,-1,0x0000000000000000,1500,1500,1000,1500,988,988,988,988,988,988,1500,988,1500,1500,1500,1500,1500,1500,1500,1500,1500,1500,1500,1500,1500,1500,1500,1500,1500,1500,1500,1500,8.4
2026-08-17,33:51.5,0,-2,-1024,0,0,-1024,952,-1,-1,-1,-1,-1,-1,-1,-1,-1,-1,-1,-1,0x0000000000000000,1500,1499,1000,1500,988,988,988,988,988,988,1500,988,1500,1500,1500,1500,1500,1500,1500,1500,1500,1500,1500,1500,1500,1500,1500,1500,1500,1500,1500,1500,8.4
2026-08-17,33:51.6,0,-2,-1024,0,0,-1024,952,-1,-1,-1,-1,-1,-1,-1,-1,-1,-1,-1,-1,0x0000000000000000,1500,1499,1000,1500,988,988,988,988,988,988,1500,988,1500,1500,1500,1500,1500,1500,1500,1500,1500,1500,1500,1500,1500,1500,1500,1500,1500,1500,1500,1500,8.4
2026-08-17,33:51.7,0,-2,-1024,0,0,-1024,952,-1,-1,-1,-1,-1,-1,-1,-1,-1,-1,-1,-1,0x0000000000000000,1500,1499,1000,1500,988,988,988,988,988,988,1500,988,1500,1500,1500,1500,1500,1500,1500,1500,1500,1500,1500,1500,1500,1500,1500,1500,1500,1500,1500,1500,8.4
2026-08-17,33:51.8,0,-2,-1024,0,0,-1024,952,-1,-1,-1,-1,-1,-1,-1,-1,-1,-1,-1,-1,0x0000000000000000,1500,1499,1000,1500,988,988,988,988,988,988,1500,988,1500,1500,1500,1500,1500,1500,1500,1500,1500,1500,1500,1500,1500,1500,1500,1500,1500,1500,1500,1500,8.4
2026-08-17,33:51.9,0,-2,-1024,0,0,-1024,952,-1,-1,-1,-1,-1,-1,-1,-1,-1,-1,-1,-1,0x0000000000000000,1500,1499,1000,1500,988,988,988,988,988,988,1500,988,1500,1500,1500,1500,1500,1500,1500,1500,1500,1500,1500,1500,1500,1500,1500,1500,1500,1500,1500,1500,8.4
2026-08-17,33:52.0,0,-2,-1024,0,0,-1024,952,-1,-1,-1,-1,-1,-1,-1,-1,-1,-1,-1,-1,0x0000000000000000,1500,1499,1000,1500,988,988,988,988,988,988,1500,988,1500,1500,1500,1500,1500,1500,1500,1500,1500,1500,1500,1500,1500,1500,1500,1500,1500,1500,1500,1500,8.4
2026-08-17,33:52.1,0,-1,-1024,0,0,-1024,952,-1,-1,-1,-1,-1,-1,-1,-1,-1,-1,-1,-1,0x0000000000000000,1500,1500,1000,1500,988,988,988,988,988,988,1500,988,1500,1500,1500,1500,1500,1500,1500,1500,1500,1500,1500,1500,1500,1500,1500,1500,1500,1500,1500,1500,8.4
2026-08-17,33:52.2,0,-2,-1024,0,0,-1024,952,-1,-1,-1,-1,-1,-1,-1,-1,-1,-1,-1,-1,0x0000000000000000,1500,1499,1000,1500,988,988,988,988,988,988,1500,988,1500,1500,1500,1500,1500,1500,1500,1500,1500,1500,1500,1500,1500,1500,1500,1500,1500,1500,1500,1500,8.4
2026-08-17,33:52.3,0,-2,-1024,0,0,-1024,952,-1,-1,-1,-1,-1,-1,-1,-1,-1,-1,-1,-1,0x0000000000000000,1500,1499,1000,1500,988,988,988,988,988,988,1500,988,1500,1500,1500,1500,1500,1500,1500,1500,1500,1500,1500,1500,1500,1500,1500,1500,1500,1500,1500,1500,8.4
2026-08-17,33:52.4,0,-2,-1024,0,0,-1024,952,-1,-1,-1,-1,-1,-1,-1,-1,-1,-1,-1,-1,0x0000000000000000,1500,1499,1000,1500,988,988,988,988,988,988,1500,988,1500,1500,1500,1500,1500,1500,1500,1500,1500,1500,1500,1500,1500,1500,1500,1500,1500,1500,1500,1500,8.4
2026-08-17,33:52.5,0,-2,-1024,0,0,-1024,952,-1,-1,-1,-1,-1,-1,-1,-1,-1,-1,-1,-1,0x0000000000000000,1500,1499,1000,1500,988,988,988,988,988,988,1500,988,1500,1500,1500,1500,1500,1500,1500,1500,1500,1500,1500,1500,1500,1500,1500,1500,1500,1500,1500,1500,8.4
2026-08-17,33:52.6,0,-1,-1024,0,0,-1024,952,-1,-1,-1,-1,-1,-1,-1,-1,-1,-1,-1,-1,0x0000000000000000,1500,1500,1000,1500,988,988,988,988,988,988,1500,988,1500,1500,1500,1500,1500,1500,1500,1500,1500,1500,1500,1500,1500,1500,1500,1500,1500,1500,1500,1500,8.4
2026-08-17,33:52.7,0,-1,-1024,0,0,-1024,952,-1,-1,-1,-1,-1,-1,-1,-1,-1,-1,-1,-1,0x0000000000000000,1500,1500,1000,1500,988,988,988,988,988,988,1500,988,1500,1500,1500,1500,1500,1500,1500,1500,1500,1500,1500,1500,1500,1500,1500,1500,1500,1500,1500,1500,8.4
2026-08-17,33:52.8,0,-1,-1024,0,0,-1024,952,-1,-1,-1,-1,-1,-1,-1,-1,-1,-1,-1,-1,0x0000000000000000,1500,1500,1000,1500,988,988,988,988,988,988,1500,988,1500,1500,1500,1500,1500,1500,1500,1500,1500,1500,1500,1500,1500,1500,1500,1500,1500,1500,1500,1500,8.4
2026-08-17,33:52.9,0,-2,-1024,0,0,-1024,952,-1,-1,-1,-1,-1,-1,-1,-1,-1,-1,-1,-1,0x0000000000000000,1500,1499,1000,1500,988,988,988,988,988,988,1500,988,1500,1500,1500,1500,1500,1500,1500,1500,1500,1500,1500,1500,1500,1500,1500,1500,1500,1500,1500,1500,8.4
2026-08-17,33:53.0,0,-2,-1024,0,0,-1024,952,-1,-1,-1,-1,-1,-1,-1,-1,-1,-1,-1,-1,0x0000000000000000,1500,1499,1000,1500,988,988,988,988,988,988,1500,988,1500,1500,1500,1500,1500,1500,1500,1500,1500,1500,1500,1500,1500,1500,1500,1500,1500,1500,1500,1500,8.4
2026-08-17,33:53.1,0,-2,-1024,0,0,-1024,952,-1,-1,-1,-1,-1,-1,-1,-1,-1,-1,-1,-1,0x0000000000000000,1500,1499,1000,1500,988,988,988,988,988,988,1500,988,1500,1500,1500,1500,1500,1500,1500,1500,1500,1500,1500,1500,1500,1500,1500,1500,1500,1500,1500,1500,8.4
2026-08-17,33:53.2,0,-2,-1024,0,0,-1024,952,-1,-1,-1,-1,-1,-1,-1,-1,-1,-1,-1,-1,0x0000000000000000,1500,1499,1000,1500,988,988,988,988,988,988,1500,988,1500,1500,1500,1500,1500,1500,1500,1500,1500,1500,1500,1500,1500,1500,1500,1500,1500,1500,1500,1500,8.4
2026-08-17,33:53.3,0,-2,-1024,0,0,-1024,952,-1,-1,-1,-1,-1,-1,-1,-1,-1,-1,-1,-1,0x0000000000000000,1500,1499,1000,1500,988,988,988,988,988,988,1500,988,1500,1500,1500,1500,1500,1500,1500,1500,1500,1500,1500,1500,1500,1500,1500,1500,1500,1500,1500,1500,8.4
2026-08-17,33:53.4,0,-2,-1024,0,0,-1024,952,-1,-1,-1,-1,-1,-1,-1,-1,-1,-1,-1,-1,0x0000000000000000,1500,1499,1000,1500,988,988,988,988,988,988,1500,988,1500,1500,1500,1500,1500,1500,1500,1500,1500,1500,1500,1500,1500,1500,1500,1500,1500,1500,1500,1500,8.4
2026-08-17,33:53.5,0,-2,-1024,0,0,-1024,952,-1,-1,-1,-1,-1,-1,-1,-1,-1,-1,-1,-1,0x0000000000000000,1500,1499,1000,1500,988,988,988,988,988,988,1500,988,1500,1500,1500,1500,1500,1500,1500,1500,1500,1500,1500,1500,1500,1500,1500,1500,1500,1500,1500,1500,8.4
2026-08-17,33:53.6,0,-2,-1024,0,0,-1024,952,-1,-1,-1,-1,-1,-1,-1,-1,-1,-1,-1,-1,0x0000000000000000,1500,1499,1000,1500,988,988,988,988,988,988,1500,988,1500,1500,1500,1500,1500,1500,1500,1500,1500,1500,1500,1500,1500,1500,1500,1500,1500,1500,1500,1500,8.4
2026-08-17,33:53.7,0,-2,-1024,0,0,-1024,952,-1,-1,-1,-1,-1,-1,-1,-1,-1,-1,-1,-1,0x0000000000000000,1500,1499,1000,1500,988,988,988,988,988,988,1500,988,1500,1500,1500,1500,1500,1500,1500,1500,1500,1500,1500,1500,1500,1500,1500,1500,1500,1500,1500,1500,8.4
2026-08-17,33:53.8,0,-2,-1024,0,0,-1024,952,-1,-1,-1,-1,-1,-1,-1,-1,-1,-1,-1,-1,0x0000000000000000,1500,1499,1000,1500,988,988,988,988,988,988,1500,988,1500,1500,1500,1500,1500,1500,1500,1500,1500,1500,1500,1500,1500,1500,1500,1500,1500,1500,1500,1500,8.4
2026-08-17,33:53.9,0,-2,-1024,0,0,-1024,952,-1,-1,-1,-1,-1,-1,-1,-1,-1,-1,-1,-1,0x0000000000000000,1500,1499,1000,1500,988,988,988,988,988,988,1500,988,1500,1500,1500,1500,1500,1500,1500,1500,1500,1500,1500,1500,1500,1500,1500,1500,1500,1500,1500,1500,8.4
2026-08-17,33:54.0,0,-2,-1024,0,0,-1024,952,-1,-1,-1,-1,-1,-1,-1,-1,-1,-1,-1,-1,0x0000000000000000,1500,1499,1000,1500,988,988,988,988,988,988,1500,988,1500,1500,1500,1500,1500,1500,1500,1500,1500,1500,1500,1500,1500,1500,1500,1500,1500,1500,1500,1500,8.4
2026-08-17,33:54.1,0,-2,-1024,0,0,-1024,952,-1,-1,-1,-1,-1,-1,-1,-1,-1,-1,-1,-1,0x0000000000000000,1500,1499,1000,1500,988,988,988,988,988,988,1500,988,1500,1500,1500,1500,1500,1500,1500,1500,1500,1500,1500,1500,1500,1500,1500,1500,1500,1500,1500,1500,8.4
2026-08-17,33:54.2,0,-2,-1024,0,0,-1024,952,-1,-1,-1,-1,-1,-1,-1,-1,-1,-1,-1,-1,0x0000000000000000,1500,1499,1000,1500,988,988,988,988,988,988,1500,988,1500,1500,1500,1500,1500,1500,1500,1500,1500,1500,1500,1500,1500,1500,1500,1500,1500,1500,1500,1500,8.4
2026-08-17,33:54.3,0,-2,-1024,0,0,-1024,952,-1,-1,-1,-1,-1,-1,-1,-1,-1,-1,-1,-1,0x0000000000000000,1500,1499,1000,1500,988,988,988,988,988,988,1500,988,1500,1500,1500,1500,1500,1500,1500,1500,1500,1500,1500,1500,1500,1500,1500,1500,1500,1500,1500,1500,8.4
2026-08-17,33:54.4,0,-2,-1024,0,-1,-1024,952,-1,-1,-1,-1,-1,-1,-1,-1,-1,-1,-1,-1,0x0000000000000000,1500,1499,1000,1500,988,988,988,988,988,988,1500,988,1500,1500,1500,1500,1500,1500,1500,1500,1500,1500,1500,1500,1500,1500,1500,1500,1500,1500,1500,1500,8.4
2026-08-17,33:54.5,0,-2,-1024,0,0,-1024,952,-1,-1,-1,-1,-1,-1,-1,-1,-1,-1,-1,-1,0x0000000000000000,1500,1499,1000,1500,988,988,988,988,988,988,1500,988,1500,1500,1500,1500,1500,1500,1500,1500,1500,1500,1500,1500,1500,1500,1500,1500,1500,1500,1500,1500,8.4
2026-08-17,33:54.6,0,-2,-1024,0,0,-1024,952,-1,-1,-1,-1,-1,-1,-1,-1,-1,-1,-1,-1,0x0000000000000000,1500,1499,1000,1500,988,988,988,988,988,988,1500,988,1500,1500,1500,1500,1500,1500,1500,1500,1500,1500,1500,1500,1500,1500,1500,1500,1500,1500,1500,1500,8.4
2026-08-17,33:54.7,0,-2,-1024,0,0,-1024,952,-1,-1,-1,-1,-1,-1,-1,-1,-1,-1,-1,-1,0x0000000000000000,1500,1499,1000,1500,988,988,988,988,988,988,1500,988,1500,1500,1500,1500,1500,1500,1500,1500,1500,1500,1500,1500,1500,1500,1500,1500,1500,1500,1500,1500,8.4
2026-08-17,33:54.8,0,-2,-1024,0,0,-1024,952,-1,-1,-1,-1,-1,-1,-1,-1,-1,-1,-1,-1,0x0000000000000000,1500,1499,1000,1500,988,988,988,988,988,988,1500,988,1500,1500,1500,1500,1500,1500,1500,1500,1500,1500,1500,1500,1500,1500,1500,1500,1500,1500,1500,1500,8.4
2026-08-17,33:54.9,0,-2,-1024,0,-1,-1024,952,-1,-1,-1,-1,-1,-1,-1,-1,-1,-1,-1,-1,0x0000000000000000,1500,1499,1000,1500,988,988,988,988,988,988,1500,988,1500,1500,1500,1500,1500,1500,1500,1500,1500,1500,1500,1500,1500,1500,1500,1500,1500,1500,1500,1500,8.4
2026-08-17,33:55.0,0,-2,-1024,0,0,-1024,952,-1,-1,-1,-1,-1,-1,-1,-1,-1,-1,-1,-1,0x0000000000000000,1500,1499,1000,1500,988,988,988,988,988,988,1500,988,1500,1500,1500,1500,1500,1500,1500,1500,1500,1500,1500,1500,1500,1500,1500,1500,1500,1500,1500,1500,8.4
2026-08-17,33:55.1,0,-2,-1024,0,0,-1024,952,-1,-1,-1,-1,-1,-1,-1,-1,-1,-1,-1,-1,0x0000000000000000,1500,1499,1000,1500,988,988,988,988,988,988,1500,988,1500,1500,1500,1500,1500,1500,1500,1500,1500,1500,1500,1500,1500,1500,1500,1500,1500,1500,1500,1500,8.4
2026-08-17,33:55.2,0,-2,-1024,0,-1,-1024,952,-1,-1,-1,-1,-1,-1,-1,-1,-1,-1,-1,-1,0x0000000000000000,1500,1499,1000,1500,988,988,988,988,988,988,1500,988,1500,1500,1500,1500,1500,1500,1500,1500,1500,1500,1500,1500,1500,1500,1500,1500,1500,1500,1500,1500,8.4
2026-08-17,33:55.3,0,-2,-1024,0,-1,-1024,952,-1,-1,-1,-1,-1,-1,-1,-1,-1,-1,-1,-1,0x0000000000000000,1500,1499,1000,1500,988,988,988,988,988,988,1500,988,1500,1500,1500,1500,1500,1500,1500,1500,1500,1500,1500,1500,1500,1500,1500,1500,1500,1500,1500,1500,8.4
2026-08-17,33:55.4,0,-2,-1024,0,0,-1024,952,-1,-1,-1,-1,-1,-1,-1,-1,-1,-1,-1,-1,0x0000000000000000,1500,1499,1000,1500,988,988,988,988,988,988,1500,988,1500,1500,1500,1500,1500,1500,1500,1500,1500,1500,1500,1500,1500,1500,1500,1500,1500,1500,1500,1500,8.4
2026-08-17,33:55.5,0,-2,-1024,0,0,-1024,952,-1,-1,-1,-1,-1,-1,-1,-1,-1,-1,-1,-1,0x0000000000000000,1500,1499,1000,1500,988,988,988,988,988,988,1500,988,1500,1500,1500,1500,1500,1500,1500,1500,1500,1500,1500,1500,1500,1500,1500,1500,1500,1500,1500,1500,8.4
2026-08-17,33:55.6,0,-2,-1024,0,0,-1024,952,-1,-1,-1,-1,-1,-1,-1,-1,-1,-1,-1,-1,0x0000000000000000,1500,1499,1000,1500,988,988,988,988,988,988,1500,988,1500,1500,1500,1500,1500,1500,1500,1500,1500,1500,1500,1500,1500,1500,1500,1500,1500,1500,1500,1500,8.4
2026-08-17,33:55.7,0,-2,-1024,0,0,-1024,952,-1,-1,-1,-1,1,-1,-1,-1,-1,-1,-1,-1,0x0000000000000000,1500,1499,1000,1500,988,988,988,988,2012,988,1500,988,1500,1500,1500,1500,1500,1500,1500,1500,1500,1500,1500,1500,1500,1500,1500,1500,1500,1500,1500,1500,8.4
2026-08-17,33:55.8,0,-2,-1024,0,0,-1024,952,-1,-1,-1,-1,1,-1,-1,-1,-1,-1,-1,-1,0x0000000000000000,1500,1499,1000,1500,988,988,988,988,2012,988,1500,988,1500,1500,1500,1500,1500,1500,1500,1500,1500,1500,1500,1500,1500,1500,1500,1500,1500,1500,1500,1500,8.4
2026-08-17,33:55.9,0,-2,-1024,0,0,-1024,952,-1,-1,-1,-1,1,-1,-1,-1,-1,-1,-1,-1,0x0000000000000000,1500,1499,1000,1500,988,988,988,988,2012,988,1500,988,1500,1500,1500,1500,1500,1500,1500,1500,1500,1500,1500,1500,1500,1500,1500,1500,1500,1500,1500,1500,8.4
2026-08-17,33:56.0,0,-2,-1024,0,0,-1024,952,-1,-1,-1,-1,1,-1,-1,-1,-1,-1,-1,-1,0x0000000000000000,1500,1499,1000,1500,988,988,988,988,2012,988,1500,988,1500,1500,1500,1500,1500,1500,1500,1500,1500,1500,1500,1500,1500,1500,1500,1500,1500,1500,1500,1500,8.4
2026-08-17,33:56.1,0,-2,-1024,0,0,-1024,952,-1,-1,-1,-1,1,-1,-1,-1,-1,-1,-1,-1,0x0000000000000000,1500,1499,1000,1500,988,988,988,988,2012,988,1500,988,1500,1500,1500,1500,1500,1500,1500,1500,1500,1500,1500,1500,1500,1500,1500,1500,1500,1500,1500,1500,8.4
2026-08-17,33:56.2,0,-2,-1024,0,-1,-1024,952,-1,-1,-1,-1,1,-1,-1,-1,-1,-1,-1,-1,0x0000000000000000,1500,1499,1000,1500,988,988,988,988,2012,988,1500,988,1500,1500,1500,1500,1500,1500,1500,1500,1500,1500,1500,1500,1500,1500,1500,1500,1500,1500,1500,1500,8.4
2026-08-17,33:56.3,0,-2,-1024,0,-1,-1024,952,-1,-1,-1,-1,1,-1,-1,-1,-1,-1,-1,-1,0x0000000000000000,1500,1499,1000,1500,988,988,988,988,2012,988,1500,988,1500,1500,1500,1500,1500,1500,1500,1500,1500,1500,1500,1500,1500,1500,1500,1500,1500,1500,1500,1500,8.4
2026-08-17,33:56.4,0,-2,-1024,0,0,-1024,952,-1,-1,-1,-1,-1,-1,-1,-1,-1,-1,-1,-1,0x0000000000000000,1500,1499,1000,1500,988,988,988,988,988,988,1500,988,1500,1500,1500,1500,1500,1500,1500,1500,1500,1500,1500,1500,1500,1500,1500,1500,1500,1500,1500,1500,8.4
2026-08-17,33:56.5,0,-2,-1024,0,0,-1024,952,-1,-1,-1,-1,-1,-1,-1,-1,-1,-1,-1,-1,0x0000000000000000,1500,1499,1000,1500,988,988,988,988,988,988,1500,988,1500,1500,1500,1500,1500,1500,1500,1500,1500,1500,1500,1500,1500,1500,1500,1500,1500,1500,1500,1500,8.4
2026-08-17,33:56.6,0,-2,-1024,0,0,-1024,952,-1,-1,-1,-1,-1,-1,-1,-1,-1,-1,-1,-1,0x0000000000000000,1500,1499,1000,1500,988,988,988,988,988,988,1500,988,1500,1500,1500,1500,1500,1500,1500,1500,1500,1500,1500,1500,1500,1500,1500,1500,1500,1500,1500,1500,8.4
2026-08-17,33:56.7,0,-2,-1024,0,0,-1024,952,-1,-1,-1,-1,-1,-1,-1,-1,-1,-1,-1,-1,0x0000000000000000,1500,1499,1000,1500,988,988,988,988,988,988,1500,988,1500,1500,1500,1500,1500,1500,1500,1500,1500,1500,1500,1500,1500,1500,1500,1500,1500,1500,1500,1500,8.4
2026-08-17,33:56.8,0,-2,-1024,0,0,-1024,952,-1,-1,-1,-1,-1,-1,-1,-1,-1,-1,-1,-1,0x0000000000000000,1500,1499,1000,1500,988,988,988,988,988,988,1500,988,1500,1500,1500,1500,1500,1500,1500,1500,1500,1500,1500,1500,1500,1500,1500,1500,1500,1500,1500,1500,8.4
2026-08-17,33:56.9,0,-2,-1024,0,-1,-1024,952,-1,-1,-1,-1,-1,-1,-1,-1,-1,-1,-1,-1,0x0000000000000000,1500,1499,1000,1500,988,988,988,988,988,988,1500,988,1500,1500,1500,1500,1500,1500,1500,1500,1500,1500,1500,1500,1500,1500,1500,1500,1500,1500,1500,1500,8.4
2026-08-17,33:57.0,0,-2,-1024,0,0,-1024,952,-1,-1,-1,-1,-1,-1,-1,-1,-1,-1,-1,-1,0x0000000000000000,1500,1499,1000,1500,988,988,988,988,988,988,1500,988,1500,1500,1500,1500,1500,1500,1500,1500,1500,1500,1500,1500,1500,1500,1500,1500,1500,1500,1500,1500,8.4
2026-08-17,33:57.1,0,-2,-1024,0,0,-1024,952,-1,-1,-1,-1,-1,-1,-1,-1,-1,-1,-1,-1,0x0000000000000000,1500,1499,1000,1500,988,988,988,988,988,988,1500,988,1500,1500,1500,1500,1500,1500,1500,1500,1500,1500,1500,1500,1500,1500,1500,1500,1500,1500,1500,1500,8.4
2026-08-17,33:57.2,0,-2,-1024,0,0,-1024,952,-1,-1,-1,-1,-1,-1,-1,-1,-1,-1,-1,-1,0x0000000000000000,1500,1499,1000,1500,988,988,988,988,988,988,1500,988,1500,1500,1500,1500,1500,1500,1500,1500,1500,1500,1500,1500,1500,1500,1500,1500,1500,1500,1500,1500,8.4
2026-08-17,33:57.3,0,-1,-1024,0,0,-1024,952,-1,-1,-1,-1,-1,-1,-1,-1,-1,-1,-1,-1,0x0000000000000000,1500,1500,1000,1500,988,988,988,988,988,988,1500,988,1500,1500,1500,1500,1500,1500,1500,1500,1500,1500,1500,1500,1500,1500,1500,1500,1500,1500,1500,1500,8.4
2026-08-17,33:57.4,0,-2,-1024,0,-1,-1024,952,-1,-1,-1,-1,-1,-1,-1,-1,-1,-1,-1,-1,0x0000000000000000,1500,1499,1000,1500,988,988,988,988,988,988,1500,988,1500,1500,1500,1500,1500,1500,1500,1500,1500,1500,1500,1500,1500,1500,1500,1500,1500,1500,1500,1500,8.4
2026-08-17,33:57.5,0,-2,-1024,0,0,-1024,952,-1,-1,-1,-1,-1,-1,-1,-1,-1,-1,-1,-1,0x0000000000000000,1500,1499,1000,1500,988,988,988,988,988,988,1500,988,1500,1500,1500,1500,1500,1500,1500,1500,1500,1500,1500,1500,1500,1500,1500,1500,1500,1500,1500,1500,8.4
2026-08-17,33:57.6,0,-2,-1024,0,0,-1024,952,-1,-1,-1,-1,-1,-1,-1,-1,-1,-1,-1,-1,0x0000000000000000,1500,1499,1000,1500,988,988,988,988,988,988,1500,988,1500,1500,1500,1500,1500,1500,1500,1500,1500,1500,1500,1500,1500,1500,1500,1500,1500,1500,1500,1500,8.4
2026-08-17,33:57.7,0,-2,-1024,0,0,-1024,952,-1,-1,-1,-1,-1,-1,-1,-1,-1,-1,-1,-1,0x0000000000000000,1500,1499,1000,1500,988,988,988,988,988,988,1500,988,1500,1500,1500,1500,1500,1500,1500,1500,1500,1500,1500,1500,1500,1500,1500,1500,1500,1500,1500,1500,8.4
2026-08-17,33:57.8,0,-2,-1024,0,0,-1024,952,-1,-1,-1,-1,-1,-1,-1,-1,-1,-1,-1,-1,0x0000000000000000,1500,1499,1000,1500,988,988,988,988,988,988,1500,988,1500,1500,1500,1500,1500,1500,1500,1500,1500,1500,1500,1500,1500,1500,1500,1500,1500,1500,1500,1500,8.4
2026-08-17,33:57.9,0,-2,-1024,0,0,-1024,952,-1,-1,-1,-1,-1,-1,-1,-1,-1,-1,-1,-1,0x0000000000000000,1500,1499,1000,1500,988,988,988,988,988,988,1500,988,1500,1500,1500,1500,1500,1500,1500,1500,1500,1500,1500,1500,1500,1500,1500,1500,1500,1500,1500,1500,8.4
2026-08-17,33:58.0,0,-2,-1024,0,0,-1024,952,-1,-1,-1,-1,-1,-1,-1,-1,-1,-1,-1,-1,0x0000000000000000,1500,1499,1000,1500,988,988,988,988,988,988,1500,988,1500,1500,1500,1500,1500,1500,1500,1500,1500,1500,1500,1500,1500,1500,1500,1500,1500,1500,1500,1500,8.4
2026-08-17,33:58.1,0,-2,-1024,0,0,-1024,952,-1,-1,-1,-1,-1,-1,-1,-1,-1,-1,-1,-1,0x0000000000000000,1500,1499,1000,1500,988,988,988,988,988,988,1500,988,1500,1500,1500,1500,1500,1500,1500,1500,1500,1500,1500,1500,1500,1500,1500,1500,1500,1500,1500,1500,8.4
2026-08-17,33:58.2,0,-2,-1024,0,-1,-1024,952,-1,-1,-1,-1,-1,-1,-1,-1,-1,-1,-1,-1,0x0000000000000000,1500,1499,1000,1500,988,988,988,988,988,988,1500,988,1500,1500,1500,1500,1500,1500,1500,1500,1500,1500,1500,1500,1500,1500,1500,1500,1500,1500,1500,1500,8.4
2026-08-17,33:58.3,0,-2,-1024,0,-1,-1024,952,-1,-1,-1,-1,-1,-1,-1,-1,-1,-1,-1,-1,0x0000000000000000,1500,1499,1000,1500,988,988,988,988,988,988,1500,988,1500,1500,1500,1500,1500,1500,1500,1500,1500,1500,1500,1500,1500,1500,1500,1500,1500,1500,1500,1500,8.4
2026-08-17,33:58.4,0,-2,-1024,0,0,-1024,952,-1,-1,-1,-1,-1,-1,-1,-1,-1,-1,-1,-1,0x0000000000000000,1500,1499,1000,1500,988,988,988,988,988,988,1500,988,1500,1500,1500,1500,1500,1500,1500,1500,1500,1500,1500,1500,1500,1500,1500,1500,1500,1500,1500,1500,8.4
2026-08-17,33:58.5,0,-2,-1024,0,0,-1024,952,-1,-1,-1,-1,-1,-1,-1,-1,-1,-1,-1,-1,0x0000000000000000,1500,1499,1000,1500,988,988,988,988,988,988,1500,988,1500,1500,1500,1500,1500,1500,1500,1500,1500,1500,1500,1500,1500,1500,1500,1500,1500,1500,1500,1500,8.4
2026-08-17,33:58.6,0,-2,-1024,0,0,-1024,952,-1,-1,-1,-1,-1,-1,-1,-1,-1,-1,-1,-1,0x0000000000000000,1500,1499,1000,1500,988,988,988,988,988,988,1500,988,1500,1500,1500,1500,1500,1500,1500,1500,1500,1500,1500,1500,1500,1500,1500,1500,1500,1500,1500,1500,8.4
2026-08-17,33:58.7,0,-2,-1024,0,0,-1024,952,-1,-1,-1,-1,-1,-1,-1,-1,-1,-1,-1,-1,0x0000000000000000,1500,1499,1000,1500,988,988,988,988,988,988,1500,988,1500,1500,1500,1500,1500,1500,1500,1500,1500,1500,1500,1500,1500,1500,1500,1500,1500,1500,1500,1500,8.4
2026-08-17,33:58.8,0,-2,-1024,0,0,-1024,952,-1,-1,-1,-1,1,-1,-1,-1,-1,-1,-1,-1,0x0000000000000000,1500,1499,1000,1500,988,988,988,988,2012,988,1500,988,1500,1500,1500,1500,1500,1500,1500,1500,1500,1500,1500,1500,1500,1500,1500,1500,1500,1500,1500,1500,8.4
2026-08-17,33:58.9,0,-2,-1024,0,-1,-1024,952,-1,-1,-1,-1,1,-1,-1,-1,-1,-1,-1,-1,0x0000000000000000,1500,1499,1000,1500,988,988,988,988,2012,988,1500,988,1500,1500,1500,1500,1500,1500,1500,1500,1500,1500,1500,1500,1500,1500,1500,1500,1500,1500,1500,1500,8.4
2026-08-17,33:59.0,0,-2,-1024,0,0,-1024,952,-1,-1,-1,-1,1,-1,-1,-1,-1,-1,-1,-1,0x0000000000000000,1500,1499,1000,1500,988,988,988,988,2012,988,1500,988,1500,1500,1500,1500,1500,1500,1500,1500,1500,1500,1500,1500,1500,1500,1500,1500,1500,1500,1500,1500,8.4
2026-08-17,33:59.1,0,-2,-1024,0,0,-1024,952,-1,-1,-1,-1,1,-1,-1,-1,-1,-1,-1,-1,0x0000000000000000,1500,1499,1000,1500,988,988,988,988,2012,988,1500,988,1500,1500,1500,1500,1500,1500,1500,1500,1500,1500,1500,1500,1500,1500,1500,1500,1500,1500,1500,1500,8.4
2026-08-17,33:59.2,0,-2,-1024,0,0,-1024,952,-1,-1,-1,-1,1,-1,-1,-1,-1,-1,-1,-1,0x0000000000000000,1500,1499,1000,1500,988,988,988,988,2012,988,1500,988,1500,1500,1500,1500,1500,1500,1500,1500,1500,1500,1500,1500,1500,1500,1500,1500,1500,1500,1500,1500,8.4
2026-08-17,33:59.3,0,-2,-1024,0,-1,-1024,952,-1,-1,-1,-1,1,-1,-1,-1,-1,-1,-1,-1,0x0000000000000000,1500,1499,1000,1500,988,988,988,988,2012,988,1500,988,1500,1500,1500,1500,1500,1500,1500,1500,1500,1500,1500,1500,1500,1500,1500,1500,1500,1500,1500,1500,8.4
2026-08-17,33:59.4,0,-2,-1024,0,0,-1024,952,-1,-1,1,-1,1,-1,-1,-1,-1,-1,-1,-1,0x0000000000000000,1500,1499,1000,1500,2012,988,988,988,2012,988,1500,988,1500,1500,1500,1500,1500,1500,1500,1500,1500,1500,1500,1500,1500,1500,1500,1500,1500,1500,1500,1500,8.4
2026-08-17,33:59.5,0,-2,-1024,0,0,-1024,952,-1,-1,1,-1,-1,-1,-1,-1,-1,-1,-1,-1,0x0000000000000000,1500,1499,1000,1500,2012,988,988,988,988,988,1500,988,1500,1500,1500,1500,1500,1500,1500,1500,1500,1500,1500,1500,1500,1500,1500,1500,1500,1500,1500,1500,8.4
2026-08-17,33:59.6,0,-2,-1024,0,0,-1024,952,-1,-1,1,-1,-1,-1,-1,-1,-1,-1,-1,-1,0x0000000000000000,1500,1499,1000,1500,2012,988,988,988,988,988,1500,988,1500,1500,1500,1500,1500,1500,1500,1500,1500,1500,1500,1500,1500,1500,1500,1500,1500,1500,1500,1500,8.4
2026-08-17,33:59.7,0,-2,-1024,0,0,-1024,952,-1,-1,1,-1,-1,-1,-1,-1,-1,-1,-1,-1,0x0000000000000000,1500,1499,1000,1500,2012,988,988,988,988,988,1500,988,1500,1500,1500,1500,1500,1500,1500,1500,1500,1500,1500,1500,1500,1500,1500,1500,1500,1500,1500,1500,8.4
2026-08-17,33:59.8,0,-1,-1024,0,0,-1024,952,-1,-1,1,-1,-1,-1,-1,-1,-1,-1,-1,-1,0x0000000000000000,1500,1500,1000,1500,2012,988,988,988,988,988,1500,988,1500,1500,1500,1500,1500,1500,1500,1500,1500,1500,1500,1500,1500,1500,1500,1500,1500,1500,1500,1500,8.4
2026-08-17,33:59.9,0,-1,-1024,0,0,-1024,952,-1,-1,1,-1,-1,-1,-1,-1,-1,-1,-1,-1,0x0000000000000000,1500,1500,1000,1500,2012,988,988,988,988,988,1500,988,1500,1500,1500,1500,1500,1500,1500,1500,1500,1500,1500,1500,1500,1500,1500,1500,1500,1500,1500,1500,8.4
2026-08-17,34:00.0,0,-2,-1024,0,0,-1024,952,-1,-1,1,-1,-1,-1,-1,-1,-1,-1,-1,-1,0x0000000000000000,1500,1499,1000,1500,2012,988,988,988,988,988,1500,988,1500,1500,1500,1500,1500,1500,1500,1500,1500,1500,1500,1500,1500,1500,1500,1500,1500,1500,1500,1500,8.4
2026-08-17,34:00.1,0,-2,-1024,0,0,-1024,952,-1,-1,1,-1,-1,-1,-1,-1,-1,-1,-1,-1,0x0000000000000000,1500,1499,1000,1500,2012,988,988,988,988,988,1500,988,1500,1500,1500,1500,1500,1500,1500,1500,1500,1500,1500,1500,1500,1500,1500,1500,1500,1500,1500,1500,8.4
2026-08-17,34:00.2,0,-2,-1024,0,-1,-1024,952,-1,-1,1,-1,-1,-1,-1,-1,-1,-1,-1,-1,0x0000000000000000,1500,1499,1000,1500,2012,988,988,988,988,988,1500,988,1500,1500,1500,1500,1500,1500,1500,1500,1500,1500,1500,1500,1500,1500,1500,1500,1500,1500,1500,1500,8.4
2026-08-17,34:00.3,0,-1,-1024,0,0,-1024,952,-1,-1,1,-1,-1,-1,-1,-1,-1,-1,-1,-1,0x0000000000000000,1500,1500,1000,1500,2012,988,988,988,988,988,1500,988,1500,1500,1500,1500,1500,1500,1500,1500,1500,1500,1500,1500,1500,1500,1500,1500,1500,1500,1500,1500,8.4
2026-08-17,34:00.4,0,-2,-1024,0,0,-1024,952,-1,-1,1,-1,-1,-1,-1,-1,-1,-1,-1,-1,0x0000000000000000,1500,1499,1000,1500,2012,988,988,988,988,988,1500,988,1500,1500,1500,1500,1500,1500,1500,1500,1500,1500,1500,1500,1500,1500,1500,1500,1500,1500,1500,1500,8.4
2026-08-17,34:00.5,0,-2,-1024,0,0,-1024,952,-1,-1,1,-1,-1,-1,-1,-1,-1,-1,-1,-1,0x0000000000000000,1500,1499,1000,1500,2012,988,988,988,988,988,1500,988,1500,1500,1500,1500,1500,1500,1500,1500,1500,1500,1500,1500,1500,1500,1500,1500,1500,1500,1500,1500,8.4
2026-08-17,34:00.6,0,-2,-1024,0,0,-1024,952,-1,-1,1,-1,-1,-1,-1,-1,-1,-1,-1,-1,0x0000000000000000,1500,1499,1000,1500,2012,988,988,988,988,988,1500,988,1500,1500,1500,1500,1500,1500,1500,1500,1500,1500,1500,1500,1500,1500,1500,1500,1500,1500,1500,1500,8.4
2026-08-17,34:00.7,0,-2,-1024,0,-1,-1024,951,-1,-1,1,-1,-1,-1,-1,-1,-1,-1,-1,-1,0x0000000000000000,1500,1499,1000,1500,2012,988,988,988,988,988,1500,988,1500,1500,1500,1500,1500,1500,1500,1500,1500,1500,1500,1500,1500,1500,1500,1500,1500,1500,1500,1500,8.4
2026-08-17,34:00.8,0,-1,-1024,0,0,-1024,952,-1,-1,1,-1,-1,-1,-1,-1,-1,-1,-1,-1,0x0000000000000000,1500,1500,1000,1500,2012,988,988,988,988,988,1500,988,1500,1500,1500,1500,1500,1500,1500,1500,1500,1500,1500,1500,1500,1500,1500,1500,1500,1500,1500,1500,8.4
2026-08-17,34:00.9,0,-1,-1024,0,0,-1024,952,-1,-1,1,-1,-1,-1,-1,-1,-1,-1,-1,-1,0x0000000000000000,1500,1500,1000,1500,2012,988,988,988,988,988,1500,988,1500,1500,1500,1500,1500,1500,1500,1500,1500,1500,1500,1500,1500,1500,1500,1500,1500,1500,1500,1500,8.4
2026-08-17,34:01.0,0,-2,-1024,0,0,-1024,952,-1,-1,1,-1,-1,-1,-1,-1,-1,-1,-1,-1,0x0000000000000000,1500,1499,1000,1500,2012,988,988,988,988,988,1500,988,1500,1500,1500,1500,1500,1500,1500,1500,1500,1500,1500,1500,1500,1500,1500,1500,1500,1500,1500,1500,8.4
2026-08-17,34:01.1,0,-2,-1024,-1,0,-1024,952,-1,-1,1,-1,-1,-1,-1,-1,-1,-1,-1,-1,0x0000000000000000,1500,1499,1000,1500,2012,988,988,988,988,988,1500,988,1500,1500,1500,1500,1500,1500,1500,1500,1500,1500,1500,1500,1500,1500,1500,1500,1500,1500,1500,1500,8.4
2026-08-17,34:01.2,0,-2,-1024,0,0,-1024,952,-1,-1,1,-1,-1,-1,-1,-1,-1,-1,-1,-1,0x0000000000000000,1500,1499,1000,1500,2012,988,988,988,988,988,1500,988,1500,1500,1500,1500,1500,1500,1500,1500,1500,1500,1500,1500,1500,1500,1500,1500,1500,1500,1500,1500,8.4
2026-08-17,34:01.3,0,-2,-1024,0,0,-1024,952,-1,-1,1,-1,-1,-1,-1,-1,-1,-1,-1,-1,0x0000000000000000,1500,1499,1000,1500,2012,988,988,988,988,988,1500,988,1500,1500,1500,1500,1500,1500,1500,1500,1500,1500,1500,1500,1500,1500,1500,1500,1500,1500,1500,1500,8.4
2026-08-17,34:01.4,0,-2,-1024,0,0,-1024,952,-1,-1,1,-1,-1,-1,-1,-1,-1,-1,-1,-1,0x0000000000000000,1500,1499,1000,1500,2012,988,988,988,988,988,1500,988,1500,1500,1500,1500,1500,1500,1500,1500,1500,1500,1500,1500,1500,1500,1500,1500,1500,1500,1500,1500,8.4
2026-08-17,34:01.5,0,-2,-1024,0,0,-1024,952,-1,-1,1,-1,-1,-1,-1,-1,-1,-1,-1,-1,0x0000000000000000,1500,1499,1000,1500,2012,988,988,988,988,988,1500,988,1500,1500,1500,1500,1500,1500,1500,1500,1500,1500,1500,1500,1500,1500,1500,1500,1500,1500,1500,1500,8.4
2026-08-17,34:01.6,0,-2,-1024,0,0,-1024,951,-1,-1,1,-1,-1,-1,-1,-1,-1,-1,-1,-1,0x0000000000000000,1500,1499,1000,1500,2012,988,988,988,988,988,1500,988,1500,1500,1500,1500,1500,1500,1500,1500,1500,1500,1500,1500,1500,1500,1500,1500,1500,1500,1500,1500,8.4
2026-08-17,34:01.7,0,-2,-1024,0,0,-1024,952,-1,-1,1,-1,-1,-1,-1,-1,-1,-1,-1,-1,0x0000000000000000,1500,1499,1000,1500,2012,988,988,988,988,988,1500,988,1500,1500,1500,1500,1500,1500,1500,1500,1500,1500,1500,1500,1500,1500,1500,1500,1500,1500,1500,1500,8.4
2026-08-17,34:01.8,0,-2,-1024,0,-1,-1024,952,-1,-1,1,-1,-1,-1,-1,-1,-1,-1,-1,-1,0x0000000000000000,1500,1499,1000,1500,2012,988,988,988,988,988,1500,988,1500,1500,1500,1500,1500,1500,1500,1500,1500,1500,1500,1500,1500,1500,1500,1500,1500,1500,1500,1500,8.4
2026-08-17,34:01.9,0,-2,-1024,0,0,-1024,952,-1,-1,1,-1,-1,-1,-1,-1,-1,-1,-1,-1,0x0000000000000000,1500,1499,1000,1500,2012,988,988,988,988,988,1500,988,1500,1500,1500,1500,1500,1500,1500,1500,1500,1500,1500,1500,1500,1500,1500,1500,1500,1500,1500,1500,8.4
2026-08-17,34:02.0,0,-2,-1024,0,0,-1024,952,-1,-1,1,-1,-1,-1,-1,-1,-1,-1,-1,-1,0x0000000000000000,1500,1499,1000,1500,2012,988,988,988,988,988,1500,988,1500,1500,1500,1500,1500,1500,1500,1500,1500,1500,1500,1500,1500,1500,1500,1500,1500,1500,1500,1500,8.4
2026-08-17,34:02.1,0,-2,-1024,0,0,-1024,952,-1,-1,1,-1,-1,-1,-1,-1,-1,-1,-1,-1,0x0000000000000000,1500,1499,1000,1500,2012,988,988,988,988,988,1500,988,1500,1500,1500,1500,1500,1500,1500,1500,1500,1500,1500,1500,1500,1500,1500,1500,1500,1500,1500,1500,8.4
2026-08-17,34:02.2,0,-2,-1024,0,0,-1024,952,-1,-1,1,-1,-1,-1,-1,-1,-1,-1,-1,-1,0x0000000000000000,1500,1499,1000,1500,2012,988,988,988,988,988,1500,988,1500,1500,1500,1500,1500,1500,1500,1500,1500,1500,1500,1500,1500,1500,1500,1500,1500,1500,1500,1500,8.4
2026-08-17,34:02.3,0,-3,-1024,-2,-1,-1024,951,-1,-1,1,-1,-1,-1,-1,-1,-1,-1,-1,-1,0x0000000000000000,1500,1499,1000,1500,2012,988,988,988,988,988,1500,988,1500,1500,1500,1500,1500,1500,1500,1500,1500,1500,1500,1500,1500,1500,1500,1500,1500,1500,1500,1500,8.4
2026-08-17,34:02.4,0,-5,-1024,-2,0,-1024,952,-1,-1,1,-1,-1,-1,-1,-1,-1,-1,-1,-1,0x0000000000000000,1500,1498,1000,1500,2012,988,988,988,988,988,1500,988,1500,1500,1500,1500,1500,1500,1500,1500,1500,1500,1500,1500,1500,1500,1500,1500,1500,1500,1500,1500,8.4
2026-08-17,34:02.5,0,-27,-1024,-1,0,-1024,952,-1,-1,1,-1,-1,-1,-1,-1,-1,-1,-1,-1,0x0000000000000000,1500,1487,1000,1500,2012,988,988,988,988,988,1500,988,1500,1500,1500,1500,1500,1500,1500,1500,1500,1500,1500,1500,1500,1500,1500,1500,1500,1500,1500,1500,8.4
2026-08-17,34:02.6,0,-85,-1024,0,0,-1024,952,-1,-1,1,-1,-1,-1,-1,-1,-1,-1,-1,-1,0x0000000000000000,1500,1459,1000,1500,2012,988,988,988,988,988,1500,988,1500,1500,1500,1500,1500,1500,1500,1500,1500,1500,1500,1500,1500,1500,1500,1500,1500,1500,1500,1500,8.4
2026-08-17,34:02.7,0,-203,-1024,3,0,-1024,952,-1,-1,1,-1,-1,-1,-1,-1,-1,-1,-1,-1,0x0000000000000000,1502,1401,1000,1500,2012,988,988,988,988,988,1500,988,1500,1500,1500,1500,1500,1500,1500,1500,1500,1500,1500,1500,1500,1500,1500,1500,1500,1500,1500,1500,8.4
2026-08-17,34:02.8,0,1,-1024,1,0,-1024,952,-1,-1,1,-1,-1,-1,-1,-1,-1,-1,-1,-1,0x0000000000000000,1501,1500,1000,1500,2012,988,988,988,988,988,1500,988,1500,1500,1500,1500,1500,1500,1500,1500,1500,1500,1500,1500,1500,1500,1500,1500,1500,1500,1500,1500,8.4
2026-08-17,34:02.9,0,-1,-1024,0,0,-1024,952,-1,-1,1,-1,-1,-1,-1,-1,-1,-1,-1,-1,0x0000000000000000,1500,1500,1000,1500,2012,988,988,988,988,988,1500,988,1500,1500,1500,1500,1500,1500,1500,1500,1500,1500,1500,1500,1500,1500,1500,1500,1500,1500,1500,1500,8.4
2026-08-17,34:03.0,0,-2,-1024,0,0,-1024,952,-1,-1,1,-1,-1,-1,-1,-1,-1,-1,-1,-1,0x0000000000000000,1500,1499,1000,1500,2012,988,988,988,988,988,1500,988,1500,1500,1500,1500,1500,1500,1500,1500,1500,1500,1500,1500,1500,1500,1500,1500,1500,1500,1500,1500,8.4
2026-08-17,34:03.1,0,-2,-1024,0,0,-1024,952,-1,-1,1,-1,-1,-1,-1,-1,-1,-1,-1,-1,0x0000000000000000,1500,1499,1000,1500,2012,988,988,988,988,988,1500,988,1500,1500,1500,1500,1500,1500,1500,1500,1500,1500,1500,1500,1500,1500,1500,1500,1500,1500,1500,1500,8.4
2026-08-17,34:03.2,0,-2,-1024,0,0,-1024,952,-1,-1,1,-1,-1,-1,-1,-1,-1,-1,-1,-1,0x0000000000000000,1500,1499,1000,1500,2012,988,988,988,988,988,1500,988,1500,1500,1500,1500,1500,1500,1500,1500,1500,1500,1500,1500,1500,1500,1500,1500,1500,1500,1500,1500,8.4
2026-08-17,34:03.3,0,-1,-1024,0,0,-1024,952,-1,-1,1,-1,-1,-1,-1,-1,-1,-1,-1,-1,0x0000000000000000,1500,1500,1000,1500,2012,988,988,988,988,988,1500,988,1500,1500,1500,1500,1500,1500,1500,1500,1500,1500,1500,1500,1500,1500,1500,1500,1500,1500,1500,1500,8.4
2026-08-17,34:03.4,0,-2,-1024,0,0,-1024,952,-1,-1,1,-1,-1,-1,-1,-1,-1,-1,-1,-1,0x0000000000000000,1500,1499,1000,1500,2012,988,988,988,988,988,1500,988,1500,1500,1500,1500,1500,1500,1500,1500,1500,1500,1500,1500,1500,1500,1500,1500,1500,1500,1500,1500,8.4
2026-08-17,34:03.5,0,1,-886,-1,0,-1024,952,-1,-1,1,-1,-1,-1,-1,-1,-1,-1,-1,-1,0x0000000000000000,1500,1500,1067,1500,2012,988,988,988,988,988,1500,988,1500,1500,1500,1500,1500,1500,1500,1500,1500,1500,1500,1500,1500,1500,1500,1500,1500,1500,1500,1500,8.4
2026-08-17,34:03.6,0,178,83,-4,0,-1024,952,-1,-1,1,-1,-1,-1,-1,-1,-1,-1,-1,-1,0x0000000000000000,1499,1587,1540,1500,2012,988,988,988,988,988,1500,988,1500,1500,1500,1500,1500,1500,1500,1500,1500,1500,1500,1500,1500,1500,1500,1500,1500,1500,1500,1500,8.4
2026-08-17,34:03.7,0,282,139,-9,0,-1024,952,-1,-1,1,-1,-1,-1,-1,-1,-1,-1,-1,-1,0x0000000000000000,1496,1637,1568,1500,2012,988,988,988,988,988,1500,988,1500,1500,1500,1500,1500,1500,1500,1500,1500,1500,1500,1500,1500,1500,1500,1500,1500,1500,1500,1500,8.4
2026-08-17,34:03.8,0,386,-19,-37,0,-1024,952,-1,-1,1,-1,-1,-1,-1,-1,-1,-1,-1,-1,0x0000000000000000,1483,1688,1491,1500,2012,988,988,988,988,988,1500,988,1500,1500,1500,1500,1500,1500,1500,1500,1500,1500,1500,1500,1500,1500,1500,1500,1500,1500,1500,1500,8.4
2026-08-17,34:03.9,0,454,-179,-5,0,-1024,952,-1,-1,1,-1,-1,-1,-1,-1,-1,-1,-1,-1,0x0000000000000000,1498,1721,1413,1500,2012,988,988,988,988,988,1500,988,1500,1500,1500,1500,1500,1500,1500,1500,1500,1500,1500,1500,1500,1500,1500,1500,1500,1500,1500,1500,8.4
2026-08-17,34:04.0,0,210,-213,-4,0,-1024,952,-1,-1,1,-1,-1,-1,-1,-1,-1,-1,-1,-1,0x0000000000000000,1499,1602,1396,1500,2012,988,988,988,988,988,1500,988,1500,1500,1500,1500,1500,1500,1500,1500,1500,1500,1500,1500,1500,1500,1500,1500,1500,1500,1500,1500,8.4
2026-08-17,34:04.1,0,2,-285,-4,0,-1024,952,-1,-1,1,-1,-1,-1,-1,-1,-1,-1,-1,-1,0x0000000000000000,1499,1501,1361,1500,2012,988,988,988,988,988,1500,988,1500,1500,1500,1500,1500,1500,1500,1500,1500,1500,1500,1500,1500,1500,1500,1500,1500,1500,1500,1500,8.3
2026-08-17,34:04.2,0,-93,-354,0,0,-1024,952,-1,-1,1,-1,-1,-1,-1,-1,-1,-1,-1,-1,0x0000000000000000,1500,1455,1327,1500,2012,988,988,988,988,988,1500,988,1500,1500,1500,1500,1500,1500,1500,1500,1500,1500,1500,1500,1500,1500,1500,1500,1500,1500,1500,1500,8.3
2026-08-17,34:04.3,0,-45,-354,1,0,-1024,952,-1,-1,1,-1,-1,-1,-1,-1,-1,-1,-1,-1,0x0000000000000000,1501,1478,1327,1500,2012,988,988,988,988,988,1500,988,1500,1500,1500,1500,1500,1500,1500,1500,1500,1500,1500,1500,1500,1500,1500,1500,1500,1500,1500,1500,8.3
2026-08-17,34:04.4,0,12,-379,-1,0,-1024,952,-1,-1,1,-1,-1,-1,-1,-1,-1,-1,-1,-1,0x0000000000000000,1500,1506,1315,1500,2012,988,988,988,988,988,1500,988,1500,1500,1500,1500,1500,1500,1500,1500,1500,1500,1500,1500,1500,1500,1500,1500,1500,1500,1500,1500,8.3
2026-08-17,34:04.5,-42,123,-550,-1,0,-1024,952,-1,-1,1,-1,-1,-1,-1,-1,-1,-1,-1,-1,0x0000000000000000,1500,1560,1231,1480,2012,988,988,988,988,988,1500,988,1500,1500,1500,1500,1500,1500,1500,1500,1500,1500,1500,1500,1500,1500,1500,1500,1500,1500,1500,1500,8.3
2026-08-17,34:04.6,-198,184,-559,0,0,-1024,952,-1,-1,1,-1,-1,-1,-1,-1,-1,-1,-1,-1,0x0000000000000000,1500,1590,1227,1403,2012,988,988,988,988,988,1500,988,1500,1500,1500,1500,1500,1500,1500,1500,1500,1500,1500,1500,1500,1500,1500,1500,1500,1500,1500,1500,8.3
2026-08-17,34:04.7,-207,174,-298,-2,0,-1024,952,-1,-1,1,-1,-1,-1,-1,-1,-1,-1,-1,-1,0x0000000000000000,1500,1585,1355,1399,2012,988,988,988,988,988,1500,988,1500,1500,1500,1500,1500,1500,1500,1500,1500,1500,1500,1500,1500,1500,1500,1500,1500,1500,1500,1500,8.3
2026-08-17,34:04.8,-98,103,-378,-35,0,-1024,952,-1,-1,1,-1,-1,-1,-1,-1,-1,-1,-1,-1,0x0000000000000000,1484,1550,1315,1452,2012,988,988,988,988,988,1500,988,1500,1500,1500,1500,1500,1500,1500,1500,1500,1500,1500,1500,1500,1500,1500,1500,1500,1500,1500,1500,8.3
2026-08-17,34:04.9,0,19,-17,-58,0,-1024,952,-1,-1,1,-1,-1,-1,-1,-1,-1,-1,-1,-1,0x0000000000000000,1472,1509,1492,1500,2012,988,988,988,988,988,1500,988,1500,1500,1500,1500,1500,1500,1500,1500,1500,1500,1500,1500,1500,1500,1500,1500,1500,1500,1500,1500,8.3
2026-08-17,34:05.0,0,-18,351,-17,0,-1024,952,-1,-1,1,-1,-1,-1,-1,-1,-1,-1,-1,-1,0x0000000000000000,1492,1491,1671,1500,2012,988,988,988,988,988,1500,988,1500,1500,1500,1500,1500,1500,1500,1500,1500,1500,1500,1500,1500,1500,1500,1500,1500,1500,1500,1500,8.3
2026-08-17,34:05.1,0,-2,-264,-60,0,-1024,952,-1,-1,1,-1,-1,-1,-1,-1,-1,-1,-1,-1,0x0000000000000000,1471,1499,1371,1500,2012,988,988,988,988,988,1500,988,1500,1500,1500,1500,1500,1500,1500,1500,1500,1500,1500,1500,1500,1500,1500,1500,1500,1500,1500,1500,8.3
2026-08-17,34:05.2,0,-1,-891,-64,0,-1024,952,-1,-1,1,-1,-1,-1,-1,-1,-1,-1,-1,-1,0x0000000000000000,1469,1500,1065,1500,2012,988,988,988,988,988,1500,988,1500,1500,1500,1500,1500,1500,1500,1500,1500,1500,1500,1500,1500,1500,1500,1500,1500,1500,1500,1500,8.3
2026-08-17,34:05.3,-1,-1,-918,-87,0,-1024,952,-1,-1,1,-1,-1,-1,-1,-1,-1,-1,-1,-1,0x0000000000000000,1458,1500,1052,1500,2012,988,988,988,988,988,1500,988,1500,1500,1500,1500,1500,1500,1500,1500,1500,1500,1500,1500,1500,1500,1500,1500,1500,1500,1500,1500,8.3
2026-08-17,34:05.4,-108,-2,-773,-169,0,-1024,952,-1,-1,1,-1,-1,-1,-1,-1,-1,-1,-1,-1,0x0000000000000000,1418,1499,1122,1447,2012,988,988,988,988,988,1500,988,1500,1500,1500,1500,1500,1500,1500,1500,1500,1500,1500,1500,1500,1500,1500,1500,1500,1500,1500,1500,8.3
2026-08-17,34:05.5,-133,-66,-734,-225,0,-1024,952,-1,-1,1,-1,-1,-1,-1,-1,-1,-1,-1,-1,0x0000000000000000,1391,1468,1141,1435,2012,988,988,988,988,988,1500,988,1500,1500,1500,1500,1500,1500,1500,1500,1500,1500,1500,1500,1500,1500,1500,1500,1500,1500,1500,1500,8.3
2026-08-17,34:05.6,-191,-109,-721,-133,0,-1024,951,-1,-1,1,-1,-1,-1,-1,-1,-1,-1,-1,-1,0x0000000000000000,1436,1447,1148,1407,2012,988,988,988,988,988,1500,988,1500,1500,1500,1500,1500,1500,1500,1500,1500,1500,1500,1500,1500,1500,1500,1500,1500,1500,1500,1500,8.3
2026-08-17,34:05.7,-214,-83,-719,-64,0,-1024,952,-1,-1,1,-1,-1,-1,-1,-1,-1,-1,-1,-1,0x0000000000000000,1469,1460,1149,1396,2012,988,988,988,988,988,1500,988,1500,1500,1500,1500,1500,1500,1500,1500,1500,1500,1500,1500,1500,1500,1500,1500,1500,1500,1500,1500,8.3
2026-08-17,34:05.8,-170,-67,-486,-107,0,-1024,952,-1,-1,1,-1,-1,-1,-1,-1,-1,-1,-1,-1,0x0000000000000000,1448,1468,1263,1417,2012,988,988,988,988,988,1500,988,1500,1500,1500,1500,1500,1500,1500,1500,1500,1500,1500,1500,1500,1500,1500,1500,1500,1500,1500,1500,8.3
2026-08-17,34:05.9,-159,-87,-74,-108,0,-1024,952,-1,-1,1,-1,-1,-1,-1,-1,-1,-1,-1,-1,0x0000000000000000,1448,1458,1464,1423,2012,988,988,988,988,988,1500,988,1500,1500,1500,1500,1500,1500,1500,1500,1500,1500,1500,1500,1500,1500,1500,1500,1500,1500,1500,1500,8.3
2026-08-17,34:06.0,-159,-1,118,-2,0,-1024,952,-1,-1,1,-1,-1,-1,-1,-1,-1,-1,-1,-1,0x0000000000000000,1500,1500,1557,1423,2012,988,988,988,988,988,1500,988,1500,1500,1500,1500,1500,1500,1500,1500,1500,1500,1500,1500,1500,1500,1500,1500,1500,1500,1500,1500,8.3
2026-08-17,34:06.1,-276,93,-102,-175,0,-1024,952,-1,-1,1,-1,-1,-1,-1,-1,-1,-1,-1,-1,0x0000000000000000,1415,1545,1450,1365,2012,988,988,988,988,988,1500,988,1500,1500,1500,1500,1500,1500,1500,1500,1500,1500,1500,1500,1500,1500,1500,1500,1500,1500,1500,1500,8.3
2026-08-17,34:06.2,-283,127,-606,-451,0,-1024,952,-1,-1,1,-1,-1,-1,-1,-1,-1,-1,-1,-1,0x0000000000000000,1280,1562,1204,1362,2012,988,988,988,988,988,1500,988,1500,1500,1500,1500,1500,1500,1500,1500,1500,1500,1500,1500,1500,1500,1500,1500,1500,1500,1500,1500,8.3
2026-08-17,34:06.3,-205,186,-789,-330,0,-1024,952,-1,-1,1,-1,-1,-1,-1,-1,-1,-1,-1,-1,0x0000000000000000,1339,1591,1115,1400,2012,988,988,988,988,988,1500,988,1500,1500,1500,1500,1500,1500,1500,1500,1500,1500,1500,1500,1500,1500,1500,1500,1500,1500,1500,1500,8.3
2026-08-17,34:06.4,-113,124,-499,-260,0,-1024,952,-1,-1,1,-1,-1,-1,-1,-1,-1,-1,-1,-1,0x0000000000000000,1374,1560,1256,1445,2012,988,988,988,988,988,1500,988,1500,1500,1500,1500,1500,1500,1500,1500,1500,1500,1500,1500,1500,1500,1500,1500,1500,1500,1500,1500,8.3
2026-08-17,34:06.5,-225,2,-205,-278,0,-1024,952,-1,-1,1,-1,-1,-1,-1,-1,-1,-1,-1,-1,0x0000000000000000,1365,1501,1400,1390,2012,988,988,988,988,988,1500,988,1500,1500,1500,1500,1500,1500,1500,1500,1500,1500,1500,1500,1500,1500,1500,1500,1500,1500,1500,1500,8.3
2026-08-17,34:06.6,-210,-25,-172,-248,0,-1024,952,-1,-1,1,-1,-1,-1,-1,-1,-1,-1,-1,-1,0x0000000000000000,1379,1488,1416,1398,2012,988,988,988,988,988,1500,988,1500,1500,1500,1500,1500,1500,1500,1500,1500,1500,1500,1500,1500,1500,1500,1500,1500,1500,1500,1500,8.3
2026-08-17,34:06.7,-65,-33,-198,-157,0,-1024,951,-1,-1,1,-1,-1,-1,-1,-1,-1,-1,-1,-1,0x0000000000000000,1424,1484,1403,1468,2012,988,988,988,988,988,1500,988,1500,1500,1500,1500,1500,1500,1500,1500,1500,1500,1500,1500,1500,1500,1500,1500,1500,1500,1500,1500,8.3
2026-08-17,34:06.8,-216,-2,-295,-60,0,-1024,952,-1,-1,1,-1,-1,-1,-1,-1,-1,-1,-1,-1,0x0000000000000000,1471,1499,1356,1395,2012,988,988,988,988,988,1500,988,1500,1500,1500,1500,1500,1500,1500,1500,1500,1500,1500,1500,1500,1500,1500,1500,1500,1500,1500,1500,8.3
2026-08-17,34:06.9,-179,-2,-401,-111,0,-1024,952,-1,-1,1,-1,-1,-1,-1,-1,-1,-1,-1,-1,0x0000000000000000,1446,1499,1304,1413,2012,988,988,988,988,988,1500,988,1500,1500,1500,1500,1500,1500,1500,1500,1500,1500,1500,1500,1500,1500,1500,1500,1500,1500,1500,1500,8.3
2026-08-17,34:07.0,-169,-11,-436,-77,0,-1024,952,-1,-1,1,-1,-1,-1,-1,-1,-1,-1,-1,-1,0x0000000000000000,1463,1495,1287,1418,2012,988,988,988,988,988,1500,988,1500,1500,1500,1500,1500,1500,1500,1500,1500,1500,1500,1500,1500,1500,1500,1500,1500,1500,1500,1500,8.3
2026-08-17,34:07.1,-181,0,-443,-133,0,-1024,952,-1,-1,1,-1,-1,-1,-1,-1,-1,-1,-1,-1,0x0000000000000000,1436,1500,1284,1412,2012,988,988,988,988,988,1500,988,1500,1500,1500,1500,1500,1500,1500,1500,1500,1500,1500,1500,1500,1500,1500,1500,1500,1500,1500,1500,8.3
2026-08-17,34:07.2,-203,55,-371,-241,0,-1024,952,-1,-1,1,-1,-1,-1,-1,-1,-1,-1,-1,-1,0x0000000000000000,1383,1527,1319,1401,2012,988,988,988,988,988,1500,988,1500,1500,1500,1500,1500,1500,1500,1500,1500,1500,1500,1500,1500,1500,1500,1500,1500,1500,1500,1500,8.3
2026-08-17,34:07.3,-66,73,-565,-144,0,-1024,952,-1,-1,1,-1,-1,-1,-1,-1,-1,-1,-1,-1,0x0000000000000000,1430,1535,1224,1468,2012,988,988,988,988,988,1500,988,1500,1500,1500,1500,1500,1500,1500,1500,1500,1500,1500,1500,1500,1500,1500,1500,1500,1500,1500,1500,8.3
2026-08-17,34:07.4,-47,1,-628,-38,0,-1024,952,-1,-1,1,-1,-1,-1,-1,-1,-1,-1,-1,-1,0x0000000000000000,1482,1500,1193,1477,2012,988,988,988,988,988,1500,988,1500,1500,1500,1500,1500,1500,1500,1500,1500,1500,1500,1500,1500,1500,1500,1500,1500,1500,1500,1500,8.3
2026-08-17,34:07.5,-51,-46,-400,-75,0,-1024,952,-1,-1,1,-1,-1,-1,-1,-1,-1,-1,-1,-1,0x0000000000000000,1464,1478,1305,1475,2012,988,988,988,988,988,1500,988,1500,1500,1500,1500,1500,1500,1500,1500,1500,1500,1500,1500,1500,1500,1500,1500,1500,1500,1500,1500,8.3
2026-08-17,34:07.6,-134,-94,-270,-127,0,-1024,952,-1,-1,1,-1,-1,-1,-1,-1,-1,-1,-1,-1,0x0000000000000000,1439,1454,1368,1435,2012,988,988,988,988,988,1500,988,1500,1500,1500,1500,1500,1500,1500,1500,1500,1500,1500,1500,1500,1500,1500,1500,1500,1500,1500,1500,8.3
2026-08-17,34:07.7,-103,-106,-253,-49,0,-1024,952,-1,-1,1,-1,-1,-1,-1,-1,-1,-1,-1,-1,0x0000000000000000,1477,1448,1377,1450,2012,988,988,988,988,988,1500,988,1500,1500,1500,1500,1500,1500,1500,1500,1500,1500,1500,1500,1500,1500,1500,1500,1500,1500,1500,1500,8.3
2026-08-17,34:07.8,-92,-87,-197,-4,0,-1024,952,-1,-1,1,-1,-1,-1,-1,-1,-1,-1,-1,-1,0x0000000000000000,1499,1458,1404,1455,2012,988,988,988,988,988,1500,988,1500,1500,1500,1500,1500,1500,1500,1500,1500,1500,1500,1500,1500,1500,1500,1500,1500,1500,1500,1500,8.3
2026-08-17,34:07.9,-82,-55,-8,-3,0,-1024,952,-1,-1,1,-1,-1,-1,-1,-1,-1,-1,-1,-1,0x0000000000000000,1499,1473,1496,1460,2012,988,988,988,988,988,1500,988,1500,1500,1500,1500,1500,1500,1500,1500,1500,1500,1500,1500,1500,1500,1500,1500,1500,1500,1500,1500,8.3
2026-08-17,34:08.0,-101,-123,269,-105,0,-1024,952,-1,-1,1,-1,-1,-1,-1,-1,-1,-1,-1,-1,0x0000000000000000,1449,1440,1631,1451,2012,988,988,988,988,988,1500,988,1500,1500,1500,1500,1500,1500,1500,1500,1500,1500,1500,1500,1500,1500,1500,1500,1500,1500,1500,1500,8.3
2026-08-17,34:08.1,-73,-170,673,-164,0,-1024,952,-1,-1,1,-1,-1,-1,-1,-1,-1,-1,-1,-1,0x0000000000000000,1421,1417,1828,1465,2012,988,988,988,988,988,1500,988,1500,1500,1500,1500,1500,1500,1500,1500,1500,1500,1500,1500,1500,1500,1500,1500,1500,1500,1500,1500,8.3
2026-08-17,34:08.2,-38,-153,985,-138,0,-1024,952,-1,-1,1,-1,-1,-1,-1,-1,-1,-1,-1,-1,0x0000000000000000,1433,1425,1981,1482,2012,988,988,988,988,988,1500,988,1500,1500,1500,1500,1500,1500,1500,1500,1500,1500,1500,1500,1500,1500,1500,1500,1500,1500,1500,1500,8.3
2026-08-17,34:08.3,-19,-143,1023,-140,0,-1024,951,-1,-1,1,-1,-1,-1,-1,-1,-1,-1,-1,-1,0x0000000000000000,1432,1430,1999,1491,2012,988,988,988,988,988,1500,988,1500,1500,1500,1500,1500,1500,1500,1500,1500,1500,1500,1500,1500,1500,1500,1500,1500,1500,1500,1500,8.3
2026-08-17,34:08.4,-35,-107,1023,-219,0,-1024,952,-1,-1,1,-1,-1,-1,-1,-1,-1,-1,-1,-1,0x0000000000000000,1394,1448,1999,1483,2012,988,988,988,988,988,1500,988,1500,1500,1500,1500,1500,1500,1500,1500,1500,1500,1500,1500,1500,1500,1500,1500,1500,1500,1500,1500,8.3
2026-08-17,34:08.5,-1,-79,764,-194,0,-1024,952,-1,-1,1,-1,-1,-1,-1,-1,-1,-1,-1,-1,0x0000000000000000,1406,1462,1873,1500,2012,988,988,988,988,988,1500,988,1500,1500,1500,1500,1500,1500,1500,1500,1500,1500,1500,1500,1500,1500,1500,1500,1500,1500,1500,1500,8.3
2026-08-17,34:08.6,0,-68,195,-188,0,-1024,952,-1,-1,1,-1,-1,-1,-1,-1,-1,-1,-1,-1,0x0000000000000000,1409,1467,1595,1500,2012,988,988,988,988,988,1500,988,1500,1500,1500,1500,1500,1500,1500,1500,1500,1500,1500,1500,1500,1500,1500,1500,1500,1500,1500,1500,8.3
2026-08-17,34:08.7,-15,-79,-938,-274,0,-1024,952,-1,-1,1,-1,-1,-1,-1,-1,-1,-1,-1,-1,0x0000000000000000,1367,1462,1042,1493,2012,988,988,988,988,988,1500,988,1500,1500,1500,1500,1500,1500,1500,1500,1500,1500,1500,1500,1500,1500,1500,1500,1500,1500,1500,1500,8.3
2026-08-17,34:08.8,-156,-214,-1024,-820,0,-1024,952,-1,-1,1,-1,-1,-1,-1,-1,-1,-1,-1,-1,0x0000000000000000,1094,1390,1000,1424,2012,988,988,988,988,988,1500,988,1500,1500,1500,1500,1500,1500,1500,1500,1500,1500,1500,1500,1500,1500,1500,1500,1500,1500,1500,1500,8.3
2026-08-17,34:08.9,-297,-348,-1024,-819,0,-1024,952,-1,-1,1,-1,-1,-1,-1,-1,-1,-1,-1,-1,0x0000000000000000,1100,1330,1000,1355,2012,988,988,988,988,988,1500,988,1500,1500,1500,1500,1500,1500,1500,1500,1500,1500,1500,1500,1500,1500,1500,1500,1500,1500,1500,1500,8.3
2026-08-17,34:09.0,-365,-267,-1024,-629,0,-1024,952,-1,-1,1,-1,-1,-1,-1,-1,-1,-1,-1,-1,0x0000000000000000,1193,1370,1000,1322,2012,988,988,988,988,988,1500,988,1500,1500,1500,1500,1500,1500,1500,1500,1500,1500,1500,1500,1500,1500,1500,1500,1500,1500,1500,1500,8.3
2026-08-17,34:09.1,-345,-293,-1024,-606,0,-1024,952,-1,-1,1,-1,-1,-1,-1,-1,-1,-1,-1,-1,0x0000000000000000,1204,1357,1000,1332,2012,988,988,988,988,988,1500,988,1500,1500,1500,1500,1500,1500,1500,1500,1500,1500,1500,1500,1500,1500,1500,1500,1500,1500,1500,1500,8.3
2026-08-17,34:09.2,-276,-157,-1024,-191,0,-1024,952,-1,-1,1,-1,-1,-1,-1,-1,-1,-1,-1,-1,0x0000000000000000,1407,1424,1000,1365,2012,988,988,988,988,988,1500,988,1500,1500,1500,1500,1500,1500,1500,1500,1500,1500,1500,1500,1500,1500,1500,1500,1500,1500,1500,1500,8.3
2026-08-17,34:09.3,-1,-101,-922,-4,0,-1024,952,-1,-1,1,-1,-1,-1,-1,-1,-1,-1,-1,-1,0x0000000000000000,1499,1451,1050,1500,2012,988,988,988,988,988,1500,988,1500,1500,1500,1500,1500,1500,1500,1500,1500,1500,1500,1500,1500,1500,1500,1500,1500,1500,1500,1500,8.3
2026-08-17,34:09.4,-48,-91,-615,-2,0,-1024,952,-1,-1,1,-1,-1,-1,-1,-1,-1,-1,-1,-1,0x0000000000000000,1500,1456,1200,1477,2012,988,988,988,988,988,1500,988,1500,1500,1500,1500,1500,1500,1500,1500,1500,1500,1500,1500,1500,1500,1500,1500,1500,1500,1500,1500,8.3
2026-08-17,34:09.5,-153,-54,-419,-69,0,-1024,952,-1,-1,1,-1,-1,-1,-1,-1,-1,-1,-1,-1,0x0000000000000000,1467,1474,1295,1425,2012,988,988,988,988,988,1500,988,1500,1500,1500,1500,1500,1500,1500,1500,1500,1500,1500,1500,1500,1500,1500,1500,1500,1500,1500,1500,8.3
2026-08-17,34:09.6,-10,-100,-315,-8,0,-1024,952,-1,-1,1,-1,-1,-1,-1,-1,-1,-1,-1,-1,0x0000000000000000,1497,1451,1346,1495,2012,988,988,988,988,988,1500,988,1500,1500,1500,1500,1500,1500,1500,1500,1500,1500,1500,1500,1500,1500,1500,1500,1500,1500,1500,1500,8.3
2026-08-17,34:09.7,0,-223,-55,-2,0,-1024,952,-1,-1,1,-1,-1,-1,-1,-1,-1,-1,-1,-1,0x0000000000000000,1500,1391,1473,1500,2012,988,988,988,988,988,1500,988,1500,1500,1500,1500,1500,1500,1500,1500,1500,1500,1500,1500,1500,1500,1500,1500,1500,1500,1500,1500,8.3
2026-08-17,34:09.8,-126,-262,-26,-43,0,-1024,952,-1,-1,1,-1,-1,-1,-1,-1,-1,-1,-1,-1,0x0000000000000000,1480,1372,1488,1439,2012,988,988,988,988,988,1500,988,1500,1500,1500,1500,1500,1500,1500,1500,1500,1500,1500,1500,1500,1500,1500,1500,1500,1500,1500,1500,8.3
2026-08-17,34:09.9,-20,-174,-411,-71,0,-1024,952,-1,-1,1,-1,-1,-1,-1,-1,-1,-1,-1,-1,0x0000000000000000,1466,1415,1299,1490,2012,988,988,988,988,988,1500,988,1500,1500,1500,1500,1500,1500,1500,1500,1500,1500,1500,1500,1500,1500,1500,1500,1500,1500,1500,1500,8.3
2026-08-17,34:10.0,-1,-158,-783,-46,0,-1024,952,-1,-1,1,-1,-1,-1,-1,-1,-1,-1,-1,-1,0x0000000000000000,1478,1423,1118,1500,2012,988,988,988,988,988,1500,988,1500,1500,1500,1500,1500,1500,1500,1500,1500,1500,1500,1500,1500,1500,1500,1500,1500,1500,1500,1500,8.3
2026-08-17,34:10.1,-60,-217,-901,-157,0,-1024,952,-1,-1,1,-1,-1,-1,-1,-1,-1,-1,-1,-1,0x0000000000000000,1424,1394,1060,1471,2012,988,988,988,988,988,1500,988,1500,1500,1500,1500,1500,1500,1500,1500,1500,1500,1500,1500,1500,1500,1500,1500,1500,1500,1500,1500,8.3
2026-08-17,34:10.2,-148,-234,-910,-234,0,-1024,952,-1,-1,1,-1,-1,-1,-1,-1,-1,-1,-1,-1,0x0000000000000000,1386,1386,1055,1428,2012,988,988,988,988,988,1500,988,1500,1500,1500,1500,1500,1500,1500,1500,1500,1500,1500,1500,1500,1500,1500,1500,1500,1500,1500,1500,8.3
2026-08-17,34:10.3,-115,-152,-956,1,0,-1024,952,-1,-1,1,-1,-1,-1,-1,-1,-1,-1,-1,-1,0x0000000000000000,1501,1426,1033,1444,2012,988,988,988,988,988,1500,988,1500,1500,1500,1500,1500,1500,1500,1500,1500,1500,1500,1500,1500,1500,1500,1500,1500,1500,1500,1500,8.3
2026-08-17,34:10.4,-88,-43,-1024,0,0,-1024,952,-1,-1,1,-1,-1,-1,-1,-1,-1,-1,-1,-1,0x0000000000000000,1500,1479,1000,1457,2012,988,988,988,988,988,1500,988,1500,1500,1500,1500,1500,1500,1500,1500,1500,1500,1500,1500,1500,1500,1500,1500,1500,1500,1500,1500,8.3
2026-08-17,34:10.5,-48,-7,-694,0,0,-1024,952,-1,-1,1,-1,-1,-1,-1,-1,-1,-1,-1,-1,0x0000000000000000,1500,1497,1161,1477,2012,988,988,988,988,988,1500,988,1500,1500,1500,1500,1500,1500,1500,1500,1500,1500,1500,1500,1500,1500,1500,1500,1500,1500,1500,1500,8.3
2026-08-17,34:10.6,-20,-106,-552,2,0,-1024,952,-1,-1,1,-1,-1,-1,-1,-1,-1,-1,-1,-1,0x0000000000000000,1501,1448,1230,1490,2012,988,988,988,988,988,1500,988,1500,1500,1500,1500,1500,1500,1500,1500,1500,1500,1500,1500,1500,1500,1500,1500,1500,1500,1500,1500,8.3
2026-08-17,34:10.7,-3,-193,-371,6,0,-1024,952,-1,-1,1,-1,-1,-1,-1,-1,-1,-1,-1,-1,0x0000000000000000,1503,1406,1319,1499,2012,988,988,988,988,988,1500,988,1500,1500,1500,1500,1500,1500,1500,1500,1500,1500,1500,1500,1500,1500,1500,1500,1500,1500,1500,1500,8.3
2026-08-17,34:10.8,0,-260,-212,9,0,-1024,952,-1,-1,1,-1,-1,-1,-1,-1,-1,-1,-1,-1,0x0000000000000000,1505,1373,1397,1500,2012,988,988,988,988,988,1500,988,1500,1500,1500,1500,1500,1500,1500,1500,1500,1500,1500,1500,1500,1500,1500,1500,1500,1500,1500,1500,8.3
2026-08-17,34:10.9,0,-272,-162,7,0,-1024,952,-1,-1,1,-1,-1,-1,-1,-1,-1,-1,-1,-1,0x0000000000000000,1504,1368,1421,1500,2012,988,988,988,988,988,1500,988,1500,1500,1500,1500,1500,1500,1500,1500,1500,1500,1500,1500,1500,1500,1500,1500,1500,1500,1500,1500,8.3
2026-08-17,34:11.0,-1,-174,-154,3,0,-1024,952,-1,-1,1,-1,-1,-1,-1,-1,-1,-1,-1,-1,0x0000000000000000,1502,1415,1425,1500,2012,988,988,988,988,988,1500,988,1500,1500,1500,1500,1500,1500,1500,1500,1500,1500,1500,1500,1500,1500,1500,1500,1500,1500,1500,1500,8.3
2026-08-17,34:11.1,-49,-185,-271,-1,0,-1024,952,-1,-1,1,-1,-1,-1,-1,-1,-1,-1,-1,-1,0x0000000000000000,1500,1410,1368,1476,2012,988,988,988,988,988,1500,988,1500,1500,1500,1500,1500,1500,1500,1500,1500,1500,1500,1500,1500,1500,1500,1500,1500,1500,1500,1500,8.3
2026-08-17,34:11.2,-47,-390,-376,-1,0,-1024,952,-1,-1,1,-1,-1,-1,-1,-1,-1,-1,-1,-1,0x0000000000000000,1500,1310,1316,1477,2012,988,988,988,988,988,1500,988,1500,1500,1500,1500,1500,1500,1500,1500,1500,1500,1500,1500,1500,1500,1500,1500,1500,1500,1500,1500,8.3
2026-08-17,34:11.3,-1,-313,-90,8,0,-1024,952,-1,-1,1,-1,-1,-1,-1,-1,-1,-1,-1,-1,0x0000000000000000,1504,1347,1456,1500,2012,988,988,988,988,988,1500,988,1500,1500,1500,1500,1500,1500,1500,1500,1500,1500,1500,1500,1500,1500,1500,1500,1500,1500,1500,1500,8.3
2026-08-17,34:11.4,0,-219,-193,281,0,-1024,952,-1,-1,1,-1,-1,-1,-1,-1,-1,-1,-1,-1,0x0000000000000000,1637,1393,1406,1500,2012,988,988,988,988,988,1500,988,1500,1500,1500,1500,1500,1500,1500,1500,1500,1500,1500,1500,1500,1500,1500,1500,1500,1500,1500,1500,8.3
2026-08-17,34:11.5,0,-57,-585,9,0,-1024,952,-1,-1,1,-1,-1,-1,-1,-1,-1,-1,-1,-1,0x0000000000000000,1505,1472,1214,1500,2012,988,988,988,988,988,1500,988,1500,1500,1500,1500,1500,1500,1500,1500,1500,1500,1500,1500,1500,1500,1500,1500,1500,1500,1500,1500,8.3
2026-08-17,34:11.6,-74,-134,54,-202,0,-1024,952,-1,-1,1,-1,-1,-1,-1,-1,-1,-1,-1,-1,0x0000000000000000,1402,1435,1526,1464,2012,988,988,988,988,988,1500,988,1500,1500,1500,1500,1500,1500,1500,1500,1500,1500,1500,1500,1500,1500,1500,1500,1500,1500,1500,1500,8.3
2026-08-17,34:11.7,-77,-148,248,-173,0,-1024,952,-1,-1,1,-1,-1,-1,-1,-1,-1,-1,-1,-1,0x0000000000000000,1416,1428,1621,1463,2012,988,988,988,988,988,1500,988,1500,1500,1500,1500,1500,1500,1500,1500,1500,1500,1500,1500,1500,1500,1500,1500,1500,1500,1500,1500,8.3
2026-08-17,34:11.8,-35,-173,369,-95,0,-1024,952,-1,-1,1,-1,-1,-1,-1,-1,-1,-1,-1,-1,0x0000000000000000,1454,1416,1680,1483,2012,988,988,988,988,988,1500,988,1500,1500,1500,1500,1500,1500,1500,1500,1500,1500,1500,1500,1500,1500,1500,1500,1500,1500,1500,1500,8.3
2026-08-17,34:11.9,-1,-98,528,-35,0,-1024,952,-1,-1,1,-1,-1,-1,-1,-1,-1,-1,-1,-1,0x0000000000000000,1484,1452,1758,1500,2012,988,988,988,988,988,1500,988,1500,1500,1500,1500,1500,1500,1500,1500,1500,1500,1500,1500,1500,1500,1500,1500,1500,1500,1500,1500,8.3
2026-08-17,34:12.0,-1,-3,349,-3,0,-1024,952,-1,-1,1,-1,-1,-1,-1,-1,-1,-1,-1,-1,0x0000000000000000,1499,1499,1670,1500,2012,988,988,988,988,988,1500,988,1500,1500,1500,1500,1500,1500,1500,1500,1500,1500,1500,1500,1500,1500,1500,1500,1500,1500,1500,1500,8.3
2026-08-17,34:12.1,0,-2,232,13,0,-1024,952,-1,-1,1,-1,-1,-1,-1,-1,-1,-1,-1,-1,0x0000000000000000,1507,1499,1613,1500,2012,988,988,988,988,988,1500,988,1500,1500,1500,1500,1500,1500,1500,1500,1500,1500,1500,1500,1500,1500,1500,1500,1500,1500,1500,1500,8.4
2026-08-17,34:12.2,0,-232,517,5,0,-1024,952,-1,-1,1,-1,-1,-1,-1,-1,-1,-1,-1,-1,0x0000000000000000,1503,1387,1752,1500,2012,988,988,988,988,988,1500,988,1500,1500,1500,1500,1500,1500,1500,1500,1500,1500,1500,1500,1500,1500,1500,1500,1500,1500,1500,1500,8.4
2026-08-17,34:12.3,0,-362,757,5,0,-1024,952,-1,-1,1,-1,-1,-1,-1,-1,-1,-1,-1,-1,0x0000000000000000,1503,1323,1869,1500,2012,988,988,988,988,988,1500,988,1500,1500,1500,1500,1500,1500,1500,1500,1500,1500,1500,1500,1500,1500,1500,1500,1500,1500,1500,1500,8.4
2026-08-17,34:12.4,0,-513,1024,6,-1,-1024,952,-1,-1,1,-1,-1,-1,-1,-1,-1,-1,-1,-1,0x0000000000000000,1503,1250,2000,1500,2012,988,988,988,988,988,1500,988,1500,1500,1500,1500,1500,1500,1500,1500,1500,1500,1500,1500,1500,1500,1500,1500,1500,1500,1500,1500,8.4
2026-08-17,34:12.5,0,-524,1024,4,0,-1024,952,-1,-1,1,-1,-1,-1,-1,-1,-1,-1,-1,-1,0x0000000000000000,1502,1244,2000,1500,2012,988,988,988,988,988,1500,988,1500,1500,1500,1500,1500,1500,1500,1500,1500,1500,1500,1500,1500,1500,1500,1500,1500,1500,1500,1500,8.4
2026-08-17,34:12.6,0,-583,1024,6,0,-1024,952,-1,-1,1,-1,-1,-1,-1,-1,-1,-1,-1,-1,0x0000000000000000,1503,1215,2000,1500,2012,988,988,988,988,988,1500,988,1500,1500,1500,1500,1500,1500,1500,1500,1500,1500,1500,1500,1500,1500,1500,1500,1500,1500,1500,1500,8.4
2026-08-17,34:12.7,1,-673,1024,7,0,-1024,952,-1,-1,1,-1,-1,-1,-1,-1,-1,-1,-1,-1,0x0000000000000000,1504,1171,2000,1500,2012,988,988,988,988,988,1500,988,1500,1500,1500,1500,1500,1500,1500,1500,1500,1500,1500,1500,1500,1500,1500,1500,1500,1500,1500,1500,8.4
2026-08-17,34:12.8,0,-754,767,8,0,-1024,952,-1,-1,1,-1,-1,-1,-1,-1,-1,-1,-1,-1,0x0000000000000000,1504,1132,1874,1500,2012,988,988,988,988,988,1500,988,1500,1500,1500,1500,1500,1500,1500,1500,1500,1500,1500,1500,1500,1500,1500,1500,1500,1500,1500,1500,8.4
2026-08-17,34:12.9,34,-872,-1024,7,0,-1024,952,-1,-1,1,-1,-1,-1,-1,-1,-1,-1,-1,-1,0x0000000000000000,1504,1074,1000,1516,2012,988,988,988,988,988,1500,988,1500,1500,1500,1500,1500,1500,1500,1500,1500,1500,1500,1500,1500,1500,1500,1500,1500,1500,1500,1500,8.4
2026-08-17,34:13.0,0,-794,-1024,2,0,-1024,952,-1,-1,1,-1,-1,-1,-1,-1,-1,-1,-1,-1,0x0000000000000000,1501,1112,1000,1500,2012,988,988,988,988,988,1500,988,1500,1500,1500,1500,1500,1500,1500,1500,1500,1500,1500,1500,1500,1500,1500,1500,1500,1500,1500,1500,8.4
2026-08-17,34:13.1,-39,-621,-1024,2,0,-1024,952,-1,-1,1,-1,-1,-1,-1,-1,-1,-1,-1,-1,0x0000000000000000,1501,1197,1000,1481,2012,988,988,988,988,988,1500,988,1500,1500,1500,1500,1500,1500,1500,1500,1500,1500,1500,1500,1500,1500,1500,1500,1500,1500,1500,1500,8.4
2026-08-17,34:13.2,-20,-570,-1024,3,0,-1024,952,-1,-1,1,-1,-1,-1,-1,-1,-1,-1,-1,-1,0x0000000000000000,1502,1222,1000,1490,2012,988,988,988,988,988,1500,988,1500,1500,1500,1500,1500,1500,1500,1500,1500,1500,1500,1500,1500,1500,1500,1500,1500,1500,1500,1500,8.4
2026-08-17,34:13.3,-53,-405,-1024,5,0,-1024,952,-1,-1,1,-1,-1,-1,-1,-1,-1,-1,-1,-1,0x0000000000000000,1503,1302,1000,1474,2012,988,988,988,988,988,1500,988,1500,1500,1500,1500,1500,1500,1500,1500,1500,1500,1500,1500,1500,1500,1500,1500,1500,1500,1500,1500,8.4
2026-08-17,34:13.4,-33,-271,-1024,4,0,-1024,952,-1,-1,1,-1,-1,-1,-1,-1,-1,-1,-1,-1,0x0000000000000000,1502,1368,1000,1484,2012,988,988,988,988,988,1500,988,1500,1500,1500,1500,1500,1500,1500,1500,1500,1500,1500,1500,1500,1500,1500,1500,1500,1500,1500,1500,8.4
2026-08-17,34:13.5,-81,-250,-1024,46,0,-1024,952,-1,-1,1,-1,-1,-1,-1,-1,-1,-1,-1,-1,0x0000000000000000,1523,1378,1000,1461,2012,988,988,988,988,988,1500,988,1500,1500,1500,1500,1500,1500,1500,1500,1500,1500,1500,1500,1500,1500,1500,1500,1500,1500,1500,1500,8.4
2026-08-17,34:13.6,-127,-36,-1024,628,0,-1024,952,-1,-1,1,-1,-1,-1,-1,-1,-1,-1,-1,-1,0x0000000000000000,1807,1483,1000,1438,2012,988,988,988,988,988,1500,988,1500,1500,1500,1500,1500,1500,1500,1500,1500,1500,1500,1500,1500,1500,1500,1500,1500,1500,1500,1500,8.4
2026-08-17,34:13.7,-153,-2,-1024,850,-1,-1024,952,-1,-1,1,-1,-1,-1,-1,-1,-1,-1,-1,-1,0x0000000000000000,1915,1499,1000,1425,2012,988,988,988,988,988,1500,988,1500,1500,1500,1500,1500,1500,1500,1500,1500,1500,1500,1500,1500,1500,1500,1500,1500,1500,1500,1500,8.4
2026-08-17,34:13.8,-176,2,-1024,902,-1,-1024,952,-1,-1,1,-1,-1,-1,-1,-1,-1,-1,-1,-1,0x0000000000000000,1940,1501,1000,1414,2012,988,988,988,988,988,1500,988,1500,1500,1500,1500,1500,1500,1500,1500,1500,1500,1500,1500,1500,1500,1500,1500,1500,1500,1500,1500,8.4
2026-08-17,34:13.9,-148,1,-1024,880,0,-1024,952,-1,-1,1,-1,-1,-1,-1,-1,-1,-1,-1,-1,0x0000000000000000,1930,1500,1000,1428,2012,988,988,988,988,988,1500,988,1500,1500,1500,1500,1500,1500,1500,1500,1500,1500,1500,1500,1500,1500,1500,1500,1500,1500,1500,1500,8.4
2026-08-17,34:14.0,-107,-1,-1024,818,0,-1024,952,-1,-1,1,-1,-1,-1,-1,-1,-1,-1,-1,-1,0x0000000000000000,1899,1500,1000,1448,2012,988,988,988,988,988,1500,988,1500,1500,1500,1500,1500,1500,1500,1500,1500,1500,1500,1500,1500,1500,1500,1500,1500,1500,1500,1500,8.4
2026-08-17,34:14.1,-111,-4,-1024,945,0,-1024,952,-1,-1,1,-1,-1,-1,-1,-1,-1,-1,-1,-1,0x0000000000000000,1961,1498,1000,1446,2012,988,988,988,988,988,1500,988,1500,1500,1500,1500,1500,1500,1500,1500,1500,1500,1500,1500,1500,1500,1500,1500,1500,1500,1500,1500,8.4
2026-08-17,34:14.2,-73,-8,-1024,1023,0,-1024,952,-1,-1,1,-1,-1,-1,-1,-1,-1,-1,-1,-1,0x0000000000000000,1999,1496,1000,1465,2012,988,988,988,988,988,1500,988,1500,1500,1500,1500,1500,1500,1500,1500,1500,1500,1500,1500,1500,1500,1500,1500,1500,1500,1500,1500,8.4
2026-08-17,34:14.3,-14,-6,-1024,874,0,-1024,952,-1,-1,1,-1,-1,-1,-1,-1,-1,-1,-1,-1,0x0000000000000000,1927,1497,1000,1493,2012,988,988,988,988,988,1500,988,1500,1500,1500,1500,1500,1500,1500,1500,1500,1500,1500,1500,1500,1500,1500,1500,1500,1500,1500,1500,8.4
2026-08-17,34:14.4,-1,-48,-1024,703,0,-1024,952,-1,-1,1,-1,-1,-1,-1,-1,-1,-1,-1,-1,0x0000000000000000,1837,1477,1000,1500,2012,988,988,988,988,988,1500,988,1500,1500,1500,1500,1500,1500,1500,1500,1500,1500,1500,1500,1500,1500,1500,1500,1500,1500,1500,1500,8.4
2026-08-17,34:14.5,0,-49,-1013,473,0,-1024,952,-1,-1,1,-1,-1,-1,-1,-1,-1,-1,-1,-1,0x0000000000000000,1731,1476,1005,1500,2012,988,988,988,988,988,1500,988,1500,1500,1500,1500,1500,1500,1500,1500,1500,1500,1500,1500,1500,1500,1500,1500,1500,1500,1500,1500,8.4
2026-08-17,34:14.6,0,-40,-925,481,0,-1024,952,-1,-1,1,-1,-1,-1,-1,-1,-1,-1,-1,-1,0x0000000000000000,1735,1481,1048,1500,2012,988,988,988,988,988,1500,988,1500,1500,1500,1500,1500,1500,1500,1500,1500,1500,1500,1500,1500,1500,1500,1500,1500,1500,1500,1500,8.4
2026-08-17,34:14.7,0,0,-910,504,0,-1024,952,-1,-1,1,-1,-1,-1,-1,-1,-1,-1,-1,-1,0x0000000000000000,1746,1500,1055,1500,2012,988,988,988,988,988,1500,988,1500,1500,1500,1500,1500,1500,1500,1500,1500,1500,1500,1500,1500,1500,1500,1500,1500,1500,1500,1500,8.4
2026-08-17,34:14.8,0,164,-910,552,0,-1024,952,-1,-1,1,-1,-1,-1,-1,-1,-1,-1,-1,-1,0x0000000000000000,1770,1585,1055,1500,2012,988,988,988,988,988,1500,988,1500,1500,1500,1500,1500,1500,1500,1500,1500,1500,1500,1500,1500,1500,1500,1500,1500,1500,1500,1500,8.4
2026-08-17,34:14.9,0,291,-1012,538,0,-1024,952,-1,-1,1,-1,-1,-1,-1,-1,-1,-1,-1,-1,0x0000000000000000,1763,1642,1006,1500,2012,988,988,988,988,988,1500,988,1500,1500,1500,1500,1500,1500,1500,1500,1500,1500,1500,1500,1500,1500,1500,1500,1500,1500,1500,1500,8.4
2026-08-17,34:15.0,0,283,-784,371,0,-1024,952,-1,-1,1,-1,-1,-1,-1,-1,-1,-1,-1,-1,0x0000000000000000,1681,1638,1117,1500,2012,988,988,988,988,988,1500,988,1500,1500,1500,1500,1500,1500,1500,1500,1500,1500,1500,1500,1500,1500,1500,1500,1500,1500,1500,1500,8.4
2026-08-17,34:15.1,-1,263,-354,240,0,-1024,952,-1,-1,1,-1,-1,-1,-1,-1,-1,-1,-1,-1,0x0000000000000000,1617,1628,1327,1500,2012,988,988,988,988,988,1500,988,1500,1500,1500,1500,1500,1500,1500,1500,1500,1500,1500,1500,1500,1500,1500,1500,1500,1500,1500,1500,8.4
2026-08-17,34:15.2,0,244,235,195,0,-1024,952,-1,-1,1,-1,-1,-1,-1,-1,-1,-1,-1,-1,0x0000000000000000,1595,1619,1614,1500,2012,988,988,988,988,988,1500,988,1500,1500,1500,1500,1500,1500,1500,1500,1500,1500,1500,1500,1500,1500,1500,1500,1500,1500,1500,1500,8.4
2026-08-17,34:15.3,0,184,719,200,0,-1024,952,-1,-1,1,-1,-1,-1,-1,-1,-1,-1,-1,-1,0x0000000000000000,1598,1590,1851,1500,2012,988,988,988,988,988,1500,988,1500,1500,1500,1500,1500,1500,1500,1500,1500,1500,1500,1500,1500,1500,1500,1500,1500,1500,1500,1500,8.4
2026-08-17,34:15.4,0,52,809,263,0,-1024,952,-1,-1,1,-1,-1,-1,-1,-1,-1,-1,-1,-1,0x0000000000000000,1629,1525,1895,1500,2012,988,988,988,988,988,1500,988,1500,1500,1500,1500,1500,1500,1500,1500,1500,1500,1500,1500,1500,1500,1500,1500,1500,1500,1500,1500,8.4
2026-08-17,34:15.5,-1,26,550,225,0,-1024,952,-1,-1,1,-1,-1,-1,-1,-1,-1,-1,-1,-1,0x0000000000000000,1610,1512,1768,1500,2012,988,988,988,988,988,1500,988,1500,1500,1500,1500,1500,1500,1500,1500,1500,1500,1500,1500,1500,1500,1500,1500,1500,1500,1500,1500,8.4
2026-08-17,34:15.6,-4,4,-121,151,0,-1024,952,-1,-1,1,-1,-1,-1,-1,-1,-1,-1,-1,-1,0x0000000000000000,1574,1502,1441,1498,2012,988,988,988,988,988,1500,988,1500,1500,1500,1500,1500,1500,1500,1500,1500,1500,1500,1500,1500,1500,1500,1500,1500,1500,1500,1500,8.4
2026-08-17,34:15.7,0,1,-700,131,0,-1024,952,-1,-1,1,-1,-1,-1,-1,-1,-1,-1,-1,-1,0x0000000000000000,1564,1500,1158,1500,2012,988,988,988,988,988,1500,988,1500,1500,1500,1500,1500,1500,1500,1500,1500,1500,1500,1500,1500,1500,1500,1500,1500,1500,1500,1500,8.4
2026-08-17,34:15.8,0,0,-751,127,0,-1024,952,-1,-1,1,-1,-1,-1,-1,-1,-1,-1,-1,-1,0x0000000000000000,1562,1500,1133,1500,2012,988,988,988,988,988,1500,988,1500,1500,1500,1500,1500,1500,1500,1500,1500,1500,1500,1500,1500,1500,1500,1500,1500,1500,1500,1500,8.4
2026-08-17,34:15.9,-83,0,-199,127,0,-1024,952,-1,-1,1,-1,-1,-1,-1,-1,-1,-1,-1,-1,0x0000000000000000,1562,1500,1403,1460,2012,988,988,988,988,988,1500,988,1500,1500,1500,1500,1500,1500,1500,1500,1500,1500,1500,1500,1500,1500,1500,1500,1500,1500,1500,1500,8.4
2026-08-17,34:16.0,-146,63,-56,106,0,-1024,952,-1,-1,1,-1,-1,-1,-1,-1,-1,-1,-1,-1,0x0000000000000000,1552,1531,1473,1429,2012,988,988,988,988,988,1500,988,1500,1500,1500,1500,1500,1500,1500,1500,1500,1500,1500,1500,1500,1500,1500,1500,1500,1500,1500,1500,8.4
2026-08-17,34:16.1,-249,110,-22,91,0,-1024,952,-1,-1,1,-1,-1,-1,-1,-1,-1,-1,-1,-1,0x0000000000000000,1545,1553,1489,1379,2012,988,988,988,988,988,1500,988,1500,1500,1500,1500,1500,1500,1500,1500,1500,1500,1500,1500,1500,1500,1500,1500,1500,1500,1500,1500,8.4
2026-08-17,34:16.2,-223,-1,-227,58,0,-1024,952,-1,-1,1,-1,-1,-1,-1,-1,-1,-1,-1,-1,0x0000000000000000,1529,1500,1389,1391,2012,988,988,988,988,988,1500,988,1500,1500,1500,1500,1500,1500,1500,1500,1500,1500,1500,1500,1500,1500,1500,1500,1500,1500,1500,1500,8.4
2026-08-17,34:16.3,-67,-191,-5,113,0,-1024,952,-1,-1,1,-1,-1,-1,-1,-1,-1,-1,-1,-1,0x0000000000000000,1555,1407,1498,1468,2012,988,988,988,988,988,1500,988,1500,1500,1500,1500,1500,1500,1500,1500,1500,1500,1500,1500,1500,1500,1500,1500,1500,1500,1500,1500,8.4
2026-08-17,34:16.4,-2,-173,379,83,0,-1024,952,-1,-1,1,-1,-1,-1,-1,-1,-1,-1,-1,-1,0x0000000000000000,1541,1416,1685,1499,2012,988,988,988,988,988,1500,988,1500,1500,1500,1500,1500,1500,1500,1500,1500,1500,1500,1500,1500,1500,1500,1500,1500,1500,1500,1500,8.4
2026-08-17,34:16.5,-35,-140,743,68,0,-1024,952,-1,-1,1,-1,-1,-1,-1,-1,-1,-1,-1,-1,0x0000000000000000,1533,1432,1863,1483,2012,988,988,988,988,988,1500,988,1500,1500,1500,1500,1500,1500,1500,1500,1500,1500,1500,1500,1500,1500,1500,1500,1500,1500,1500,1500,8.4
2026-08-17,34:16.6,-1,-127,897,54,0,-1024,952,-1,-1,1,-1,-1,-1,-1,-1,-1,-1,-1,-1,0x0000000000000000,1527,1438,1938,1500,2012,988,988,988,988,988,1500,988,1500,1500,1500,1500,1500,1500,1500,1500,1500,1500,1500,1500,1500,1500,1500,1500,1500,1500,1500,1500,8.4
2026-08-17,34:16.7,-44,-117,748,-1,0,-1024,952,-1,-1,1,-1,-1,-1,-1,-1,-1,-1,-1,-1,0x0000000000000000,1500,1443,1865,1479,2012,988,988,988,988,988,1500,988,1500,1500,1500,1500,1500,1500,1500,1500,1500,1500,1500,1500,1500,1500,1500,1500,1500,1500,1500,1500,8.4
2026-08-17,34:16.8,-1,-38,255,-5,0,-1024,952,-1,-1,1,-1,-1,-1,-1,-1,-1,-1,-1,-1,0x0000000000000000,1498,1482,1624,1500,2012,988,988,988,988,988,1500,988,1500,1500,1500,1500,1500,1500,1500,1500,1500,1500,1500,1500,1500,1500,1500,1500,1500,1500,1500,1500,8.4
2026-08-17,34:16.9,-28,-210,-837,-709,0,-1024,952,-1,-1,1,-1,-1,-1,-1,-1,-1,-1,-1,-1,0x0000000000000000,1154,1398,1091,1487,2012,988,988,988,988,988,1500,988,1500,1500,1500,1500,1500,1500,1500,1500,1500,1500,1500,1500,1500,1500,1500,1500,1500,1500,1500,1500,8.4
2026-08-17,34:17.0,-65,-323,-1024,-1010,0,-1024,952,-1,-1,1,-1,-1,-1,-1,-1,-1,-1,-1,-1,0x0000000000000000,1007,1342,1000,1468,2012,988,988,988,988,988,1500,988,1500,1500,1500,1500,1500,1500,1500,1500,1500,1500,1500,1500,1500,1500,1500,1500,1500,1500,1500,1500,8.4
2026-08-17,34:17.1,-135,-308,-1024,-672,0,-1024,952,-1,-1,1,-1,-1,-1,-1,-1,-1,-1,-1,-1,0x0000000000000000,1172,1350,1000,1434,2012,988,988,988,988,988,1500,988,1500,1500,1500,1500,1500,1500,1500,1500,1500,1500,1500,1500,1500,1500,1500,1500,1500,1500,1500,1500,8.4
2026-08-17,34:17.2,-289,-200,-1024,-297,-1,-1024,952,-1,-1,1,-1,-1,-1,-1,-1,-1,-1,-1,-1,0x0000000000000000,1355,1402,1000,1359,2012,988,988,988,988,988,1500,988,1500,1500,1500,1500,1500,1500,1500,1500,1500,1500,1500,1500,1500,1500,1500,1500,1500,1500,1500,1500,8.4
2026-08-17,34:17.3,-350,-340,-1024,-566,0,-1024,952,-1,-1,1,-1,-1,-1,-1,-1,-1,-1,-1,-1,0x0000000000000000,1224,1334,1000,1329,2012,988,988,988,988,988,1500,988,1500,1500,1500,1500,1500,1500,1500,1500,1500,1500,1500,1500,1500,1500,1500,1500,1500,1500,1500,1500,8.4
2026-08-17,34:17.4,-435,-404,-998,-480,0,-1024,952,-1,-1,1,-1,-1,-1,-1,-1,-1,-1,-1,-1,0x0000000000000000,1266,1303,1012,1288,2012,988,988,988,988,988,1500,988,1500,1500,1500,1500,1500,1500,1500,1500,1500,1500,1500,1500,1500,1500,1500,1500,1500,1500,1500,1500,8.4
2026-08-17,34:17.5,-341,-348,-751,-362,0,-1024,952,-1,-1,1,-1,-1,-1,-1,-1,-1,-1,-1,-1,0x0000000000000000,1324,1330,1133,1334,2012,988,988,988,988,988,1500,988,1500,1500,1500,1500,1500,1500,1500,1500,1500,1500,1500,1500,1500,1500,1500,1500,1500,1500,1500,1500,8.4
2026-08-17,34:17.6,-148,-333,-524,-265,-1,-1024,952,-1,-1,1,-1,-1,-1,-1,-1,-1,-1,-1,-1,0x0000000000000000,1371,1337,1244,1428,2012,988,988,988,988,988,1500,988,1500,1500,1500,1500,1500,1500,1500,1500,1500,1500,1500,1500,1500,1500,1500,1500,1500,1500,1500,1500,8.4
2026-08-17,34:17.7,-2,-285,-398,-74,0,-1024,952,-1,-1,1,-1,-1,-1,-1,-1,-1,-1,-1,-1,0x0000000000000000,1465,1361,1306,1499,2012,988,988,988,988,988,1500,988,1500,1500,1500,1500,1500,1500,1500,1500,1500,1500,1500,1500,1500,1500,1500,1500,1500,1500,1500,1500,8.4
2026-08-17,34:17.8,0,-202,-261,4,0,-1024,952,-1,-1,1,-1,-1,-1,-1,-1,-1,-1,-1,-1,0x0000000000000000,1502,1402,1373,1500,2012,988,988,988,988,988,1500,988,1500,1500,1500,1500,1500,1500,1500,1500,1500,1500,1500,1500,1500,1500,1500,1500,1500,1500,1500,1500,8.4
2026-08-17,34:17.9,-1,-164,-58,6,0,-1024,952,-1,-1,1,-1,-1,-1,-1,-1,-1,-1,-1,-1,0x0000000000000000,1503,1420,1472,1500,2012,988,988,988,988,988,1500,988,1500,1500,1500,1500,1500,1500,1500,1500,1500,1500,1500,1500,1500,1500,1500,1500,1500,1500,1500,1500,8.4
2026-08-17,34:18.0,-88,-55,176,2,0,-1024,952,-1,-1,1,-1,-1,-1,-1,-1,-1,-1,-1,-1,0x0000000000000000,1501,1473,1586,1457,2012,988,988,988,988,988,1500,988,1500,1500,1500,1500,1500,1500,1500,1500,1500,1500,1500,1500,1500,1500,1500,1500,1500,1500,1500,1500,8.4
2026-08-17,34:18.1,-229,0,300,-130,0,-1024,952,-1,-1,1,-1,-1,-1,-1,-1,-1,-1,-1,-1,0x0000000000000000,1437,1500,1646,1388,2012,988,988,988,988,988,1500,988,1500,1500,1500,1500,1500,1500,1500,1500,1500,1500,1500,1500,1500,1500,1500,1500,1500,1500,1500,1500,8.4
2026-08-17,34:18.2,-3,2,305,-206,0,-1024,952,-1,-1,1,-1,-1,-1,-1,-1,-1,-1,-1,-1,0x0000000000000000,1400,1501,1649,1499,2012,988,988,988,988,988,1500,988,1500,1500,1500,1500,1500,1500,1500,1500,1500,1500,1500,1500,1500,1500,1500,1500,1500,1500,1500,1500,8.4
2026-08-17,34:18.3,0,41,353,-124,0,-1024,952,-1,-1,1,-1,-1,-1,-1,-1,-1,-1,-1,-1,0x0000000000000000,1440,1520,1672,1500,2012,988,988,988,988,988,1500,988,1500,1500,1500,1500,1500,1500,1500,1500,1500,1500,1500,1500,1500,1500,1500,1500,1500,1500,1500,1500,8.4
2026-08-17,34:18.4,0,116,206,0,-1,-1024,952,-1,-1,1,-1,-1,-1,-1,-1,-1,-1,-1,-1,0x0000000000000000,1500,1556,1600,1500,2012,988,988,988,988,988,1500,988,1500,1500,1500,1500,1500,1500,1500,1500,1500,1500,1500,1500,1500,1500,1500,1500,1500,1500,1500,1500,8.4
2026-08-17,34:18.5,0,119,-135,0,0,-1024,952,-1,-1,1,-1,-1,-1,-1,-1,-1,-1,-1,-1,0x0000000000000000,1500,1558,1434,1500,2012,988,988,988,988,988,1500,988,1500,1500,1500,1500,1500,1500,1500,1500,1500,1500,1500,1500,1500,1500,1500,1500,1500,1500,1500,1500,8.4
2026-08-17,34:18.6,-104,93,-581,-45,0,-1024,952,-1,-1,1,-1,-1,-1,-1,-1,-1,-1,-1,-1,0x0000000000000000,1479,1545,1216,1449,2012,988,988,988,988,988,1500,988,1500,1500,1500,1500,1500,1500,1500,1500,1500,1500,1500,1500,1500,1500,1500,1500,1500,1500,1500,1500,8.4
2026-08-17,34:18.7,-3,-58,-116,-147,0,-1024,952,-1,-1,1,-1,-1,-1,-1,-1,-1,-1,-1,-1,0x0000000000000000,1429,1472,1444,1499,2012,988,988,988,988,988,1500,988,1500,1500,1500,1500,1500,1500,1500,1500,1500,1500,1500,1500,1500,1500,1500,1500,1500,1500,1500,1500,8.4
2026-08-17,34:18.8,0,-139,281,-104,-1,-1024,952,-1,-1,1,-1,-1,-1,-1,-1,-1,-1,-1,-1,0x0000000000000000,1450,1432,1637,1500,2012,988,988,988,988,988,1500,988,1500,1500,1500,1500,1500,1500,1500,1500,1500,1500,1500,1500,1500,1500,1500,1500,1500,1500,1500,1500,8.4
2026-08-17,34:18.9,-2,-146,279,-4,0,-1024,952,-1,-1,1,-1,-1,-1,-1,-1,-1,-1,-1,-1,0x0000000000000000,1499,1429,1636,1499,2012,988,988,988,988,988,1500,988,1500,1500,1500,1500,1500,1500,1500,1500,1500,1500,1500,1500,1500,1500,1500,1500,1500,1500,1500,1500,8.4
2026-08-17,34:19.0,-84,-130,280,-105,0,-1024,952,-1,-1,1,-1,-1,-1,-1,-1,-1,-1,-1,-1,0x0000000000000000,1449,1437,1636,1459,2012,988,988,988,988,988,1500,988,1500,1500,1500,1500,1500,1500,1500,1500,1500,1500,1500,1500,1500,1500,1500,1500,1500,1500,1500,1500,8.4
2026-08-17,34:19.1,-213,-90,165,-147,0,-1024,952,-1,-1,1,-1,-1,-1,-1,-1,-1,-1,-1,-1,0x0000000000000000,1429,1456,1580,1396,2012,988,988,988,988,988,1500,988,1500,1500,1500,1500,1500,1500,1500,1500,1500,1500,1500,1500,1500,1500,1500,1500,1500,1500,1500,1500,8.4
2026-08-17,34:19.2,-212,-83,-66,-162,0,-1024,952,-1,-1,1,-1,-1,-1,-1,-1,-1,-1,-1,-1,0x0000000000000000,1421,1460,1468,1397,2012,988,988,988,988,988,1500,988,1500,1500,1500,1500,1500,1500,1500,1500,1500,1500,1500,1500,1500,1500,1500,1500,1500,1500,1500,1500,8.4
2026-08-17,34:19.3,-3,-18,-285,-148,0,-1024,952,-1,-1,1,-1,-1,-1,-1,-1,-1,-1,-1,-1,0x0000000000000000,1428,1491,1361,1499,2012,988,988,988,988,988,1500,988,1500,1500,1500,1500,1500,1500,1500,1500,1500,1500,1500,1500,1500,1500,1500,1500,1500,1500,1500,1500,8.4
2026-08-17,34:19.4,0,-3,22,-175,0,-1024,952,-1,-1,1,-1,-1,-1,-1,-1,-1,-1,-1,-1,0x0000000000000000,1415,1499,1510,1500,2012,988,988,988,988,988,1500,988,1500,1500,1500,1500,1500,1500,1500,1500,1500,1500,1500,1500,1500,1500,1500,1500,1500,1500,1500,1500,8.4
2026-08-17,34:19.5,-246,-94,241,-314,0,-1024,952,-1,-1,1,-1,-1,-1,-1,-1,-1,-1,-1,-1,0x0000000000000000,1347,1454,1617,1380,2012,988,988,988,988,988,1500,988,1500,1500,1500,1500,1500,1500,1500,1500,1500,1500,1500,1500,1500,1500,1500,1500,1500,1500,1500,1500,8.4
2026-08-17,34:19.6,-358,-160,247,-542,0,-1024,952,-1,-1,1,-1,-1,-1,-1,-1,-1,-1,-1,-1,0x0000000000000000,1236,1422,1620,1325,2012,988,988,988,988,988,1500,988,1500,1500,1500,1500,1500,1500,1500,1500,1500,1500,1500,1500,1500,1500,1500,1500,1500,1500,1500,1500,8.4
2026-08-17,34:19.7,-538,-182,303,-628,0,-1024,952,-1,-1,1,-1,-1,-1,-1,-1,-1,-1,-1,-1,0x0000000000000000,1193,1411,1648,1237,2012,988,988,988,988,988,1500,988,1500,1500,1500,1500,1500,1500,1500,1500,1500,1500,1500,1500,1500,1500,1500,1500,1500,1500,1500,1500,8.4
2026-08-17,34:19.8,-573,-294,414,-593,0,-1024,952,-1,-1,1,-1,-1,-1,-1,-1,-1,-1,-1,-1,0x0000000000000000,1211,1357,1702,1220,2012,988,988,988,988,988,1500,988,1500,1500,1500,1500,1500,1500,1500,1500,1500,1500,1500,1500,1500,1500,1500,1500,1500,1500,1500,1500,8.4
2026-08-17,34:19.9,-492,-163,375,-654,0,-1024,952,-1,-1,1,-1,-1,-1,-1,-1,-1,-1,-1,-1,0x0000000000000000,1181,1421,1683,1260,2012,988,988,988,988,988,1500,988,1500,1500,1500,1500,1500,1500,1500,1500,1500,1500,1500,1500,1500,1500,1500,1500,1500,1500,1500,1500,8.4
2026-08-17,34:20.0,-469,-82,190,-660,0,-1024,952,-1,-1,1,-1,-1,-1,-1,-1,-1,-1,-1,-1,0x0000000000000000,1178,1460,1593,1271,2012,988,988,988,988,988,1500,988,1500,1500,1500,1500,1500,1500,1500,1500,1500,1500,1500,1500,1500,1500,1500,1500,1500,1500,1500,1500,8.4
2026-08-17,34:20.1,-227,0,-377,-296,0,-1024,952,-1,-1,1,-1,-1,-1,-1,-1,-1,-1,-1,-1,0x0000000000000000,1356,1500,1316,1389,2012,988,988,988,988,988,1500,988,1500,1500,1500,1500,1500,1500,1500,1500,1500,1500,1500,1500,1500,1500,1500,1500,1500,1500,1500,1500,8.3
2026-08-17,34:20.2,-203,64,-533,-140,0,-1024,952,-1,-1,1,-1,-1,-1,-1,-1,-1,-1,-1,-1,0x0000000000000000,1432,1531,1240,1401,2012,988,988,988,988,988,1500,988,1500,1500,1500,1500,1500,1500,1500,1500,1500,1500,1500,1500,1500,1500,1500,1500,1500,1500,1500,1500,8.3
2026-08-17,34:20.3,-233,58,-168,-360,0,-1024,952,-1,-1,1,-1,-1,-1,-1,-1,-1,-1,-1,-1,0x0000000000000000,1325,1528,1418,1386,2012,988,988,988,988,988,1500,988,1500,1500,1500,1500,1500,1500,1500,1500,1500,1500,1500,1500,1500,1500,1500,1500,1500,1500,1500,1500,8.3
2026-08-17,34:20.4,-362,197,76,-383,0,-1024,952,-1,-1,1,-1,-1,-1,-1,-1,-1,-1,-1,-1,0x0000000000000000,1313,1596,1537,1323,2012,988,988,988,988,988,1500,988,1500,1500,1500,1500,1500,1500,1500,1500,1500,1500,1500,1500,1500,1500,1500,1500,1500,1500,1500,1500,8.3
2026-08-17,34:20.5,-244,74,417,-312,0,-1024,952,-1,-1,1,-1,-1,-1,-1,-1,-1,-1,-1,-1,0x0000000000000000,1348,1536,1703,1381,2012,988,988,988,988,988,1500,988,1500,1500,1500,1500,1500,1500,1500,1500,1500,1500,1500,1500,1500,1500,1500,1500,1500,1500,1500,1500,8.3
2026-08-17,34:20.6,-70,2,594,-150,0,-1024,952,-1,-1,1,-1,-1,-1,-1,-1,-1,-1,-1,-1,0x0000000000000000,1427,1501,1790,1466,2012,988,988,988,988,988,1500,988,1500,1500,1500,1500,1500,1500,1500,1500,1500,1500,1500,1500,1500,1500,1500,1500,1500,1500,1500,1500,8.3
2026-08-17,34:20.7,-40,-1,685,-189,0,-1024,952,-1,-1,1,-1,-1,-1,-1,-1,-1,-1,-1,-1,0x0000000000000000,1408,1500,1834,1481,2012,988,988,988,988,988,1500,988,1500,1500,1500,1500,1500,1500,1500,1500,1500,1500,1500,1500,1500,1500,1500,1500,1500,1500,1500,1500,8.3
2026-08-17,34:20.8,-59,-18,718,-227,0,-1024,952,-1,-1,1,-1,-1,-1,-1,-1,-1,-1,-1,-1,0x0000000000000000,1390,1491,1850,1471,2012,988,988,988,988,988,1500,988,1500,1500,1500,1500,1500,1500,1500,1500,1500,1500,1500,1500,1500,1500,1500,1500,1500,1500,1500,1500,8.3
2026-08-17,34:20.9,-78,-43,730,-409,0,-1024,952,-1,-1,1,-1,-1,-1,-1,-1,-1,-1,-1,-1,0x0000000000000000,1301,1479,1856,1462,2012,988,988,988,988,988,1500,988,1500,1500,1500,1500,1500,1500,1500,1500,1500,1500,1500,1500,1500,1500,1500,1500,1500,1500,1500,1500,8.3
2026-08-17,34:21.0,0,-34,641,-449,0,-1024,952,-1,-1,1,-1,-1,-1,-1,-1,-1,-1,-1,-1,0x0000000000000000,1281,1484,1813,1500,2012,988,988,988,988,988,1500,988,1500,1500,1500,1500,1500,1500,1500,1500,1500,1500,1500,1500,1500,1500,1500,1500,1500,1500,1500,1500,8.3
2026-08-17,34:21.1,-94,-2,399,-431,0,-1024,952,-1,-1,1,-1,-1,-1,-1,-1,-1,-1,-1,-1,0x0000000000000000,1290,1499,1695,1454,2012,988,988,988,988,988,1500,988,1500,1500,1500,1500,1500,1500,1500,1500,1500,1500,1500,1500,1500,1500,1500,1500,1500,1500,1500,1500,8.3
2026-08-17,34:21.2,-152,-15,-5,-368,0,-1024,952,-1,-1,1,-1,-1,-1,-1,-1,-1,-1,-1,-1,0x0000000000000000,1321,1493,1498,1426,2012,988,988,988,988,988,1500,988,1500,1500,1500,1500,1500,1500,1500,1500,1500,1500,1500,1500,1500,1500,1500,1500,1500,1500,1500,1500,8.3
2026-08-17,34:21.3,-114,-145,-111,-424,0,-1024,952,-1,-1,1,-1,-1,-1,-1,-1,-1,-1,-1,-1,0x0000000000000000,1293,1429,1446,1445,2012,988,988,988,988,988,1500,988,1500,1500,1500,1500,1500,1500,1500,1500,1500,1500,1500,1500,1500,1500,1500,1500,1500,1500,1500,1500,8.3
2026-08-17,34:21.4,-51,-237,256,-437,0,-1024,952,-1,-1,1,-1,-1,-1,-1,-1,-1,-1,-1,-1,0x0000000000000000,1287,1384,1625,1475,2012,988,988,988,988,988,1500,988,1500,1500,1500,1500,1500,1500,1500,1500,1500,1500,1500,1500,1500,1500,1500,1500,1500,1500,1500,1500,8.3
2026-08-17,34:21.5,-114,-173,434,-429,0,-1024,952,-1,-1,1,-1,-1,-1,-1,-1,-1,-1,-1,-1,0x0000000000000000,1291,1416,1712,1445,2012,988,988,988,988,988,1500,988,1500,1500,1500,1500,1500,1500,1500,1500,1500,1500,1500,1500,1500,1500,1500,1500,1500,1500,1500,1500,8.3
2026-08-17,34:21.6,-279,-165,462,-566,0,-1024,952,-1,-1,1,-1,-1,-1,-1,-1,-1,-1,-1,-1,0x0000000000000000,1224,1420,1725,1364,2012,988,988,988,988,988,1500,988,1500,1500,1500,1500,1500,1500,1500,1500,1500,1500,1500,1500,1500,1500,1500,1500,1500,1500,1500,1500,8.3
2026-08-17,34:21.7,-359,-234,466,-723,0,-1024,952,-1,-1,1,-1,-1,-1,-1,-1,-1,-1,-1,-1,0x0000000000000000,1147,1386,1727,1325,2012,988,988,988,988,988,1500,988,1500,1500,1500,1500,1500,1500,1500,1500,1500,1500,1500,1500,1500,1500,1500,1500,1500,1500,1500,1500,8.3
2026-08-17,34:21.8,-214,-264,159,-586,0,-1024,952,-1,-1,1,-1,-1,-1,-1,-1,-1,-1,-1,-1,0x0000000000000000,1214,1371,1577,1396,2012,988,988,988,988,988,1500,988,1500,1500,1500,1500,1500,1500,1500,1500,1500,1500,1500,1500,1500,1500,1500,1500,1500,1500,1500,1500,8.3
2026-08-17,34:21.9,-40,-271,-646,-380,0,-1024,952,-1,-1,1,-1,-1,-1,-1,-1,-1,-1,-1,-1,0x0000000000000000,1315,1368,1185,1481,2012,988,988,988,988,988,1500,988,1500,1500,1500,1500,1500,1500,1500,1500,1500,1500,1500,1500,1500,1500,1500,1500,1500,1500,1500,1500,8.3
2026-08-17,34:22.0,-17,-156,-1024,-590,0,-1024,952,-1,-1,1,-1,-1,-1,-1,-1,-1,-1,-1,-1,0x0000000000000000,1212,1424,1000,1492,2012,988,988,988,988,988,1500,988,1500,1500,1500,1500,1500,1500,1500,1500,1500,1500,1500,1500,1500,1500,1500,1500,1500,1500,1500,1500,8.3
2026-08-17,34:22.1,-1,-85,-963,-477,0,-1024,952,-1,-1,1,-1,-1,-1,-1,-1,-1,-1,-1,-1,0x0000000000000000,1267,1459,1030,1500,2012,988,988,988,988,988,1500,988,1500,1500,1500,1500,1500,1500,1500,1500,1500,1500,1500,1500,1500,1500,1500,1500,1500,1500,1500,1500,8.3
2026-08-17,34:22.2,-2,-17,-596,-146,0,-1024,952,-1,-1,1,-1,-1,-1,-1,-1,-1,-1,-1,-1,0x0000000000000000,1429,1492,1209,1499,2012,988,988,988,988,988,1500,988,1500,1500,1500,1500,1500,1500,1500,1500,1500,1500,1500,1500,1500,1500,1500,1500,1500,1500,1500,1500,8.3
2026-08-17,34:22.3,-54,-1,-348,-82,0,-1024,952,-1,-1,1,-1,-1,-1,-1,-1,-1,-1,-1,-1,0x0000000000000000,1461,1500,1330,1474,2012,988,988,988,988,988,1500,988,1500,1500,1500,1500,1500,1500,1500,1500,1500,1500,1500,1500,1500,1500,1500,1500,1500,1500,1500,1500,8.3
2026-08-17,34:22.4,-268,0,-84,-62,0,-1024,952,-1,-1,1,-1,-1,-1,-1,-1,-1,-1,-1,-1,0x0000000000000000,1470,1500,1459,1369,2012,988,988,988,988,988,1500,988,1500,1500,1500,1500,1500,1500,1500,1500,1500,1500,1500,1500,1500,1500,1500,1500,1500,1500,1500,1500,8.3
2026-08-17,34:22.5,-227,-2,447,-155,0,-1024,952,-1,-1,1,-1,-1,-1,-1,-1,-1,-1,-1,-1,0x0000000000000000,1425,1499,1718,1389,2012,988,988,988,988,988,1500,988,1500,1500,1500,1500,1500,1500,1500,1500,1500,1500,1500,1500,1500,1500,1500,1500,1500,1500,1500,1500,8.3
2026-08-17,34:22.6,-160,-29,714,-190,0,-1024,952,-1,-1,1,-1,-1,-1,-1,-1,-1,-1,-1,-1,0x0000000000000000,1408,1486,1848,1422,2012,988,988,988,988,988,1500,988,1500,1500,1500,1500,1500,1500,1500,1500,1500,1500,1500,1500,1500,1500,1500,1500,1500,1500,1500,1500,8.3
2026-08-17,34:22.7,-264,-1,293,-156,0,-1024,952,-1,-1,1,-1,-1,-1,-1,-1,-1,-1,-1,-1,0x0000000000000000,1424,1500,1643,1371,2012,988,988,988,988,988,1500,988,1500,1500,1500,1500,1500,1500,1500,1500,1500,1500,1500,1500,1500,1500,1500,1500,1500,1500,1500,1500,8.3
2026-08-17,34:22.8,-117,-19,-737,-118,-1,-1024,952,-1,-1,1,-1,-1,-1,-1,-1,-1,-1,-1,-1,0x0000000000000000,1443,1491,1140,1443,2012,988,988,988,988,988,1500,988,1500,1500,1500,1500,1500,1500,1500,1500,1500,1500,1500,1500,1500,1500,1500,1500,1500,1500,1500,1500,8.3
2026-08-17,34:22.9,0,-171,-816,-160,0,-1024,952,-1,-1,1,-1,-1,-1,-1,-1,-1,-1,-1,-1,0x0000000000000000,1422,1417,1101,1500,2012,988,988,988,988,988,1500,988,1500,1500,1500,1500,1500,1500,1500,1500,1500,1500,1500,1500,1500,1500,1500,1500,1500,1500,1500,1500,8.3
2026-08-17,34:23.0,90,-356,-856,-155,0,-1024,952,-1,-1,1,-1,-1,-1,-1,-1,-1,-1,-1,-1,0x0000000000000000,1425,1326,1082,1544,2012,988,988,988,988,988,1500,988,1500,1500,1500,1500,1500,1500,1500,1500,1500,1500,1500,1500,1500,1500,1500,1500,1500,1500,1500,1500,8.3
2026-08-17,34:23.1,-39,-224,-531,-121,0,-1024,952,-1,-1,1,-1,-1,-1,-1,-1,-1,-1,-1,-1,0x0000000000000000,1442,1391,1241,1481,2012,988,988,988,988,988,1500,988,1500,1500,1500,1500,1500,1500,1500,1500,1500,1500,1500,1500,1500,1500,1500,1500,1500,1500,1500,1500,8.3
2026-08-17,34:23.2,-83,-139,-708,-229,-1,-1024,952,-1,-1,1,-1,-1,-1,-1,-1,-1,-1,-1,-1,0x0000000000000000,1389,1432,1154,1460,2012,988,988,988,988,988,1500,988,1500,1500,1500,1500,1500,1500,1500,1500,1500,1500,1500,1500,1500,1500,1500,1500,1500,1500,1500,1500,8.3
2026-08-17,34:23.3,-3,-120,-685,-250,0,-1024,952,-1,-1,1,-1,-1,-1,-1,-1,-1,-1,-1,-1,0x0000000000000000,1378,1442,1165,1499,2012,988,988,988,988,988,1500,988,1500,1500,1500,1500,1500,1500,1500,1500,1500,1500,1500,1500,1500,1500,1500,1500,1500,1500,1500,1500,8.3
2026-08-17,34:23.4,0,-236,-9,-180,0,-1024,952,-1,-1,1,-1,-1,-1,-1,-1,-1,-1,-1,-1,0x0000000000000000,1413,1385,1496,1500,2012,988,988,988,988,988,1500,988,1500,1500,1500,1500,1500,1500,1500,1500,1500,1500,1500,1500,1500,1500,1500,1500,1500,1500,1500,1500,8.3
2026-08-17,34:23.5,0,-221,26,111,0,-1024,952,-1,-1,1,-1,-1,-1,-1,-1,-1,-1,-1,-1,0x0000000000000000,1560,1392,1508,1500,2012,988,988,988,988,988,1500,988,1500,1500,1500,1500,1500,1500,1500,1500,1500,1500,1500,1500,1500,1500,1500,1500,1500,1500,1500,1500,8.3
2026-08-17,34:23.6,0,-250,11,119,0,-1024,952,-1,-1,1,-1,-1,-1,-1,-1,-1,-1,-1,-1,0x0000000000000000,1558,1378,1505,1500,2012,988,988,988,988,988,1500,988,1500,1500,1500,1500,1500,1500,1500,1500,1500,1500,1500,1500,1500,1500,1500,1500,1500,1500,1500,1500,8.3
2026-08-17,34:23.7,0,-268,25,151,0,-1024,952,-1,-1,1,-1,-1,-1,-1,-1,-1,-1,-1,-1,0x0000000000000000,1574,1369,1512,1500,2012,988,988,988,988,988,1500,988,1500,1500,1500,1500,1500,1500,1500,1500,1500,1500,1500,1500,1500,1500,1500,1500,1500,1500,1500,1500,8.3
2026-08-17,34:23.8,0,-247,145,87,0,-1024,952,-1,-1,1,-1,-1,-1,-1,-1,-1,-1,-1,-1,0x0000000000000000,1543,1380,1571,1500,2012,988,988,988,988,988,1500,988,1500,1500,1500,1500,1500,1500,1500,1500,1500,1500,1500,1500,1500,1500,1500,1500,1500,1500,1500,1500,8.3
2026-08-17,34:23.9,0,-254,826,5,0,-1024,952,-1,-1,1,-1,-1,-1,-1,-1,-1,-1,-1,-1,0x0000000000000000,1503,1376,1903,1500,2012,988,988,988,988,988,1500,988,1500,1500,1500,1500,1500,1500,1500,1500,1500,1500,1500,1500,1500,1500,1500,1500,1500,1500,1500,1500,8.3
2026-08-17,34:24.0,0,-275,1023,-23,0,-1024,952,-1,-1,1,-1,-1,-1,-1,-1,-1,-1,-1,-1,0x0000000000000000,1489,1366,1999,1500,2012,988,988,988,988,988,1500,988,1500,1500,1500,1500,1500,1500,1500,1500,1500,1500,1500,1500,1500,1500,1500,1500,1500,1500,1500,1500,8.3
2026-08-17,34:24.1,0,-229,1024,2,0,-1024,952,-1,-1,1,-1,-1,-1,-1,-1,-1,-1,-1,-1,0x0000000000000000,1501,1388,2000,1500,2012,988,988,988,988,988,1500,988,1500,1500,1500,1500,1500,1500,1500,1500,1500,1500,1500,1500,1500,1500,1500,1500,1500,1500,1500,1500,8.3
2026-08-17,34:24.2,0,-100,999,154,0,-1024,952,-1,-1,1,-1,-1,-1,-1,-1,-1,-1,-1,-1,0x0000000000000000,1575,1451,1988,1500,2012,988,988,988,988,988,1500,988,1500,1500,1500,1500,1500,1500,1500,1500,1500,1500,1500,1500,1500,1500,1500,1500,1500,1500,1500,1500,8.3
2026-08-17,34:24.3,13,-42,32,458,0,-1024,952,-1,-1,1,-1,-1,-1,-1,-1,-1,-1,-1,-1,0x0000000000000000,1724,1480,1515,1506,2012,988,988,988,988,988,1500,988,1500,1500,1500,1500,1500,1500,1500,1500,1500,1500,1500,1500,1500,1500,1500,1500,1500,1500,1500,1500,8.3
2026-08-17,34:24.4,0,-50,-769,716,0,-1024,952,-1,-1,1,-1,-1,-1,-1,-1,-1,-1,-1,-1,0x0000000000000000,1850,1476,1124,1500,2012,988,988,988,988,988,1500,988,1500,1500,1500,1500,1500,1500,1500,1500,1500,1500,1500,1500,1500,1500,1500,1500,1500,1500,1500,1500,8.3
2026-08-17,34:24.5,-17,-73,-1021,612,0,-1024,952,-1,-1,1,-1,-1,-1,-1,-1,-1,-1,-1,-1,0x0000000000000000,1799,1465,1001,1492,2012,988,988,988,988,988,1500,988,1500,1500,1500,1500,1500,1500,1500,1500,1500,1500,1500,1500,1500,1500,1500,1500,1500,1500,1500,1500,8.3
2026-08-17,34:24.6,-107,-124,-1024,615,0,-1024,952,-1,-1,1,-1,-1,-1,-1,-1,-1,-1,-1,-1,0x0000000000000000,1800,1440,1000,1448,2012,988,988,988,988,988,1500,988,1500,1500,1500,1500,1500,1500,1500,1500,1500,1500,1500,1500,1500,1500,1500,1500,1500,1500,1500,1500,8.3
2026-08-17,34:24.7,-6,-263,-1024,788,0,-1024,952,-1,-1,1,-1,-1,-1,-1,-1,-1,-1,-1,-1,0x0000000000000000,1885,1372,1000,1497,2012,988,988,988,988,988,1500,988,1500,1500,1500,1500,1500,1500,1500,1500,1500,1500,1500,1500,1500,1500,1500,1500,1500,1500,1500,1500,8.3
2026-08-17,34:24.8,115,-270,-1024,628,0,-1024,952,-1,-1,1,-1,-1,-1,-1,-1,-1,-1,-1,-1,0x0000000000000000,1807,1368,1000,1556,2012,988,988,988,988,988,1500,988,1500,1500,1500,1500,1500,1500,1500,1500,1500,1500,1500,1500,1500,1500,1500,1500,1500,1500,1500,1500,8.3
2026-08-17,34:24.9,117,-362,-680,521,-1,-1024,952,-1,-1,1,-1,-1,-1,-1,-1,-1,-1,-1,-1,0x0000000000000000,1754,1323,1168,1557,2012,988,988,988,988,988,1500,988,1500,1500,1500,1500,1500,1500,1500,1500,1500,1500,1500,1500,1500,1500,1500,1500,1500,1500,1500,1500,8.3
2026-08-17,34:25.0,81,-326,-461,359,0,-1024,952,-1,-1,1,-1,-1,-1,-1,-1,-1,-1,-1,-1,0x0000000000000000,1675,1341,1275,1539,2012,988,988,988,988,988,1500,988,1500,1500,1500,1500,1500,1500,1500,1500,1500,1500,1500,1500,1500,1500,1500,1500,1500,1500,1500,1500,8.3
2026-08-17,34:25.1,55,-293,-158,278,0,-1024,952,-1,-1,1,-1,-1,-1,-1,-1,-1,-1,-1,-1,0x0000000000000000,1636,1357,1423,1527,2012,988,988,988,988,988,1500,988,1500,1500,1500,1500,1500,1500,1500,1500,1500,1500,1500,1500,1500,1500,1500,1500,1500,1500,1500,1500,8.3
2026-08-17,34:25.2,5,-483,56,70,0,-1024,952,-1,-1,1,-1,-1,-1,-1,-1,-1,-1,-1,-1,0x0000000000000000,1534,1264,1527,1502,2012,988,988,988,988,988,1500,988,1500,1500,1500,1500,1500,1500,1500,1500,1500,1500,1500,1500,1500,1500,1500,1500,1500,1500,1500,1500,8.3
2026-08-17,34:25.3,0,-511,64,7,0,-1024,952,-1,-1,1,-1,-1,-1,-1,-1,-1,-1,-1,-1,0x0000000000000000,1504,1250,1531,1500,2012,988,988,988,988,988,1500,988,1500,1500,1500,1500,1500,1500,1500,1500,1500,1500,1500,1500,1500,1500,1500,1500,1500,1500,1500,1500,8.3
2026-08-17,34:25.4,57,-282,-62,2,0,-1024,952,-1,-1,1,-1,-1,-1,-1,-1,-1,-1,-1,-1,0x0000000000000000,1501,1362,1470,1528,2012,988,988,988,988,988,1500,988,1500,1500,1500,1500,1500,1500,1500,1500,1500,1500,1500,1500,1500,1500,1500,1500,1500,1500,1500,1500,8.3
2026-08-17,34:25.5,152,-237,-448,14,0,-1024,952,-1,-1,1,-1,-1,-1,-1,-1,-1,-1,-1,-1,0x0000000000000000,1507,1384,1281,1574,2012,988,988,988,988,988,1500,988,1500,1500,1500,1500,1500,1500,1500,1500,1500,1500,1500,1500,1500,1500,1500,1500,1500,1500,1500,1500,8.3
2026-08-17,34:25.6,145,-279,-570,47,0,-1024,952,-1,-1,1,-1,-1,-1,-1,-1,-1,-1,-1,-1,0x0000000000000000,1523,1364,1222,1571,2012,988,988,988,988,988,1500,988,1500,1500,1500,1500,1500,1500,1500,1500,1500,1500,1500,1500,1500,1500,1500,1500,1500,1500,1500,1500,8.3
2026-08-17,34:25.7,21,-361,-509,3,0,-1024,952,-1,-1,1,-1,-1,-1,-1,-1,-1,-1,-1,-1,0x0000000000000000,1502,1324,1251,1510,2012,988,988,988,988,988,1500,988,1500,1500,1500,1500,1500,1500,1500,1500,1500,1500,1500,1500,1500,1500,1500,1500,1500,1500,1500,1500,8.3
2026-08-17,34:25.8,0,-344,-196,-168,0,-1024,952,-1,-1,1,-1,-1,-1,-1,-1,-1,-1,-1,-1,0x0000000000000000,1419,1332,1404,1500,2012,988,988,988,988,988,1500,988,1500,1500,1500,1500,1500,1500,1500,1500,1500,1500,1500,1500,1500,1500,1500,1500,1500,1500,1500,1500,8.3
2026-08-17,34:25.9,0,-365,27,-205,0,-1024,952,-1,-1,1,-1,-1,-1,-1,-1,-1,-1,-1,-1,0x0000000000000000,1400,1322,1513,1500,2012,988,988,988,988,988,1500,988,1500,1500,1500,1500,1500,1500,1500,1500,1500,1500,1500,1500,1500,1500,1500,1500,1500,1500,1500,1500,8.3
2026-08-17,34:26.0,0,-366,235,-160,0,-1024,952,-1,-1,1,-1,-1,-1,-1,-1,-1,-1,-1,-1,0x0000000000000000,1422,1321,1614,1500,2012,988,988,988,988,988,1500,988,1500,1500,1500,1500,1500,1500,1500,1500,1500,1500,1500,1500,1500,1500,1500,1500,1500,1500,1500,1500,8.3
2026-08-17,34:26.1,107,-244,42,62,0,-1024,952,-1,-1,1,-1,-1,-1,-1,-1,-1,-1,-1,-1,0x0000000000000000,1530,1381,1520,1552,2012,988,988,988,988,988,1500,988,1500,1500,1500,1500,1500,1500,1500,1500,1500,1500,1500,1500,1500,1500,1500,1500,1500,1500,1500,1500,8.3
2026-08-17,34:26.2,39,-176,-95,76,0,-1024,952,-1,-1,1,-1,-1,-1,-1,-1,-1,-1,-1,-1,0x0000000000000000,1537,1414,1454,1519,2012,988,988,988,988,988,1500,988,1500,1500,1500,1500,1500,1500,1500,1500,1500,1500,1500,1500,1500,1500,1500,1500,1500,1500,1500,1500,8.3
2026-08-17,34:26.3,87,-133,-424,131,0,-1024,952,-1,-1,1,-1,-1,-1,-1,-1,-1,-1,-1,-1,0x0000000000000000,1564,1435,1293,1542,2012,988,988,988,988,988,1500,988,1500,1500,1500,1500,1500,1500,1500,1500,1500,1500,1500,1500,1500,1500,1500,1500,1500,1500,1500,1500,8.3
2026-08-17,34:26.4,226,-165,-123,227,0,-1024,952,-1,-1,1,-1,-1,-1,-1,-1,-1,-1,-1,-1,0x0000000000000000,1611,1420,1440,1610,2012,988,988,988,988,988,1500,988,1500,1500,1500,1500,1500,1500,1500,1500,1500,1500,1500,1500,1500,1500,1500,1500,1500,1500,1500,1500,8.3
2026-08-17,34:26.5,0,-159,118,211,0,-1024,952,-1,-1,1,-1,-1,-1,-1,-1,-1,-1,-1,-1,0x0000000000000000,1603,1423,1557,1500,2012,988,988,988,988,988,1500,988,1500,1500,1500,1500,1500,1500,1500,1500,1500,1500,1500,1500,1500,1500,1500,1500,1500,1500,1500,1500,8.3
2026-08-17,34:26.6,0,-176,-6,78,0,-1024,952,-1,-1,1,-1,-1,-1,-1,-1,-1,-1,-1,-1,0x0000000000000000,1538,1414,1497,1500,2012,988,988,988,988,988,1500,988,1500,1500,1500,1500,1500,1500,1500,1500,1500,1500,1500,1500,1500,1500,1500,1500,1500,1500,1500,1500,8.3
2026-08-17,34:26.7,29,-365,332,73,0,-1024,952,-1,-1,1,-1,-1,-1,-1,-1,-1,-1,-1,-1,0x0000000000000000,1536,1322,1662,1514,2012,988,988,988,988,988,1500,988,1500,1500,1500,1500,1500,1500,1500,1500,1500,1500,1500,1500,1500,1500,1500,1500,1500,1500,1500,1500,8.3
2026-08-17,34:26.8,0,-208,480,-2,0,-1024,952,-1,-1,1,-1,-1,-1,-1,-1,-1,-1,-1,-1,0x0000000000000000,1500,1399,1734,1500,2012,988,988,988,988,988,1500,988,1500,1500,1500,1500,1500,1500,1500,1500,1500,1500,1500,1500,1500,1500,1500,1500,1500,1500,1500,1500,8.3
2026-08-17,34:26.9,0,-69,283,-4,0,-1024,952,-1,-1,1,-1,-1,-1,-1,-1,-1,-1,-1,-1,0x0000000000000000,1499,1467,1638,1500,2012,988,988,988,988,988,1500,988,1500,1500,1500,1500,1500,1500,1500,1500,1500,1500,1500,1500,1500,1500,1500,1500,1500,1500,1500,1500,8.3
2026-08-17,34:27.0,0,-8,-80,-4,0,-1024,952,-1,-1,1,-1,-1,-1,-1,-1,-1,-1,-1,-1,0x0000000000000000,1499,1496,1461,1500,2012,988,988,988,988,988,1500,988,1500,1500,1500,1500,1500,1500,1500,1500,1500,1500,1500,1500,1500,1500,1500,1500,1500,1500,1500,1500,8.3
2026-08-17,34:27.1,0,-18,300,-5,0,-1024,952,-1,-1,1,-1,-1,-1,-1,-1,-1,-1,-1,-1,0x0000000000000000,1498,1491,1646,1500,2012,988,988,988,988,988,1500,988,1500,1500,1500,1500,1500,1500,1500,1500,1500,1500,1500,1500,1500,1500,1500,1500,1500,1500,1500,1500,8.3
2026-08-17,34:27.2,0,49,455,-5,0,-1024,952,-1,-1,1,-1,-1,-1,-1,-1,-1,-1,-1,-1,0x0000000000000000,1498,1524,1728,1500,2012,988,988,988,988,988,1500,988,1500,1500,1500,1500,1500,1500,1500,1500,1500,1500,1500,1500,1500,1500,1500,1500,1500,1500,1500,1500,8.3
2026-08-17,34:27.3,26,3,486,-5,0,-1024,952,-1,-1,1,-1,-1,-1,-1,-1,-1,-1,-1,-1,0x0000000000000000,1498,1501,1737,1512,2012,988,988,988,988,988,1500,988,1500,1500,1500,1500,1500,1500,1500,1500,1500,1500,1500,1500,1500,1500,1500,1500,1500,1500,1500,1500,8.3
2026-08-17,34:27.4,2,1,430,-5,0,-1024,952,-1,-1,1,-1,-1,-1,-1,-1,-1,-1,-1,-1,0x0000000000000000,1498,1500,1710,1501,2012,988,988,988,988,988,1500,988,1500,1500,1500,1500,1500,1500,1500,1500,1500,1500,1500,1500,1500,1500,1500,1500,1500,1500,1500,1500,8.3
2026-08-17,34:27.5,0,-1,867,-84,0,-1024,952,-1,-1,1,-1,-1,-1,-1,-1,-1,-1,-1,-1,0x0000000000000000,1460,1500,1923,1500,2012,988,988,988,988,988,1500,988,1500,1500,1500,1500,1500,1500,1500,1500,1500,1500,1500,1500,1500,1500,1500,1500,1500,1500,1500,1500,8.3
2026-08-17,34:27.6,98,-393,1024,-111,0,-1024,952,-1,-1,1,-1,-1,-1,-1,-1,-1,-1,-1,-1,0x0000000000000000,1446,1308,2000,1548,2012,988,988,988,988,988,1500,988,1500,1500,1500,1500,1500,1500,1500,1500,1500,1500,1500,1500,1500,1500,1500,1500,1500,1500,1500,1500,8.3
2026-08-17,34:27.7,49,-639,1024,-12,0,-1024,952,-1,-1,1,-1,-1,-1,-1,-1,-1,-1,-1,-1,0x0000000000000000,1495,1188,2000,1524,2012,988,988,988,988,988,1500,988,1500,1500,1500,1500,1500,1500,1500,1500,1500,1500,1500,1500,1500,1500,1500,1500,1500,1500,1500,1500,8.3
2026-08-17,34:27.8,41,-764,1024,1,0,-1024,952,-1,-1,1,-1,-1,-1,-1,-1,-1,-1,-1,-1,0x0000000000000000,1501,1127,2000,1520,2012,988,988,988,988,988,1500,988,1500,1500,1500,1500,1500,1500,1500,1500,1500,1500,1500,1500,1500,1500,1500,1500,1500,1500,1500,1500,8.3
2026-08-17,34:27.9,65,-840,1024,3,0,-1024,952,-1,-1,1,-1,-1,-1,-1,-1,-1,-1,-1,-1,0x0000000000000000,1502,1090,2000,1531,2012,988,988,988,988,988,1500,988,1500,1500,1500,1500,1500,1500,1500,1500,1500,1500,1500,1500,1500,1500,1500,1500,1500,1500,1500,1500,8.3
2026-08-17,34:28.0,74,-940,1024,3,0,-1024,952,-1,-1,1,-1,-1,-1,-1,-1,-1,-1,-1,-1,0x0000000000000000,1502,1041,2000,1536,2012,988,988,988,988,988,1500,988,1500,1500,1500,1500,1500,1500,1500,1500,1500,1500,1500,1500,1500,1500,1500,1500,1500,1500,1500,1500,8.3
2026-08-17,34:28.1,0,-943,40,3,0,-1024,952,-1,-1,1,-1,-1,-1,-1,-1,-1,-1,-1,-1,0x0000000000000000,1502,1039,1519,1500,2012,988,988,988,988,988,1500,988,1500,1500,1500,1500,1500,1500,1500,1500,1500,1500,1500,1500,1500,1500,1500,1500,1500,1500,1500,1500,8.3
2026-08-17,34:28.2,1,-571,-1022,-2,0,-1024,952,-1,-1,1,-1,-1,-1,-1,-1,-1,-1,-1,-1,0x0000000000000000,1500,1221,1001,1500,2012,988,988,988,988,988,1500,988,1500,1500,1500,1500,1500,1500,1500,1500,1500,1500,1500,1500,1500,1500,1500,1500,1500,1500,1500,1500,8.3
2026-08-17,34:28.3,0,-123,-1024,-3,0,-1024,952,-1,-1,1,-1,-1,-1,-1,-1,-1,-1,-1,-1,0x0000000000000000,1499,1440,1000,1500,2012,988,988,988,988,988,1500,988,1500,1500,1500,1500,1500,1500,1500,1500,1500,1500,1500,1500,1500,1500,1500,1500,1500,1500,1500,1500,8.3
2026-08-17,34:28.4,-1,-1,-1024,-5,0,-1024,952,-1,-1,1,-1,-1,-1,-1,-1,-1,-1,-1,-1,0x0000000000000000,1498,1500,1000,1500,2012,988,988,988,988,988,1500,988,1500,1500,1500,1500,1500,1500,1500,1500,1500,1500,1500,1500,1500,1500,1500,1500,1500,1500,1500,1500,8.3
2026-08-17,34:28.5,-27,-1,-1024,-4,-1,-1024,952,-1,-1,1,-1,-1,-1,-1,-1,-1,-1,-1,-1,0x0000000000000000,1499,1500,1000,1487,2012,988,988,988,988,988,1500,988,1500,1500,1500,1500,1500,1500,1500,1500,1500,1500,1500,1500,1500,1500,1500,1500,1500,1500,1500,1500,8.3
2026-08-17,34:28.6,-78,-42,-1024,-2,0,-1024,952,-1,-1,1,-1,-1,-1,-1,-1,-1,-1,-1,-1,0x0000000000000000,1500,1480,1000,1462,2012,988,988,988,988,988,1500,988,1500,1500,1500,1500,1500,1500,1500,1500,1500,1500,1500,1500,1500,1500,1500,1500,1500,1500,1500,1500,8.3
2026-08-17,34:28.7,-107,-38,-1024,185,0,-1024,952,-1,-1,1,-1,-1,-1,-1,-1,-1,-1,-1,-1,0x0000000000000000,1590,1482,1000,1448,2012,988,988,988,988,988,1500,988,1500,1500,1500,1500,1500,1500,1500,1500,1500,1500,1500,1500,1500,1500,1500,1500,1500,1500,1500,1500,8.3
2026-08-17,34:28.8,-202,79,-1024,1021,0,-1024,952,-1,-1,1,-1,-1,-1,-1,-1,-1,-1,-1,-1,0x0000000000000000,1998,1538,1000,1402,2012,988,988,988,988,988,1500,988,1500,1500,1500,1500,1500,1500,1500,1500,1500,1500,1500,1500,1500,1500,1500,1500,1500,1500,1500,1500,8.3
2026-08-17,34:28.9,-245,172,-1024,1024,0,-1024,952,-1,-1,1,-1,-1,-1,-1,-1,-1,-1,-1,-1,0x0000000000000000,2000,1584,1000,1381,2012,988,988,988,988,988,1500,988,1500,1500,1500,1500,1500,1500,1500,1500,1500,1500,1500,1500,1500,1500,1500,1500,1500,1500,1500,1500,8.3
2026-08-17,34:29.0,-208,272,-1024,1024,0,-1024,952,-1,-1,1,-1,-1,-1,-1,-1,-1,-1,-1,-1,0x0000000000000000,2000,1633,1000,1399,2012,988,988,988,988,988,1500,988,1500,1500,1500,1500,1500,1500,1500,1500,1500,1500,1500,1500,1500,1500,1500,1500,1500,1500,1500,1500,8.3
2026-08-17,34:29.1,-189,411,-1024,1024,0,-1024,952,-1,-1,1,-1,-1,-1,-1,-1,-1,-1,-1,-1,0x0000000000000000,2000,1700,1000,1408,2012,988,988,988,988,988,1500,988,1500,1500,1500,1500,1500,1500,1500,1500,1500,1500,1500,1500,1500,1500,1500,1500,1500,1500,1500,1500,8.3
2026-08-17,34:29.2,-41,512,-1024,1024,0,-1024,952,-1,-1,1,-1,-1,-1,-1,-1,-1,-1,-1,-1,0x0000000000000000,2000,1750,1000,1480,2012,988,988,988,988,988,1500,988,1500,1500,1500,1500,1500,1500,1500,1500,1500,1500,1500,1500,1500,1500,1500,1500,1500,1500,1500,1500,8.3
2026-08-17,34:29.3,-1,57,-974,395,0,-1024,952,-1,-1,1,-1,-1,-1,-1,-1,-1,-1,-1,-1,0x0000000000000000,1693,1528,1024,1500,2012,988,988,988,988,988,1500,988,1500,1500,1500,1500,1500,1500,1500,1500,1500,1500,1500,1500,1500,1500,1500,1500,1500,1500,1500,1500,8.3
2026-08-17,34:29.4,0,-3,-750,190,0,-1024,952,-1,-1,1,-1,-1,-1,-1,-1,-1,-1,-1,-1,0x0000000000000000,1593,1499,1134,1500,2012,988,988,988,988,988,1500,988,1500,1500,1500,1500,1500,1500,1500,1500,1500,1500,1500,1500,1500,1500,1500,1500,1500,1500,1500,1500,8.3
2026-08-17,34:29.5,0,-32,-476,302,0,-1024,952,-1,-1,1,-1,-1,-1,-1,-1,-1,-1,-1,-1,0x0000000000000000,1648,1485,1268,1500,2012,988,988,988,988,988,1500,988,1500,1500,1500,1500,1500,1500,1500,1500,1500,1500,1500,1500,1500,1500,1500,1500,1500,1500,1500,1500,8.3
2026-08-17,34:29.6,-122,-51,-225,363,0,-1024,952,-1,-1,1,-1,-1,-1,-1,-1,-1,-1,-1,-1,0x0000000000000000,1677,1475,1390,1441,2012,988,988,988,988,988,1500,988,1500,1500,1500,1500,1500,1500,1500,1500,1500,1500,1500,1500,1500,1500,1500,1500,1500,1500,1500,1500,8.3
2026-08-17,34:29.7,-296,-71,269,4,0,-1024,952,-1,-1,1,-1,-1,-1,-1,-1,-1,-1,-1,-1,0x0000000000000000,1502,1466,1631,1356,2012,988,988,988,988,988,1500,988,1500,1500,1500,1500,1500,1500,1500,1500,1500,1500,1500,1500,1500,1500,1500,1500,1500,1500,1500,1500,8.3
2026-08-17,34:29.8,-450,-280,964,-4,0,-1024,952,-1,-1,1,-1,-1,-1,-1,-1,-1,-1,-1,-1,0x0000000000000000,1499,1363,1970,1280,2012,988,988,988,988,988,1500,988,1500,1500,1500,1500,1500,1500,1500,1500,1500,1500,1500,1500,1500,1500,1500,1500,1500,1500,1500,1500,8.3
2026-08-17,34:29.9,-525,-179,948,-5,0,-1024,952,-1,-1,1,-1,-1,-1,-1,-1,-1,-1,-1,-1,0x0000000000000000,1498,1413,1963,1244,2012,988,988,988,988,988,1500,988,1500,1500,1500,1500,1500,1500,1500,1500,1500,1500,1500,1500,1500,1500,1500,1500,1500,1500,1500,1500,8.3
2026-08-17,34:30.0,-368,-263,226,51,0,-1024,952,-1,-1,1,-1,-1,-1,-1,-1,-1,-1,-1,-1,0x0000000000000000,1525,1372,1610,1320,2012,988,988,988,988,988,1500,988,1500,1500,1500,1500,1500,1500,1500,1500,1500,1500,1500,1500,1500,1500,1500,1500,1500,1500,1500,1500,8.3
2026-08-17,34:30.1,-299,-648,408,121,0,-1024,952,-1,-1,1,-1,-1,-1,-1,-1,-1,-1,-1,-1,0x0000000000000000,1554,1184,1706,1354,2012,988,988,988,988,988,1500,988,1500,1500,1500,1500,1500,1500,1500,1500,1500,1500,1500,1500,1500,1500,1500,1500,1500,1500,1500,1500,8.3
2026-08-17,34:30.2,-154,-591,707,17,0,-1024,952,-1,-1,1,-1,-1,-1,-1,-1,-1,-1,-1,-1,0x0000000000000000,1509,1211,1845,1425,2012,988,988,988,988,988,1500,988,1500,1500,1500,1500,1500,1500,1500,1500,1500,1500,1500,1500,1500,1500,1500,1500,1500,1500,1500,1500,8.3
2026-08-17,34:30.3,-36,-375,965,25,0,-1024,952,-1,-1,1,-1,-1,-1,-1,-1,-1,-1,-1,-1,0x0000000000000000,1512,1317,1971,1483,2012,988,988,988,988,988,1500,988,1500,1500,1500,1500,1500,1500,1500,1500,1500,1500,1500,1500,1500,1500,1500,1500,1500,1500,1500,1500,8.3
2026-08-17,34:30.4,-2,-398,1022,36,0,-1024,952,-1,-1,1,-1,-1,-1,-1,-1,-1,-1,-1,-1,0x0000000000000000,1518,1306,1999,1499,2012,988,988,988,988,988,1500,988,1500,1500,1500,1500,1500,1500,1500,1500,1500,1500,1500,1500,1500,1500,1500,1500,1500,1500,1500,1500,8.3
2026-08-17,34:30.5,0,-64,904,-2,0,-1024,952,-1,-1,1,-1,-1,-1,-1,-1,-1,-1,-1,-1,0x0000000000000000,1500,1469,1941,1500,2012,988,988,988,988,988,1500,988,1500,1500,1500,1500,1500,1500,1500,1500,1500,1500,1500,1500,1500,1500,1500,1500,1500,1500,1500,1500,8.3
2026-08-17,34:30.6,0,-1,745,91,0,-1024,952,-1,-1,1,-1,-1,-1,-1,-1,-1,-1,-1,-1,0x0000000000000000,1545,1500,1864,1500,2012,988,988,988,988,988,1500,988,1500,1500,1500,1500,1500,1500,1500,1500,1500,1500,1500,1500,1500,1500,1500,1500,1500,1500,1500,1500,8.3
2026-08-17,34:30.7,47,0,615,195,0,-1024,952,-1,-1,1,-1,-1,-1,-1,-1,-1,-1,-1,-1,0x0000000000000000,1595,1500,1800,1523,2012,988,988,988,988,988,1500,988,1500,1500,1500,1500,1500,1500,1500,1500,1500,1500,1500,1500,1500,1500,1500,1500,1500,1500,1500,1500,8.3
2026-08-17,34:30.8,250,2,439,567,0,-1024,952,-1,-1,1,-1,-1,-1,-1,-1,-1,-1,-1,-1,0x0000000000000000,1777,1501,1714,1622,2012,988,988,988,988,988,1500,988,1500,1500,1500,1500,1500,1500,1500,1500,1500,1500,1500,1500,1500,1500,1500,1500,1500,1500,1500,1500,8.3
2026-08-17,34:30.9,361,-16,430,745,0,-1024,952,-1,-1,1,-1,-1,-1,-1,-1,-1,-1,-1,-1,0x0000000000000000,1864,1492,1710,1676,2012,988,988,988,988,988,1500,988,1500,1500,1500,1500,1500,1500,1500,1500,1500,1500,1500,1500,1500,1500,1500,1500,1500,1500,1500,1500,8.3
2026-08-17,34:31.0,461,-3,438,652,0,-1024,952,-1,-1,1,-1,-1,-1,-1,-1,-1,-1,-1,-1,0x0000000000000000,1818,1499,1714,1725,2012,988,988,988,988,988,1500,988,1500,1500,1500,1500,1500,1500,1500,1500,1500,1500,1500,1500,1500,1500,1500,1500,1500,1500,1500,1500,8.3
2026-08-17,34:31.1,214,0,469,447,0,-1024,952,-1,-1,1,-1,-1,-1,-1,-1,-1,-1,-1,-1,0x0000000000000000,1718,1500,1729,1604,2012,988,988,988,988,988,1500,988,1500,1500,1500,1500,1500,1500,1500,1500,1500,1500,1500,1500,1500,1500,1500,1500,1500,1500,1500,1500,8.3
2026-08-17,34:31.2,298,-1,478,425,0,-1024,952,-1,-1,1,-1,-1,-1,-1,-1,-1,-1,-1,-1,0x0000000000000000,1708,1500,1733,1645,2012,988,988,988,988,988,1500,988,1500,1500,1500,1500,1500,1500,1500,1500,1500,1500,1500,1500,1500,1500,1500,1500,1500,1500,1500,1500,8.3
2026-08-17,34:31.3,335,-116,531,389,0,-1024,952,-1,-1,1,-1,-1,-1,-1,-1,-1,-1,-1,-1,0x0000000000000000,1690,1444,1759,1663,2012,988,988,988,988,988,1500,988,1500,1500,1500,1500,1500,1500,1500,1500,1500,1500,1500,1500,1500,1500,1500,1500,1500,1500,1500,1500,8.3
2026-08-17,34:31.4,391,-156,533,634,0,-1024,952,-1,-1,1,-1,-1,-1,-1,-1,-1,-1,-1,-1,0x0000000000000000,1810,1424,1760,1691,2012,988,988,988,988,988,1500,988,1500,1500,1500,1500,1500,1500,1500,1500,1500,1500,1500,1500,1500,1500,1500,1500,1500,1500,1500,1500,8.3
2026-08-17,34:31.5,405,-171,536,664,0,-1024,952,-1,-1,1,-1,-1,-1,-1,-1,-1,-1,-1,-1,0x0000000000000000,1824,1417,1761,1698,2012,988,988,988,988,988,1500,988,1500,1500,1500,1500,1500,1500,1500,1500,1500,1500,1500,1500,1500,1500,1500,1500,1500,1500,1500,1500,8.3
2026-08-17,34:31.6,304,-148,532,610,0,-1024,952,-1,-1,1,-1,-1,-1,-1,-1,-1,-1,-1,-1,0x0000000000000000,1798,1428,1760,1648,2012,988,988,988,988,988,1500,988,1500,1500,1500,1500,1500,1500,1500,1500,1500,1500,1500,1500,1500,1500,1500,1500,1500,1500,1500,1500,8.3
2026-08-17,34:31.7,132,-92,597,572,0,-1024,952,-1,-1,1,-1,-1,-1,-1,-1,-1,-1,-1,-1,0x0000000000000000,1779,1455,1791,1564,2012,988,988,988,988,988,1500,988,1500,1500,1500,1500,1500,1500,1500,1500,1500,1500,1500,1500,1500,1500,1500,1500,1500,1500,1500,1500,8.3
2026-08-17,34:31.8,3,-82,613,547,0,-1024,952,-1,-1,1,-1,-1,-1,-1,-1,-1,-1,-1,-1,0x0000000000000000,1767,1460,1799,1501,2012,988,988,988,988,988,1500,988,1500,1500,1500,1500,1500,1500,1500,1500,1500,1500,1500,1500,1500,1500,1500,1500,1500,1500,1500,1500,8.3
2026-08-17,34:31.9,-1,-232,577,179,0,-1024,952,-1,-1,1,-1,-1,-1,-1,-1,-1,-1,-1,-1,0x0000000000000000,1588,1387,1781,1500,2012,988,988,988,988,988,1500,988,1500,1500,1500,1500,1500,1500,1500,1500,1500,1500,1500,1500,1500,1500,1500,1500,1500,1500,1500,1500,8.3
2026-08-17,34:32.0,-76,-535,573,6,0,-1024,952,-1,-1,1,-1,-1,-1,-1,-1,-1,-1,-1,-1,0x0000000000000000,1503,1239,1780,1463,2012,988,988,988,988,988,1500,988,1500,1500,1500,1500,1500,1500,1500,1500,1500,1500,1500,1500,1500,1500,1500,1500,1500,1500,1500,1500,8.3
2026-08-17,34:32.1,-112,-265,573,2,-1,-1024,952,-1,-1,1,-1,-1,-1,-1,-1,-1,-1,-1,-1,0x0000000000000000,1501,1371,1780,1446,2012,988,988,988,988,988,1500,988,1500,1500,1500,1500,1500,1500,1500,1500,1500,1500,1500,1500,1500,1500,1500,1500,1500,1500,1500,1500,8.3
2026-08-17,34:32.2,0,-241,829,13,0,-1024,952,-1,-1,1,-1,-1,-1,-1,-1,-1,-1,-1,-1,0x0000000000000000,1507,1382,1905,1500,2012,988,988,988,988,988,1500,988,1500,1500,1500,1500,1500,1500,1500,1500,1500,1500,1500,1500,1500,1500,1500,1500,1500,1500,1500,1500,8.3
2026-08-17,34:32.3,0,-97,993,-1,0,-1024,952,-1,-1,1,-1,-1,-1,-1,-1,-1,-1,-1,-1,0x0000000000000000,1500,1453,1985,1500,2012,988,988,988,988,988,1500,988,1500,1500,1500,1500,1500,1500,1500,1500,1500,1500,1500,1500,1500,1500,1500,1500,1500,1500,1500,1500,8.3
2026-08-17,34:32.4,0,-4,173,22,0,-1024,952,-1,-1,1,-1,-1,-1,-1,-1,-1,-1,-1,-1,0x0000000000000000,1511,1498,1584,1500,2012,988,988,988,988,988,1500,988,1500,1500,1500,1500,1500,1500,1500,1500,1500,1500,1500,1500,1500,1500,1500,1500,1500,1500,1500,1500,8.3
2026-08-17,34:32.5,0,-17,-1021,58,0,-1024,952,-1,-1,1,-1,-1,-1,-1,-1,-1,-1,-1,-1,0x0000000000000000,1529,1492,1001,1500,2012,988,988,988,988,988,1500,988,1500,1500,1500,1500,1500,1500,1500,1500,1500,1500,1500,1500,1500,1500,1500,1500,1500,1500,1500,1500,8.3
2026-08-17,34:32.6,0,-20,-1024,82,-1,-1024,952,-1,-1,1,-1,-1,-1,-1,-1,-1,-1,-1,-1,0x0000000000000000,1540,1490,1000,1500,2012,988,988,988,988,988,1500,988,1500,1500,1500,1500,1500,1500,1500,1500,1500,1500,1500,1500,1500,1500,1500,1500,1500,1500,1500,1500,8.3
2026-08-17,34:32.7,0,-2,-1024,119,0,-1024,952,-1,-1,1,-1,-1,-1,-1,-1,-1,-1,-1,-1,0x0000000000000000,1558,1499,1000,1500,2012,988,988,988,988,988,1500,988,1500,1500,1500,1500,1500,1500,1500,1500,1500,1500,1500,1500,1500,1500,1500,1500,1500,1500,1500,1500,8.3
2026-08-17,34:32.8,0,129,-1024,60,0,-1024,952,-1,-1,1,-1,-1,-1,-1,-1,-1,-1,-1,-1,0x0000000000000000,1530,1563,1000,1500,2012,988,988,988,988,988,1500,988,1500,1500,1500,1500,1500,1500,1500,1500,1500,1500,1500,1500,1500,1500,1500,1500,1500,1500,1500,1500,8.3
2026-08-17,34:32.9,2,82,-1007,96,-1,-1024,952,-1,-1,1,-1,-1,-1,-1,-1,-1,-1,-1,-1,0x0000000000000000,1547,1540,1008,1501,2012,988,988,988,988,988,1500,988,1500,1500,1500,1500,1500,1500,1500,1500,1500,1500,1500,1500,1500,1500,1500,1500,1500,1500,1500,1500,8.3
2026-08-17,34:33.0,13,-2,-1005,156,0,-1024,952,-1,-1,1,-1,-1,-1,-1,-1,-1,-1,-1,-1,0x0000000000000000,1576,1499,1009,1506,2012,988,988,988,988,988,1500,988,1500,1500,1500,1500,1500,1500,1500,1500,1500,1500,1500,1500,1500,1500,1500,1500,1500,1500,1500,1500,8.3
2026-08-17,34:33.1,2,-8,-815,42,0,-1024,952,-1,-1,1,-1,-1,-1,-1,-1,-1,-1,-1,-1,0x0000000000000000,1521,1496,1102,1501,2012,988,988,988,988,988,1500,988,1500,1500,1500,1500,1500,1500,1500,1500,1500,1500,1500,1500,1500,1500,1500,1500,1500,1500,1500,1500,8.3
2026-08-17,34:33.2,0,-4,-658,-3,0,-1024,952,-1,-1,1,-1,-1,-1,-1,-1,-1,-1,-1,-1,0x0000000000000000,1499,1498,1179,1500,2012,988,988,988,988,988,1500,988,1500,1500,1500,1500,1500,1500,1500,1500,1500,1500,1500,1500,1500,1500,1500,1500,1500,1500,1500,1500,8.3
2026-08-17,34:33.3,0,-3,-342,-4,0,-1024,952,-1,-1,1,-1,-1,-1,-1,-1,-1,-1,-1,-1,0x0000000000000000,1499,1499,1333,1500,2012,988,988,988,988,988,1500,988,1500,1500,1500,1500,1500,1500,1500,1500,1500,1500,1500,1500,1500,1500,1500,1500,1500,1500,1500,1500,8.3
2026-08-17,34:33.4,0,-9,336,-2,0,-1024,952,-1,-1,1,-1,-1,-1,-1,-1,-1,-1,-1,-1,0x0000000000000000,1500,1496,1664,1500,2012,988,988,988,988,988,1500,988,1500,1500,1500,1500,1500,1500,1500,1500,1500,1500,1500,1500,1500,1500,1500,1500,1500,1500,1500,1500,8.3
2026-08-17,34:33.5,0,-30,976,-5,0,-1024,952,-1,-1,1,-1,-1,-1,-1,-1,-1,-1,-1,-1,0x0000000000000000,1498,1486,1976,1500,2012,988,988,988,988,988,1500,988,1500,1500,1500,1500,1500,1500,1500,1500,1500,1500,1500,1500,1500,1500,1500,1500,1500,1500,1500,1500,8.3
2026-08-17,34:33.6,0,-78,1023,-5,0,-1024,952,-1,-1,1,-1,-1,-1,-1,-1,-1,-1,-1,-1,0x0000000000000000,1498,1462,1999,1500,2012,988,988,988,988,988,1500,988,1500,1500,1500,1500,1500,1500,1500,1500,1500,1500,1500,1500,1500,1500,1500,1500,1500,1500,1500,1500,8.3
2026-08-17,34:33.7,0,-91,1024,-3,0,-1024,952,-1,-1,1,-1,-1,-1,-1,-1,-1,-1,-1,-1,0x0000000000000000,1499,1456,2000,1500,2012,988,988,988,988,988,1500,988,1500,1500,1500,1500,1500,1500,1500,1500,1500,1500,1500,1500,1500,1500,1500,1500,1500,1500,1500,1500,8.3
2026-08-17,34:33.8,0,-88,1024,14,0,-1024,952,-1,-1,1,-1,-1,-1,-1,-1,-1,-1,-1,-1,0x0000000000000000,1507,1457,2000,1500,2012,988,988,988,988,988,1500,988,1500,1500,1500,1500,1500,1500,1500,1500,1500,1500,1500,1500,1500,1500,1500,1500,1500,1500,1500,1500,8.3
2026-08-17,34:33.9,0,-192,1024,59,0,-1024,952,-1,-1,1,-1,-1,-1,-1,-1,-1,-1,-1,-1,0x0000000000000000,1529,1406,2000,1500,2012,988,988,988,988,988,1500,988,1500,1500,1500,1500,1500,1500,1500,1500,1500,1500,1500,1500,1500,1500,1500,1500,1500,1500,1500,1500,8.3
2026-08-17,34:34.0,0,-222,919,55,0,-1024,952,-1,-1,1,-1,-1,-1,-1,-1,-1,-1,-1,-1,0x0000000000000000,1527,1392,1948,1500,2012,988,988,988,988,988,1500,988,1500,1500,1500,1500,1500,1500,1500,1500,1500,1500,1500,1500,1500,1500,1500,1500,1500,1500,1500,1500,8.3
2026-08-17,34:34.1,0,-200,-399,-414,0,-1024,952,-1,-1,1,-1,-1,-1,-1,-1,-1,-1,-1,-1,0x0000000000000000,1298,1402,1305,1500,2012,988,988,988,988,988,1500,988,1500,1500,1500,1500,1500,1500,1500,1500,1500,1500,1500,1500,1500,1500,1500,1500,1500,1500,1500,1500,8.3
2026-08-17,34:34.2,0,-105,-1024,-1023,0,-1024,952,-1,-1,1,-1,-1,-1,-1,-1,-1,-1,-1,-1,0x0000000000000000,1000,1449,1000,1500,2012,988,988,988,988,988,1500,988,1500,1500,1500,1500,1500,1500,1500,1500,1500,1500,1500,1500,1500,1500,1500,1500,1500,1500,1500,1500,8.3
2026-08-17,34:34.3,-101,-100,-1024,-883,0,-1024,952,-1,-1,1,-1,-1,-1,-1,-1,-1,-1,-1,-1,0x0000000000000000,1069,1451,1000,1451,2012,988,988,988,988,988,1500,988,1500,1500,1500,1500,1500,1500,1500,1500,1500,1500,1500,1500,1500,1500,1500,1500,1500,1500,1500,1500,8.3
2026-08-17,34:34.4,-170,-39,-1024,-487,0,-1024,952,-1,-1,1,-1,-1,-1,-1,-1,-1,-1,-1,-1,0x0000000000000000,1262,1481,1000,1417,2012,988,988,988,988,988,1500,988,1500,1500,1500,1500,1500,1500,1500,1500,1500,1500,1500,1500,1500,1500,1500,1500,1500,1500,1500,1500,8.3
2026-08-17,34:34.5,-180,-33,-1024,-369,0,-1024,952,-1,-1,1,-1,-1,-1,-1,-1,-1,-1,-1,-1,0x0000000000000000,1320,1484,1000,1412,2012,988,988,988,988,988,1500,988,1500,1500,1500,1500,1500,1500,1500,1500,1500,1500,1500,1500,1500,1500,1500,1500,1500,1500,1500,1500,8.3
2026-08-17,34:34.6,-150,-34,-1024,-176,-1,-1024,952,-1,-1,1,-1,-1,-1,-1,-1,-1,-1,-1,-1,0x0000000000000000,1415,1484,1000,1427,2012,988,988,988,988,988,1500,988,1500,1500,1500,1500,1500,1500,1500,1500,1500,1500,1500,1500,1500,1500,1500,1500,1500,1500,1500,1500,8.3
2026-08-17,34:34.7,-33,-125,-1024,-60,0,-1024,952,-1,-1,1,-1,-1,-1,-1,-1,-1,-1,-1,-1,0x0000000000000000,1471,1439,1000,1484,2012,988,988,988,988,988,1500,988,1500,1500,1500,1500,1500,1500,1500,1500,1500,1500,1500,1500,1500,1500,1500,1500,1500,1500,1500,1500,8.3
2026-08-17,34:34.8,-6,-168,-935,-47,0,-1024,952,-1,-1,1,-1,-1,-1,-1,-1,-1,-1,-1,-1,0x0000000000000000,1478,1418,1043,1497,2012,988,988,988,988,988,1500,988,1500,1500,1500,1500,1500,1500,1500,1500,1500,1500,1500,1500,1500,1500,1500,1500,1500,1500,1500,1500,8.3
2026-08-17,34:34.9,-51,-216,-690,-106,-1,-1024,952,-1,-1,1,-1,-1,-1,-1,-1,-1,-1,-1,-1,0x0000000000000000,1449,1395,1163,1475,2012,988,988,988,988,988,1500,988,1500,1500,1500,1500,1500,1500,1500,1500,1500,1500,1500,1500,1500,1500,1500,1500,1500,1500,1500,1500,8.3
2026-08-17,34:35.0,-53,-328,-324,-152,0,-1024,952,-1,-1,1,-1,-1,-1,-1,-1,-1,-1,-1,-1,0x0000000000000000,1426,1340,1342,1474,2012,988,988,988,988,988,1500,988,1500,1500,1500,1500,1500,1500,1500,1500,1500,1500,1500,1500,1500,1500,1500,1500,1500,1500,1500,1500,8.3
2026-08-17,34:35.1,-50,-316,-42,-137,0,-1024,952,-1,-1,1,-1,-1,-1,-1,-1,-1,-1,-1,-1,0x0000000000000000,1434,1346,1480,1476,2012,988,988,988,988,988,1500,988,1500,1500,1500,1500,1500,1500,1500,1500,1500,1500,1500,1500,1500,1500,1500,1500,1500,1500,1500,1500,8.3
2026-08-17,34:35.2,0,-288,37,-79,0,-1024,952,-1,-1,1,-1,-1,-1,-1,-1,-1,-1,-1,-1,0x0000000000000000,1462,1359,1518,1500,2012,988,988,988,988,988,1500,988,1500,1500,1500,1500,1500,1500,1500,1500,1500,1500,1500,1500,1500,1500,1500,1500,1500,1500,1500,1500,8.3
2026-08-17,34:35.3,0,-280,55,-61,0,-1024,952,-1,-1,1,-1,-1,-1,-1,-1,-1,-1,-1,-1,0x0000000000000000,1471,1363,1527,1500,2012,988,988,988,988,988,1500,988,1500,1500,1500,1500,1500,1500,1500,1500,1500,1500,1500,1500,1500,1500,1500,1500,1500,1500,1500,1500,8.3
2026-08-17,34:35.4,0,-288,140,-64,0,-1024,952,-1,-1,1,-1,-1,-1,-1,-1,-1,-1,-1,-1,0x0000000000000000,1469,1359,1568,1500,2012,988,988,988,988,988,1500,988,1500,1500,1500,1500,1500,1500,1500,1500,1500,1500,1500,1500,1500,1500,1500,1500,1500,1500,1500,1500,8.3
2026-08-17,34:35.5,-4,-297,188,-63,-1,-1024,952,-1,-1,1,-1,-1,-1,-1,-1,-1,-1,-1,-1,0x0000000000000000,1470,1355,1592,1498,2012,988,988,988,988,988,1500,988,1500,1500,1500,1500,1500,1500,1500,1500,1500,1500,1500,1500,1500,1500,1500,1500,1500,1500,1500,1500,8.3
2026-08-17,34:35.6,-4,-301,198,-57,0,-1024,952,-1,-1,1,-1,-1,-1,-1,-1,-1,-1,-1,-1,0x0000000000000000,1473,1353,1596,1498,2012,988,988,988,988,988,1500,988,1500,1500,1500,1500,1500,1500,1500,1500,1500,1500,1500,1500,1500,1500,1500,1500,1500,1500,1500,1500,8.3
2026-08-17,34:35.7,0,-286,228,0,0,-1024,952,-1,-1,1,-1,-1,-1,-1,-1,-1,-1,-1,-1,0x0000000000000000,1500,1360,1611,1500,2012,988,988,988,988,988,1500,988,1500,1500,1500,1500,1500,1500,1500,1500,1500,1500,1500,1500,1500,1500,1500,1500,1500,1500,1500,1500,8.3
2026-08-17,34:35.8,0,-263,273,2,0,-1024,952,-1,-1,1,-1,-1,-1,-1,-1,-1,-1,-1,-1,0x0000000000000000,1501,1372,1633,1500,2012,988,988,988,988,988,1500,988,1500,1500,1500,1500,1500,1500,1500,1500,1500,1500,1500,1500,1500,1500,1500,1500,1500,1500,1500,1500,8.3
2026-08-17,34:35.9,-40,-294,444,-2,0,-1024,952,-1,-1,1,-1,-1,-1,-1,-1,-1,-1,-1,-1,0x0000000000000000,1500,1357,1717,1481,2012,988,988,988,988,988,1500,988,1500,1500,1500,1500,1500,1500,1500,1500,1500,1500,1500,1500,1500,1500,1500,1500,1500,1500,1500,1500,8.3
2026-08-17,34:36.0,-72,-301,470,-72,0,-1024,952,-1,-1,1,-1,-1,-1,-1,-1,-1,-1,-1,-1,0x0000000000000000,1466,1353,1729,1465,2012,988,988,988,988,988,1500,988,1500,1500,1500,1500,1500,1500,1500,1500,1500,1500,1500,1500,1500,1500,1500,1500,1500,1500,1500,1500,8.3
2026-08-17,34:36.1,-152,-303,450,-144,0,-1024,952,-1,-1,1,-1,-1,-1,-1,-1,-1,-1,-1,-1,0x0000000000000000,1430,1352,1719,1425,2012,988,988,988,988,988,1500,988,1500,1500,1500,1500,1500,1500,1500,1500,1500,1500,1500,1500,1500,1500,1500,1500,1500,1500,1500,1500,8.3
2026-08-17,34:36.2,-128,-327,470,-149,0,-1024,952,-1,-1,1,-1,-1,-1,-1,-1,-1,-1,-1,-1,0x0000000000000000,1428,1340,1729,1438,2012,988,988,988,988,988,1500,988,1500,1500,1500,1500,1500,1500,1500,1500,1500,1500,1500,1500,1500,1500,1500,1500,1500,1500,1500,1500,8.3
2026-08-17,34:36.3,-106,-311,525,-70,0,-1024,952,-1,-1,1,-1,-1,-1,-1,-1,-1,-1,-1,-1,0x0000000000000000,1467,1348,1756,1448,2012,988,988,988,988,988,1500,988,1500,1500,1500,1500,1500,1500,1500,1500,1500,1500,1500,1500,1500,1500,1500,1500,1500,1500,1500,1500,8.3
2026-08-17,34:36.4,-162,-161,527,-6,0,-1024,952,-1,-1,1,-1,-1,-1,-1,-1,-1,-1,-1,-1,0x0000000000000000,1498,1422,1757,1421,2012,988,988,988,988,988,1500,988,1500,1500,1500,1500,1500,1500,1500,1500,1500,1500,1500,1500,1500,1500,1500,1500,1500,1500,1500,1500,8.3
2026-08-17,34:36.5,-406,-109,550,-195,0,-1024,952,-1,-1,1,-1,-1,-1,-1,-1,-1,-1,-1,-1,0x0000000000000000,1405,1447,1768,1302,2012,988,988,988,988,988,1500,988,1500,1500,1500,1500,1500,1500,1500,1500,1500,1500,1500,1500,1500,1500,1500,1500,1500,1500,1500,1500,8.3
2026-08-17,34:36.6,-822,-211,567,-515,-1,-1024,952,-1,-1,1,-1,-1,-1,-1,-1,-1,-1,-1,-1,0x0000000000000000,1249,1397,1777,1098,2012,988,988,988,988,988,1500,988,1500,1500,1500,1500,1500,1500,1500,1500,1500,1500,1500,1500,1500,1500,1500,1500,1500,1500,1500,1500,8.3
2026-08-17,34:36.7,-731,-175,272,-320,0,-1024,952,-1,-1,1,-1,-1,-1,-1,-1,-1,-1,-1,-1,0x0000000000000000,1344,1415,1633,1143,2012,988,988,988,988,988,1500,988,1500,1500,1500,1500,1500,1500,1500,1500,1500,1500,1500,1500,1500,1500,1500,1500,1500,1500,1500,1500,8.3
2026-08-17,34:36.8,-640,-36,-714,-240,0,-1024,952,-1,-1,1,-1,-1,-1,-1,-1,-1,-1,-1,-1,0x0000000000000000,1383,1483,1151,1187,2012,988,988,988,988,988,1500,988,1500,1500,1500,1500,1500,1500,1500,1500,1500,1500,1500,1500,1500,1500,1500,1500,1500,1500,1500,1500,8.3
2026-08-17,34:36.9,-395,196,-1024,-570,-1,-1024,952,-1,-1,1,-1,-1,-1,-1,-1,-1,-1,-1,-1,0x0000000000000000,1222,1595,1000,1307,2012,988,988,988,988,988,1500,988,1500,1500,1500,1500,1500,1500,1500,1500,1500,1500,1500,1500,1500,1500,1500,1500,1500,1500,1500,1500,8.3
2026-08-17,34:37.0,-296,303,-1024,-278,0,-1024,952,-1,-1,1,-1,-1,-1,-1,-1,-1,-1,-1,-1,0x0000000000000000,1365,1648,1000,1356,2012,988,988,988,988,988,1500,988,1500,1500,1500,1500,1500,1500,1500,1500,1500,1500,1500,1500,1500,1500,1500,1500,1500,1500,1500,1500,8.3
2026-08-17,34:37.1,-25,179,-1024,-47,0,-1024,952,-1,-1,1,-1,-1,-1,-1,-1,-1,-1,-1,-1,0x0000000000000000,1484,1587,1000,1488,2012,988,988,988,988,988,1500,988,1500,1500,1500,1500,1500,1500,1500,1500,1500,1500,1500,1500,1500,1500,1500,1500,1500,1500,1500,1500,8.3
2026-08-17,34:37.2,-3,88,-938,-198,0,-1024,952,-1,-1,1,-1,-1,-1,-1,-1,-1,-1,-1,-1,0x0000000000000000,1404,1543,1042,1499,2012,988,988,988,988,988,1500,988,1500,1500,1500,1500,1500,1500,1500,1500,1500,1500,1500,1500,1500,1500,1500,1500,1500,1500,1500,1500,8.3
2026-08-17,34:37.3,-155,157,-803,-410,0,-1024,952,-1,-1,1,-1,-1,-1,-1,-1,-1,-1,-1,-1,0x0000000000000000,1300,1576,1108,1424,2012,988,988,988,988,988,1500,988,1500,1500,1500,1500,1500,1500,1500,1500,1500,1500,1500,1500,1500,1500,1500,1500,1500,1500,1500,1500,8.3
2026-08-17,34:37.4,-123,276,-557,-209,0,-1024,952,-1,-1,1,-1,-1,-1,-1,-1,-1,-1,-1,-1,0x0000000000000000,1398,1635,1228,1440,2012,988,988,988,988,988,1500,988,1500,1500,1500,1500,1500,1500,1500,1500,1500,1500,1500,1500,1500,1500,1500,1500,1500,1500,1500,1500,8.3
2026-08-17,34:37.5,-1,168,94,-207,0,-1024,952,-1,-1,1,-1,-1,-1,-1,-1,-1,-1,-1,-1,0x0000000000000000,1399,1582,1546,1500,2012,988,988,988,988,988,1500,988,1500,1500,1500,1500,1500,1500,1500,1500,1500,1500,1500,1500,1500,1500,1500,1500,1500,1500,1500,1500,8.3
2026-08-17,34:37.6,0,1,809,-201,0,-1024,952,-1,-1,1,-1,-1,-1,-1,-1,-1,-1,-1,-1,0x0000000000000000,1402,1500,1895,1500,2012,988,988,988,988,988,1500,988,1500,1500,1500,1500,1500,1500,1500,1500,1500,1500,1500,1500,1500,1500,1500,1500,1500,1500,1500,1500,8.3
2026-08-17,34:37.7,0,-2,1023,-41,0,-1024,952,-1,-1,1,-1,-1,-1,-1,-1,-1,-1,-1,-1,0x0000000000000000,1481,1499,1999,1500,2012,988,988,988,988,988,1500,988,1500,1500,1500,1500,1500,1500,1500,1500,1500,1500,1500,1500,1500,1500,1500,1500,1500,1500,1500,1500,8.3
2026-08-17,34:37.8,0,-19,1024,-30,0,-1024,952,-1,-1,1,-1,-1,-1,-1,-1,-1,-1,-1,-1,0x0000000000000000,1486,1491,2000,1500,2012,988,988,988,988,988,1500,988,1500,1500,1500,1500,1500,1500,1500,1500,1500,1500,1500,1500,1500,1500,1500,1500,1500,1500,1500,1500,8.3
2026-08-17,34:37.9,0,-4,1024,-120,0,-1024,952,-1,-1,1,-1,-1,-1,-1,-1,-1,-1,-1,-1,0x0000000000000000,1442,1498,2000,1500,2012,988,988,988,988,988,1500,988,1500,1500,1500,1500,1500,1500,1500,1500,1500,1500,1500,1500,1500,1500,1500,1500,1500,1500,1500,1500,8.3
2026-08-17,34:38.0,0,31,1024,-158,-1,-1024,952,-1,-1,1,-1,-1,-1,-1,-1,-1,-1,-1,-1,0x0000000000000000,1423,1515,2000,1500,2012,988,988,988,988,988,1500,988,1500,1500,1500,1500,1500,1500,1500,1500,1500,1500,1500,1500,1500,1500,1500,1500,1500,1500,1500,1500,8.3
2026-08-17,34:38.1,0,66,1024,-105,0,-1024,952,-1,-1,1,-1,-1,-1,-1,-1,-1,-1,-1,-1,0x0000000000000000,1449,1532,2000,1500,2012,988,988,988,988,988,1500,988,1500,1500,1500,1500,1500,1500,1500,1500,1500,1500,1500,1500,1500,1500,1500,1500,1500,1500,1500,1500,8.3
2026-08-17,34:38.2,0,172,561,-97,0,-1024,952,-1,-1,1,-1,-1,-1,-1,-1,-1,-1,-1,-1,0x0000000000000000,1453,1584,1774,1500,2012,988,988,988,988,988,1500,988,1500,1500,1500,1500,1500,1500,1500,1500,1500,1500,1500,1500,1500,1500,1500,1500,1500,1500,1500,1500,8.3
2026-08-17,34:38.3,0,211,-914,-47,0,-1024,952,-1,-1,1,-1,-1,-1,-1,-1,-1,-1,-1,-1,0x0000000000000000,1478,1603,1054,1500,2012,988,988,988,988,988,1500,988,1500,1500,1500,1500,1500,1500,1500,1500,1500,1500,1500,1500,1500,1500,1500,1500,1500,1500,1500,1500,8.3
2026-08-17,34:38.4,-173,240,-1024,-2,0,-1024,952,-1,-1,1,-1,-1,-1,-1,-1,-1,-1,-1,-1,0x0000000000000000,1500,1617,1000,1416,2012,988,988,988,988,988,1500,988,1500,1500,1500,1500,1500,1500,1500,1500,1500,1500,1500,1500,1500,1500,1500,1500,1500,1500,1500,1500,8.3
2026-08-17,34:38.5,-283,215,-1024,0,0,-1024,952,-1,-1,1,-1,-1,-1,-1,-1,-1,-1,-1,-1,0x0000000000000000,1500,1605,1000,1362,2012,988,988,988,988,988,1500,988,1500,1500,1500,1500,1500,1500,1500,1500,1500,1500,1500,1500,1500,1500,1500,1500,1500,1500,1500,1500,8.3
2026-08-17,34:38.6,-337,246,-1024,2,0,-1024,952,-1,-1,1,-1,-1,-1,-1,-1,-1,-1,-1,-1,0x0000000000000000,1501,1620,1000,1336,2012,988,988,988,988,988,1500,988,1500,1500,1500,1500,1500,1500,1500,1500,1500,1500,1500,1500,1500,1500,1500,1500,1500,1500,1500,1500,8.3
2026-08-17,34:38.7,-417,361,-932,4,0,-1024,952,-1,-1,1,-1,-1,-1,-1,-1,-1,-1,-1,-1,0x0000000000000000,1502,1676,1045,1296,2012,988,988,988,988,988,1500,988,1500,1500,1500,1500,1500,1500,1500,1500,1500,1500,1500,1500,1500,1500,1500,1500,1500,1500,1500,1500,8.3
2026-08-17,34:38.8,-523,285,-762,7,0,-1024,952,-1,-1,1,-1,-1,-1,-1,-1,-1,-1,-1,-1,0x0000000000000000,1504,1639,1128,1245,2012,988,988,988,988,988,1500,988,1500,1500,1500,1500,1500,1500,1500,1500,1500,1500,1500,1500,1500,1500,1500,1500,1500,1500,1500,1500,8.3
2026-08-17,34:38.9,-404,127,-811,271,0,-1024,952,-1,-1,1,-1,-1,-1,-1,-1,-1,-1,-1,-1,0x0000000000000000,1632,1562,1104,1303,2012,988,988,988,988,988,1500,988,1500,1500,1500,1500,1500,1500,1500,1500,1500,1500,1500,1500,1500,1500,1500,1500,1500,1500,1500,1500,8.3
2026-08-17,34:39.0,-337,-26,-842,744,0,-1024,952,-1,-1,1,-1,-1,-1,-1,-1,-1,-1,-1,-1,0x0000000000000000,1863,1488,1089,1336,2012,988,988,988,988,988,1500,988,1500,1500,1500,1500,1500,1500,1500,1500,1500,1500,1500,1500,1500,1500,1500,1500,1500,1500,1500,1500,8.3
2026-08-17,34:39.1,-328,-126,-841,847,0,-1024,952,-1,-1,1,-1,-1,-1,-1,-1,-1,-1,-1,-1,0x0000000000000000,1913,1439,1089,1340,2012,988,988,988,988,988,1500,988,1500,1500,1500,1500,1500,1500,1500,1500,1500,1500,1500,1500,1500,1500,1500,1500,1500,1500,1500,1500,8.3
2026-08-17,34:39.2,-317,-123,-841,877,0,-1024,952,-1,-1,1,-1,-1,-1,-1,-1,-1,-1,-1,-1,0x0000000000000000,1928,1440,1089,1346,2012,988,988,988,988,988,1500,988,1500,1500,1500,1500,1500,1500,1500,1500,1500,1500,1500,1500,1500,1500,1500,1500,1500,1500,1500,1500,8.3
2026-08-17,34:39.3,-232,-61,-860,1000,0,-1024,952,-1,-1,1,-1,-1,-1,-1,-1,-1,-1,-1,-1,0x0000000000000000,1988,1470,1080,1387,2012,988,988,988,988,988,1500,988,1500,1500,1500,1500,1500,1500,1500,1500,1500,1500,1500,1500,1500,1500,1500,1500,1500,1500,1500,1500,8.3
2026-08-17,34:39.4,-2,-6,-698,853,0,-1024,952,-1,-1,1,-1,-1,-1,-1,-1,-1,-1,-1,-1,0x0000000000000000,1916,1497,1159,1499,2012,988,988,988,988,988,1500,988,1500,1500,1500,1500,1500,1500,1500,1500,1500,1500,1500,1500,1500,1500,1500,1500,1500,1500,1500,1500,8.3
2026-08-17,34:39.5,0,0,-206,196,0,-1024,952,-1,-1,1,-1,-1,-1,-1,-1,-1,-1,-1,-1,0x0000000000000000,1596,1500,1400,1500,2012,988,988,988,988,988,1500,988,1500,1500,1500,1500,1500,1500,1500,1500,1500,1500,1500,1500,1500,1500,1500,1500,1500,1500,1500,1500,8.3
2026-08-17,34:39.6,-217,1,222,-116,-1,-1024,952,-1,-1,1,-1,-1,-1,-1,-1,-1,-1,-1,-1,0x0000000000000000,1437,1500,1615,1385,2012,988,988,988,988,988,1500,988,1500,1500,1500,1500,1500,1500,1500,1500,1500,1500,1500,1500,1500,1500,1500,1500,1500,1500,1500,1500,8.3
2026-08-17,34:39.7,-362,193,291,-229,0,-1024,952,-1,-1,1,-1,-1,-1,-1,-1,-1,-1,-1,-1,0x0000000000000000,1389,1594,1642,1323,2012,988,988,988,988,988,1500,988,1500,1500,1500,1500,1500,1500,1500,1500,1500,1500,1500,1500,1500,1500,1500,1500,1500,1500,1500,1500,8.3
2026-08-17,34:39.8,-386,374,43,-119,0,-1024,952,-1,-1,1,-1,-1,-1,-1,-1,-1,-1,-1,-1,0x0000000000000000,1443,1682,1521,1312,2012,988,988,988,988,988,1500,988,1500,1500,1500,1500,1500,1500,1500,1500,1500,1500,1500,1500,1500,1500,1500,1500,1500,1500,1500,1500,8.3
2026-08-17,34:39.9,-149,329,-548,-8,0,-1024,952,-1,-1,1,-1,-1,-1,-1,-1,-1,-1,-1,-1,0x0000000000000000,1497,1660,1232,1427,2012,988,988,988,988,988,1500,988,1500,1500,1500,1500,1500,1500,1500,1500,1500,1500,1500,1500,1500,1500,1500,1500,1500,1500,1500,1500,8.3
2026-08-17,34:40.0,-1,283,-1024,-4,0,-1024,952,-1,-1,1,-1,-1,-1,-1,-1,-1,-1,-1,-1,0x0000000000000000,1499,1638,1000,1500,2012,988,988,988,988,988,1500,988,1500,1500,1500,1500,1500,1500,1500,1500,1500,1500,1500,1500,1500,1500,1500,1500,1500,1500,1500,1500,8.3
2026-08-17,34:40.1,131,275,-1024,-1,0,-1024,952,-1,-1,1,-1,-1,-1,-1,-1,-1,-1,-1,-1,0x0000000000000000,1500,1634,1000,1564,2012,988,988,988,988,988,1500,988,1500,1500,1500,1500,1500,1500,1500,1500,1500,1500,1500,1500,1500,1500,1500,1500,1500,1500,1500,1500,8.3
2026-08-17,34:40.2,0,406,-1010,-1,0,-1024,952,-1,-1,1,-1,-1,-1,-1,-1,-1,-1,-1,-1,0x0000000000000000,1500,1698,1007,1500,2012,988,988,988,988,988,1500,988,1500,1500,1500,1500,1500,1500,1500,1500,1500,1500,1500,1500,1500,1500,1500,1500,1500,1500,1500,1500,8.3
2026-08-17,34:40.3,67,176,-1007,-1,0,-1024,952,-1,-1,1,-1,-1,-1,-1,-1,-1,-1,-1,-1,0x0000000000000000,1500,1586,1008,1532,2012,988,988,988,988,988,1500,988,1500,1500,1500,1500,1500,1500,1500,1500,1500,1500,1500,1500,1500,1500,1500,1500,1500,1500,1500,1500,8.3
2026-08-17,34:40.4,1,-195,5,-3,0,-1024,952,-1,-1,1,-1,-1,-1,-1,-1,-1,-1,-1,-1,0x0000000000000000,1499,1405,1502,1500,2012,988,988,988,988,988,1500,988,1500,1500,1500,1500,1500,1500,1500,1500,1500,1500,1500,1500,1500,1500,1500,1500,1500,1500,1500,1500,8.3
2026-08-17,34:40.5,0,-398,264,0,0,-1024,952,-1,-1,1,-1,-1,-1,-1,-1,-1,-1,-1,-1,0x0000000000000000,1500,1306,1629,1500,2012,988,988,988,988,988,1500,988,1500,1500,1500,1500,1500,1500,1500,1500,1500,1500,1500,1500,1500,1500,1500,1500,1500,1500,1500,1500,8.3
2026-08-17,34:40.6,0,-351,388,-58,0,-1024,952,-1,-1,1,-1,-1,-1,-1,-1,-1,-1,-1,-1,0x0000000000000000,1472,1329,1689,1500,2012,988,988,988,988,988,1500,988,1500,1500,1500,1500,1500,1500,1500,1500,1500,1500,1500,1500,1500,1500,1500,1500,1500,1500,1500,1500,8.3
2026-08-17,34:40.7,0,-215,115,-9,0,-1024,952,-1,-1,1,-1,-1,-1,-1,-1,-1,-1,-1,-1,0x0000000000000000,1496,1395,1556,1500,2012,988,988,988,988,988,1500,988,1500,1500,1500,1500,1500,1500,1500,1500,1500,1500,1500,1500,1500,1500,1500,1500,1500,1500,1500,1500,8.3
2026-08-17,34:40.8,0,-394,-16,-5,0,-1024,952,-1,-1,1,-1,-1,-1,-1,-1,-1,-1,-1,-1,0x0000000000000000,1498,1308,1492,1500,2012,988,988,988,988,988,1500,988,1500,1500,1500,1500,1500,1500,1500,1500,1500,1500,1500,1500,1500,1500,1500,1500,1500,1500,1500,1500,8.3
2026-08-17,34:40.9,0,-386,4,-5,0,-1024,952,-1,-1,1,-1,-1,-1,-1,-1,-1,-1,-1,-1,0x0000000000000000,1498,1312,1502,1500,2012,988,988,988,988,988,1500,988,1500,1500,1500,1500,1500,1500,1500,1500,1500,1500,1500,1500,1500,1500,1500,1500,1500,1500,1500,1500,8.3
2026-08-17,34:41.0,0,-167,-98,-5,0,-1024,952,-1,-1,1,-1,-1,-1,-1,-1,-1,-1,-1,-1,0x0000000000000000,1498,1419,1452,1500,2012,988,988,988,988,988,1500,988,1500,1500,1500,1500,1500,1500,1500,1500,1500,1500,1500,1500,1500,1500,1500,1500,1500,1500,1500,1500,8.3
2026-08-17,34:41.1,-3,-148,-230,-29,0,-1024,952,-1,-1,1,-1,-1,-1,-1,-1,-1,-1,-1,-1,0x0000000000000000,1487,1428,1388,1499,2012,988,988,988,988,988,1500,988,1500,1500,1500,1500,1500,1500,1500,1500,1500,1500,1500,1500,1500,1500,1500,1500,1500,1500,1500,1500,8.3
2026-08-17,34:41.2,0,-70,-288,-30,0,-1024,952,-1,-1,1,-1,-1,-1,-1,-1,-1,-1,-1,-1,0x0000000000000000,1486,1466,1359,1500,2012,988,988,988,988,988,1500,988,1500,1500,1500,1500,1500,1500,1500,1500,1500,1500,1500,1500,1500,1500,1500,1500,1500,1500,1500,1500,8.3
2026-08-17,34:41.3,0,-142,-358,-37,0,-1024,952,-1,-1,1,-1,-1,-1,-1,-1,-1,-1,-1,-1,0x0000000000000000,1483,1431,1325,1500,2012,988,988,988,988,988,1500,988,1500,1500,1500,1500,1500,1500,1500,1500,1500,1500,1500,1500,1500,1500,1500,1500,1500,1500,1500,1500,8.3
2026-08-17,34:41.4,0,-248,-201,-31,0,-1024,952,-1,-1,1,-1,-1,-1,-1,-1,-1,-1,-1,-1,0x0000000000000000,1486,1379,1402,1500,2012,988,988,988,988,988,1500,988,1500,1500,1500,1500,1500,1500,1500,1500,1500,1500,1500,1500,1500,1500,1500,1500,1500,1500,1500,1500,8.3
2026-08-17,34:41.5,0,-145,-83,-6,0,-1024,952,-1,-1,1,-1,-1,-1,-1,-1,-1,-1,-1,-1,0x0000000000000000,1498,1429,1460,1500,2012,988,988,988,988,988,1500,988,1500,1500,1500,1500,1500,1500,1500,1500,1500,1500,1500,1500,1500,1500,1500,1500,1500,1500,1500,1500,8.3
2026-08-17,34:41.6,-57,-134,-46,-44,0,-1024,952,-1,-1,1,-1,-1,-1,-1,-1,-1,-1,-1,-1,0x0000000000000000,1479,1435,1478,1472,2012,988,988,988,988,988,1500,988,1500,1500,1500,1500,1500,1500,1500,1500,1500,1500,1500,1500,1500,1500,1500,1500,1500,1500,1500,1500,8.3
2026-08-17,34:41.7,-183,-207,243,-140,0,-1024,952,-1,-1,1,-1,-1,-1,-1,-1,-1,-1,-1,-1,0x0000000000000000,1432,1399,1618,1411,2012,988,988,988,988,988,1500,988,1500,1500,1500,1500,1500,1500,1500,1500,1500,1500,1500,1500,1500,1500,1500,1500,1500,1500,1500,1500,8.3
2026-08-17,34:41.8,-5,-113,-56,-15,0,-1024,952,-1,-1,1,-1,-1,-1,-1,-1,-1,-1,-1,-1,0x0000000000000000,1493,1445,1473,1498,2012,988,988,988,988,988,1500,988,1500,1500,1500,1500,1500,1500,1500,1500,1500,1500,1500,1500,1500,1500,1500,1500,1500,1500,1500,1500,8.3
2026-08-17,34:41.9,0,-98,-112,-7,0,-1024,952,-1,-1,1,-1,-1,-1,-1,-1,-1,-1,-1,-1,0x0000000000000000,1497,1452,1446,1500,2012,988,988,988,988,988,1500,988,1500,1500,1500,1500,1500,1500,1500,1500,1500,1500,1500,1500,1500,1500,1500,1500,1500,1500,1500,1500,8.3
2026-08-17,34:42.0,0,-128,93,-5,0,-1024,952,-1,-1,1,-1,-1,-1,-1,-1,-1,-1,-1,-1,0x0000000000000000,1498,1438,1545,1500,2012,988,988,988,988,988,1500,988,1500,1500,1500,1500,1500,1500,1500,1500,1500,1500,1500,1500,1500,1500,1500,1500,1500,1500,1500,1500,8.3
2026-08-17,34:42.1,0,-132,37,-7,0,-1024,952,-1,-1,1,-1,-1,-1,-1,-1,-1,-1,-1,-1,0x0000000000000000,1497,1436,1518,1500,2012,988,988,988,988,988,1500,988,1500,1500,1500,1500,1500,1500,1500,1500,1500,1500,1500,1500,1500,1500,1500,1500,1500,1500,1500,1500,8.3
2026-08-17,34:42.2,0,-239,-11,-18,0,-1024,952,-1,-1,1,-1,-1,-1,-1,-1,-1,-1,-1,-1,0x0000000000000000,1492,1383,1495,1500,2012,988,988,988,988,988,1500,988,1500,1500,1500,1500,1500,1500,1500,1500,1500,1500,1500,1500,1500,1500,1500,1500,1500,1500,1500,1500,8.3
2026-08-17,34:42.3,0,-99,-59,-54,0,-1024,952,-1,-1,1,-1,-1,-1,-1,-1,-1,-1,-1,-1,0x0000000000000000,1474,1452,1471,1500,2012,988,988,988,988,988,1500,988,1500,1500,1500,1500,1500,1500,1500,1500,1500,1500,1500,1500,1500,1500,1500,1500,1500,1500,1500,1500,8.3
2026-08-17,34:42.4,0,-20,-578,-100,0,-1024,952,-1,-1,1,-1,-1,-1,-1,-1,-1,-1,-1,-1,0x0000000000000000,1452,1490,1218,1500,2012,988,988,988,988,988,1500,988,1500,1500,1500,1500,1500,1500,1500,1500,1500,1500,1500,1500,1500,1500,1500,1500,1500,1500,1500,1500,8.3
2026-08-17,34:42.5,-64,-32,-678,-250,0,-1024,952,-1,-1,1,-1,-1,-1,-1,-1,-1,-1,-1,-1,0x0000000000000000,1378,1485,1169,1469,2012,988,988,988,988,988,1500,988,1500,1500,1500,1500,1500,1500,1500,1500,1500,1500,1500,1500,1500,1500,1500,1500,1500,1500,1500,1500,8.3
2026-08-17,34:42.6,0,-135,-233,-223,0,-1024,952,-1,-1,1,-1,-1,-1,-1,-1,-1,-1,-1,-1,0x0000000000000000,1392,1434,1386,1500,2012,988,988,988,988,988,1500,988,1500,1500,1500,1500,1500,1500,1500,1500,1500,1500,1500,1500,1500,1500,1500,1500,1500,1500,1500,1500,8.3
2026-08-17,34:42.7,-43,-229,122,-11,0,-1024,952,-1,-1,1,-1,-1,-1,-1,-1,-1,-1,-1,-1,0x0000000000000000,1495,1388,1559,1479,2012,988,988,988,988,988,1500,988,1500,1500,1500,1500,1500,1500,1500,1500,1500,1500,1500,1500,1500,1500,1500,1500,1500,1500,1500,1500,8.3
2026-08-17,34:42.8,-8,-94,132,-5,0,-1024,952,-1,-1,1,-1,-1,-1,-1,-1,-1,-1,-1,-1,0x0000000000000000,1498,1454,1564,1496,2012,988,988,988,988,988,1500,988,1500,1500,1500,1500,1500,1500,1500,1500,1500,1500,1500,1500,1500,1500,1500,1500,1500,1500,1500,1500,8.3
2026-08-17,34:42.9,-1,-2,-143,-3,0,-1024,952,-1,-1,1,-1,-1,-1,-1,-1,-1,-1,-1,-1,0x0000000000000000,1499,1499,1430,1500,2012,988,988,988,988,988,1500,988,1500,1500,1500,1500,1500,1500,1500,1500,1500,1500,1500,1500,1500,1500,1500,1500,1500,1500,1500,1500,8.3
2026-08-17,34:43.0,0,-33,-302,-1,0,-1024,952,-1,-1,1,-1,-1,-1,-1,-1,-1,-1,-1,-1,0x0000000000000000,1500,1484,1353,1500,2012,988,988,988,988,988,1500,988,1500,1500,1500,1500,1500,1500,1500,1500,1500,1500,1500,1500,1500,1500,1500,1500,1500,1500,1500,1500,8.3
2026-08-17,34:43.1,-84,-226,251,-1,0,-1024,952,-1,-1,1,-1,-1,-1,-1,-1,-1,-1,-1,-1,0x0000000000000000,1500,1390,1622,1459,2012,988,988,988,988,988,1500,988,1500,1500,1500,1500,1500,1500,1500,1500,1500,1500,1500,1500,1500,1500,1500,1500,1500,1500,1500,1500,8.3
2026-08-17,34:43.2,-29,-114,171,-1,0,-1024,952,-1,-1,1,-1,-1,-1,-1,-1,-1,-1,-1,-1,0x0000000000000000,1500,1445,1583,1486,2012,988,988,988,988,988,1500,988,1500,1500,1500,1500,1500,1500,1500,1500,1500,1500,1500,1500,1500,1500,1500,1500,1500,1500,1500,1500,8.3
2026-08-17,34:43.3,0,-3,-70,-2,0,-1024,952,-1,-1,1,-1,-1,-1,-1,-1,-1,-1,-1,-1,0x0000000000000000,1500,1499,1466,1500,2012,988,988,988,988,988,1500,988,1500,1500,1500,1500,1500,1500,1500,1500,1500,1500,1500,1500,1500,1500,1500,1500,1500,1500,1500,1500,8.3
2026-08-17,34:43.4,0,51,-317,-2,0,-1024,952,-1,-1,1,-1,-1,-1,-1,-1,-1,-1,-1,-1,0x0000000000000000,1500,1525,1345,1500,2012,988,988,988,988,988,1500,988,1500,1500,1500,1500,1500,1500,1500,1500,1500,1500,1500,1500,1500,1500,1500,1500,1500,1500,1500,1500,8.3
2026-08-17,34:43.5,0,66,-163,-1,0,-1024,952,-1,-1,1,-1,-1,-1,-1,-1,-1,-1,-1,-1,0x0000000000000000,1500,1532,1421,1500,2012,988,988,988,988,988,1500,988,1500,1500,1500,1500,1500,1500,1500,1500,1500,1500,1500,1500,1500,1500,1500,1500,1500,1500,1500,1500,8.3
2026-08-17,34:43.6,0,-1,35,-3,0,-1024,952,-1,-1,1,-1,-1,-1,-1,-1,-1,-1,-1,-1,0x0000000000000000,1499,1500,1517,1500,2012,988,988,988,988,988,1500,988,1500,1500,1500,1500,1500,1500,1500,1500,1500,1500,1500,1500,1500,1500,1500,1500,1500,1500,1500,1500,8.3
2026-08-17,34:43.7,0,-222,285,-2,-1,-1024,952,-1,-1,1,-1,-1,-1,-1,-1,-1,-1,-1,-1,0x0000000000000000,1500,1392,1639,1500,2012,988,988,988,988,988,1500,988,1500,1500,1500,1500,1500,1500,1500,1500,1500,1500,1500,1500,1500,1500,1500,1500,1500,1500,1500,1500,8.3
2026-08-17,34:43.8,0,-484,688,0,0,-1024,952,-1,-1,1,-1,-1,-1,-1,-1,-1,-1,-1,-1,0x0000000000000000,1500,1264,1836,1500,2012,988,988,988,988,988,1500,988,1500,1500,1500,1500,1500,1500,1500,1500,1500,1500,1500,1500,1500,1500,1500,1500,1500,1500,1500,1500,8.3
2026-08-17,34:43.9,0,-615,1016,5,0,-1024,952,-1,-1,1,-1,-1,-1,-1,-1,-1,-1,-1,-1,0x0000000000000000,1503,1200,1996,1500,2012,988,988,988,988,988,1500,988,1500,1500,1500,1500,1500,1500,1500,1500,1500,1500,1500,1500,1500,1500,1500,1500,1500,1500,1500,1500,8.3
2026-08-17,34:44.0,0,-560,1023,1,0,-1024,952,-1,-1,1,-1,-1,-1,-1,-1,-1,-1,-1,-1,0x0000000000000000,1501,1227,1999,1500,2012,988,988,988,988,988,1500,988,1500,1500,1500,1500,1500,1500,1500,1500,1500,1500,1500,1500,1500,1500,1500,1500,1500,1500,1500,1500,8.3
2026-08-17,34:44.1,0,-572,1024,-1,0,-1024,952,-1,-1,1,-1,-1,-1,-1,-1,-1,-1,-1,-1,0x0000000000000000,1500,1221,2000,1500,2012,988,988,988,988,988,1500,988,1500,1500,1500,1500,1500,1500,1500,1500,1500,1500,1500,1500,1500,1500,1500,1500,1500,1500,1500,1500,8.3
2026-08-17,34:44.2,0,-581,1024,0,0,-1024,952,-1,-1,1,-1,-1,-1,-1,-1,-1,-1,-1,-1,0x0000000000000000,1500,1216,2000,1500,2012,988,988,988,988,988,1500,988,1500,1500,1500,1500,1500,1500,1500,1500,1500,1500,1500,1500,1500,1500,1500,1500,1500,1500,1500,1500,8.3
2026-08-17,34:44.3,0,-595,1024,0,0,-1024,952,-1,-1,1,-1,-1,-1,-1,-1,-1,-1,-1,-1,0x0000000000000000,1500,1209,2000,1500,2012,988,988,988,988,988,1500,988,1500,1500,1500,1500,1500,1500,1500,1500,1500,1500,1500,1500,1500,1500,1500,1500,1500,1500,1500,1500,8.3
2026-08-17,34:44.4,0,-583,1024,-1,0,-1024,952,-1,-1,1,-1,-1,-1,-1,-1,-1,-1,-1,-1,0x0000000000000000,1500,1215,2000,1500,2012,988,988,988,988,988,1500,988,1500,1500,1500,1500,1500,1500,1500,1500,1500,1500,1500,1500,1500,1500,1500,1500,1500,1500,1500,1500,8.3
2026-08-17,34:44.5,-27,-624,393,0,0,-1024,952,-1,-1,1,-1,-1,-1,-1,-1,-1,-1,-1,-1,0x0000000000000000,1500,1195,1692,1487,2012,988,988,988,988,988,1500,988,1500,1500,1500,1500,1500,1500,1500,1500,1500,1500,1500,1500,1500,1500,1500,1500,1500,1500,1500,1500,8.3
2026-08-17,34:44.6,-15,-589,-1024,-2,0,-1024,952,-1,-1,1,-1,-1,-1,-1,-1,-1,-1,-1,-1,0x0000000000000000,1500,1212,1000,1493,2012,988,988,988,988,988,1500,988,1500,1500,1500,1500,1500,1500,1500,1500,1500,1500,1500,1500,1500,1500,1500,1500,1500,1500,1500,1500,8.3
2026-08-17,34:44.7,-17,-627,-1024,-3,0,-1024,952,-1,-1,1,-1,-1,-1,-1,-1,-1,-1,-1,-1,0x0000000000000000,1499,1194,1000,1492,2012,988,988,988,988,988,1500,988,1500,1500,1500,1500,1500,1500,1500,1500,1500,1500,1500,1500,1500,1500,1500,1500,1500,1500,1500,1500,8.3
2026-08-17,34:44.8,-60,-654,-1024,-1,0,-1024,952,-1,-1,1,-1,-1,-1,-1,-1,-1,-1,-1,-1,0x0000000000000000,1500,1181,1000,1471,2012,988,988,988,988,988,1500,988,1500,1500,1500,1500,1500,1500,1500,1500,1500,1500,1500,1500,1500,1500,1500,1500,1500,1500,1500,1500,8.3
2026-08-17,34:44.9,-144,-535,-1024,-5,0,-1024,952,-1,-1,1,-1,-1,-1,-1,-1,-1,-1,-1,-1,0x0000000000000000,1498,1239,1000,1430,2012,988,988,988,988,988,1500,988,1500,1500,1500,1500,1500,1500,1500,1500,1500,1500,1500,1500,1500,1500,1500,1500,1500,1500,1500,1500,8.3
2026-08-17,34:45.0,-147,-5,-1024,-4,0,-1024,952,-1,-1,1,-1,-1,-1,-1,-1,-1,-1,-1,-1,0x0000000000000000,1499,1498,1000,1428,2012,988,988,988,988,988,1500,988,1500,1500,1500,1500,1500,1500,1500,1500,1500,1500,1500,1500,1500,1500,1500,1500,1500,1500,1500,1500,8.3
2026-08-17,34:45.1,-127,2,-1024,-2,0,-1024,952,-1,-1,1,-1,-1,-1,-1,-1,-1,-1,-1,-1,0x0000000000000000,1500,1501,1000,1438,2012,988,988,988,988,988,1500,988,1500,1500,1500,1500,1500,1500,1500,1500,1500,1500,1500,1500,1500,1500,1500,1500,1500,1500,1500,1500,8.3
2026-08-17,34:45.2,-105,-3,-1024,0,0,-1024,952,-1,-1,1,-1,-1,-1,-1,-1,-1,-1,-1,-1,0x0000000000000000,1500,1499,1000,1449,2012,988,988,988,988,988,1500,988,1500,1500,1500,1500,1500,1500,1500,1500,1500,1500,1500,1500,1500,1500,1500,1500,1500,1500,1500,1500,8.3
2026-08-17,34:45.3,-132,-1,-1024,-3,0,-1024,952,-1,-1,1,-1,-1,-1,-1,-1,-1,-1,-1,-1,0x0000000000000000,1499,1500,1000,1436,2012,988,988,988,988,988,1500,988,1500,1500,1500,1500,1500,1500,1500,1500,1500,1500,1500,1500,1500,1500,1500,1500,1500,1500,1500,1500,8.3
2026-08-17,34:45.4,-155,-3,-1024,0,0,-1024,952,-1,-1,1,-1,-1,-1,-1,-1,-1,-1,-1,-1,0x0000000000000000,1500,1499,1000,1424,2012,988,988,988,988,988,1500,988,1500,1500,1500,1500,1500,1500,1500,1500,1500,1500,1500,1500,1500,1500,1500,1500,1500,1500,1500,1500,8.3
2026-08-17,34:45.5,-162,-22,-1024,-3,0,-1024,952,-1,-1,1,-1,-1,-1,-1,-1,-1,-1,-1,-1,0x0000000000000000,1499,1489,1000,1421,2012,988,988,988,988,988,1500,988,1500,1500,1500,1500,1500,1500,1500,1500,1500,1500,1500,1500,1500,1500,1500,1500,1500,1500,1500,1500,8.3
2026-08-17,34:45.6,-149,-2,-1024,-35,0,-1024,952,-1,-1,1,-1,-1,-1,-1,-1,-1,-1,-1,-1,0x0000000000000000,1484,1499,1000,1427,2012,988,988,988,988,988,1500,988,1500,1500,1500,1500,1500,1500,1500,1500,1500,1500,1500,1500,1500,1500,1500,1500,1500,1500,1500,1500,8.3
2026-08-17,34:45.7,-111,-2,-1024,-15,0,-1024,952,-1,-1,1,-1,-1,-1,-1,-1,-1,-1,-1,-1,0x0000000000000000,1493,1499,1000,1446,2012,988,988,988,988,988,1500,988,1500,1500,1500,1500,1500,1500,1500,1500,1500,1500,1500,1500,1500,1500,1500,1500,1500,1500,1500,1500,8.3
2026-08-17,34:45.8,-105,-3,-1024,-6,0,-1024,952,-1,-1,1,-1,-1,-1,-1,-1,-1,-1,-1,-1,0x0000000000000000,1498,1499,1000,1449,2012,988,988,988,988,988,1500,988,1500,1500,1500,1500,1500,1500,1500,1500,1500,1500,1500,1500,1500,1500,1500,1500,1500,1500,1500,1500,8.3
2026-08-17,34:45.9,-98,-28,-1024,-5,0,-1024,952,-1,-1,1,-1,-1,-1,-1,-1,-1,-1,-1,-1,0x0000000000000000,1498,1487,1000,1452,2012,988,988,988,988,988,1500,988,1500,1500,1500,1500,1500,1500,1500,1500,1500,1500,1500,1500,1500,1500,1500,1500,1500,1500,1500,1500,8.3
2026-08-17,34:46.0,-57,-48,-1024,140,0,-1024,952,-1,-1,1,-1,-1,-1,-1,-1,-1,-1,-1,-1,0x0000000000000000,1569,1477,1000,1472,2012,988,988,988,988,988,1500,988,1500,1500,1500,1500,1500,1500,1500,1500,1500,1500,1500,1500,1500,1500,1500,1500,1500,1500,1500,1500,8.3
2026-08-17,34:46.1,-125,-5,-1024,461,0,-1024,952,-1,-1,1,-1,-1,-1,-1,-1,-1,-1,-1,-1,0x0000000000000000,1725,1498,1000,1439,2012,988,988,988,988,988,1500,988,1500,1500,1500,1500,1500,1500,1500,1500,1500,1500,1500,1500,1500,1500,1500,1500,1500,1500,1500,1500,8.3
2026-08-17,34:46.2,-215,42,-1024,583,0,-1024,952,-1,-1,1,-1,-1,-1,-1,-1,-1,-1,-1,-1,0x0000000000000000,1785,1520,1000,1395,2012,988,988,988,988,988,1500,988,1500,1500,1500,1500,1500,1500,1500,1500,1500,1500,1500,1500,1500,1500,1500,1500,1500,1500,1500,1500,8.3
2026-08-17,34:46.3,-237,122,-1024,702,0,-1024,952,-1,-1,1,-1,-1,-1,-1,-1,-1,-1,-1,-1,0x0000000000000000,1843,1559,1000,1384,2012,988,988,988,988,988,1500,988,1500,1500,1500,1500,1500,1500,1500,1500,1500,1500,1500,1500,1500,1500,1500,1500,1500,1500,1500,1500,8.3
2026-08-17,34:46.4,-226,220,-1024,717,0,-1024,952,-1,-1,1,-1,-1,-1,-1,-1,-1,-1,-1,-1,0x0000000000000000,1850,1607,1000,1390,2012,988,988,988,988,988,1500,988,1500,1500,1500,1500,1500,1500,1500,1500,1500,1500,1500,1500,1500,1500,1500,1500,1500,1500,1500,1500,8.3
2026-08-17,34:46.5,-218,362,-1024,723,0,-1024,952,-1,-1,1,-1,-1,-1,-1,-1,-1,-1,-1,-1,0x0000000000000000,1853,1677,1000,1394,2012,988,988,988,988,988,1500,988,1500,1500,1500,1500,1500,1500,1500,1500,1500,1500,1500,1500,1500,1500,1500,1500,1500,1500,1500,1500,8.3
2026-08-17,34:46.6,-179,456,-1024,659,0,-1024,952,-1,-1,1,-1,-1,-1,-1,-1,-1,-1,-1,-1,0x0000000000000000,1822,1722,1000,1413,2012,988,988,988,988,988,1500,988,1500,1500,1500,1500,1500,1500,1500,1500,1500,1500,1500,1500,1500,1500,1500,1500,1500,1500,1500,1500,8.3
2026-08-17,34:46.7,-158,487,-1024,636,0,-1024,952,-1,-1,1,-1,-1,-1,-1,-1,-1,-1,-1,-1,0x0000000000000000,1810,1738,1000,1423,2012,988,988,988,988,988,1500,988,1500,1500,1500,1500,1500,1500,1500,1500,1500,1500,1500,1500,1500,1500,1500,1500,1500,1500,1500,1500,8.3
2026-08-17,34:46.8,-159,371,-585,392,0,-1024,952,-1,-1,1,-1,-1,-1,-1,-1,-1,-1,-1,-1,0x0000000000000000,1691,1681,1214,1423,2012,988,988,988,988,988,1500,988,1500,1500,1500,1500,1500,1500,1500,1500,1500,1500,1500,1500,1500,1500,1500,1500,1500,1500,1500,1500,8.3
2026-08-17,34:46.9,-219,209,88,92,0,-1024,952,-1,-1,1,-1,-1,-1,-1,-1,-1,-1,-1,-1,0x0000000000000000,1545,1602,1543,1393,2012,988,988,988,988,988,1500,988,1500,1500,1500,1500,1500,1500,1500,1500,1500,1500,1500,1500,1500,1500,1500,1500,1500,1500,1500,1500,8.3
2026-08-17,34:47.0,-202,171,333,0,0,-1024,952,-1,-1,1,-1,-1,-1,-1,-1,-1,-1,-1,-1,0x0000000000000000,1500,1583,1662,1402,2012,988,988,988,988,988,1500,988,1500,1500,1500,1500,1500,1500,1500,1500,1500,1500,1500,1500,1500,1500,1500,1500,1500,1500,1500,1500,8.3
2026-08-17,34:47.1,-144,95,507,-5,0,-1024,952,-1,-1,1,-1,-1,-1,-1,-1,-1,-1,-1,-1,0x0000000000000000,1498,1546,1747,1430,2012,988,988,988,988,988,1500,988,1500,1500,1500,1500,1500,1500,1500,1500,1500,1500,1500,1500,1500,1500,1500,1500,1500,1500,1500,1500,8.3
2026-08-17,34:47.2,-118,-14,645,-44,0,-1024,952,-1,-1,1,-1,-1,-1,-1,-1,-1,-1,-1,-1,0x0000000000000000,1479,1493,1815,1443,2012,988,988,988,988,988,1500,988,1500,1500,1500,1500,1500,1500,1500,1500,1500,1500,1500,1500,1500,1500,1500,1500,1500,1500,1500,1500,8.3
2026-08-17,34:47.3,-118,-98,658,-7,0,-1024,952,-1,-1,1,-1,-1,-1,-1,-1,-1,-1,-1,-1,0x0000000000000000,1497,1452,1821,1443,2012,988,988,988,988,988,1500,988,1500,1500,1500,1500,1500,1500,1500,1500,1500,1500,1500,1500,1500,1500,1500,1500,1500,1500,1500,1500,8.3
2026-08-17,34:47.4,-117,-161,658,-4,0,-1024,952,-1,-1,1,-1,-1,-1,-1,-1,-1,-1,-1,-1,0x0000000000000000,1499,1422,1821,1443,2012,988,988,988,988,988,1500,988,1500,1500,1500,1500,1500,1500,1500,1500,1500,1500,1500,1500,1500,1500,1500,1500,1500,1500,1500,1500,8.3
2026-08-17,34:47.5,-117,-74,658,-113,0,-1024,952,-1,-1,1,-1,-1,-1,-1,-1,-1,-1,-1,-1,0x0000000000000000,1445,1464,1821,1443,2012,988,988,988,988,988,1500,988,1500,1500,1500,1500,1500,1500,1500,1500,1500,1500,1500,1500,1500,1500,1500,1500,1500,1500,1500,1500,8.3
2026-08-17,34:47.6,-134,-6,471,-174,0,-1024,952,-1,-1,1,-1,-1,-1,-1,-1,-1,-1,-1,-1,0x0000000000000000,1416,1497,1730,1435,2012,988,988,988,988,988,1500,988,1500,1500,1500,1500,1500,1500,1500,1500,1500,1500,1500,1500,1500,1500,1500,1500,1500,1500,1500,1500,8.3
2026-08-17,34:47.7,-45,-8,295,-175,0,-1024,952,-1,-1,1,-1,-1,-1,-1,-1,-1,-1,-1,-1,0x0000000000000000,1415,1496,1644,1478,2012,988,988,988,988,988,1500,988,1500,1500,1500,1500,1500,1500,1500,1500,1500,1500,1500,1500,1500,1500,1500,1500,1500,1500,1500,1500,8.3
2026-08-17,34:47.8,-16,-66,317,-175,0,-1024,952,-1,-1,1,-1,-1,-1,-1,-1,-1,-1,-1,-1,0x0000000000000000,1415,1468,1655,1492,2012,988,988,988,988,988,1500,988,1500,1500,1500,1500,1500,1500,1500,1500,1500,1500,1500,1500,1500,1500,1500,1500,1500,1500,1500,1500,8.3
2026-08-17,34:47.9,-69,-222,450,-137,0,-1024,952,-1,-1,1,-1,-1,-1,-1,-1,-1,-1,-1,-1,0x0000000000000000,1434,1392,1719,1467,2012,988,988,988,988,988,1500,988,1500,1500,1500,1500,1500,1500,1500,1500,1500,1500,1500,1500,1500,1500,1500,1500,1500,1500,1500,1500,8.3
2026-08-17,34:48.0,-34,-223,505,-91,0,-1024,952,-1,-1,1,-1,-1,-1,-1,-1,-1,-1,-1,-1,0x0000000000000000,1456,1391,1746,1484,2012,988,988,988,988,988,1500,988,1500,1500,1500,1500,1500,1500,1500,1500,1500,1500,1500,1500,1500,1500,1500,1500,1500,1500,1500,1500,8.3
2026-08-17,34:48.1,-27,-219,582,-56,0,-1024,952,-1,-1,1,-1,-1,-1,-1,-1,-1,-1,-1,-1,0x0000000000000000,1473,1393,1784,1487,2012,988,988,988,988,988,1500,988,1500,1500,1500,1500,1500,1500,1500,1500,1500,1500,1500,1500,1500,1500,1500,1500,1500,1500,1500,1500,8.3
2026-08-17,34:48.2,-31,-196,635,-39,0,-1024,952,-1,-1,1,-1,-1,-1,-1,-1,-1,-1,-1,-1,0x0000000000000000,1482,1404,1810,1485,2012,988,988,988,988,988,1500,988,1500,1500,1500,1500,1500,1500,1500,1500,1500,1500,1500,1500,1500,1500,1500,1500,1500,1500,1500,1500,8.3
2026-08-17,34:48.3,-20,-175,693,-48,0,-1024,952,-1,-1,1,-1,-1,-1,-1,-1,-1,-1,-1,-1,0x0000000000000000,1477,1415,1838,1490,2012,988,988,988,988,988,1500,988,1500,1500,1500,1500,1500,1500,1500,1500,1500,1500,1500,1500,1500,1500,1500,1500,1500,1500,1500,1500,8.3
2026-08-17,34:48.4,-20,-118,833,-51,0,-1024,952,-1,-1,1,-1,-1,-1,-1,-1,-1,-1,-1,-1,0x0000000000000000,1476,1443,1906,1490,2012,988,988,988,988,988,1500,988,1500,1500,1500,1500,1500,1500,1500,1500,1500,1500,1500,1500,1500,1500,1500,1500,1500,1500,1500,1500,8.3
2026-08-17,34:48.5,-10,-108,1018,-77,0,-1024,952,-1,-1,1,-1,-1,-1,-1,-1,-1,-1,-1,-1,0x0000000000000000,1463,1447,1997,1495,2012,988,988,988,988,988,1500,988,1500,1500,1500,1500,1500,1500,1500,1500,1500,1500,1500,1500,1500,1500,1500,1500,1500,1500,1500,1500,8.3
2026-08-17,34:48.6,0,-96,1024,-134,0,-1024,952,-1,-1,1,-1,-1,-1,-1,-1,-1,-1,-1,-1,0x0000000000000000,1435,1453,2000,1500,2012,988,988,988,988,988,1500,988,1500,1500,1500,1500,1500,1500,1500,1500,1500,1500,1500,1500,1500,1500,1500,1500,1500,1500,1500,1500,8.3
2026-08-17,34:48.7,-55,-100,1024,-162,0,-1024,952,-1,-1,1,-1,-1,-1,-1,-1,-1,-1,-1,-1,0x0000000000000000,1421,1451,2000,1473,2012,988,988,988,988,988,1500,988,1500,1500,1500,1500,1500,1500,1500,1500,1500,1500,1500,1500,1500,1500,1500,1500,1500,1500,1500,1500,8.3
2026-08-17,34:48.8,-1,-36,1024,-138,0,-1024,952,-1,-1,1,-1,-1,-1,-1,-1,-1,-1,-1,-1,0x0000000000000000,1433,1483,2000,1500,2012,988,988,988,988,988,1500,988,1500,1500,1500,1500,1500,1500,1500,1500,1500,1500,1500,1500,1500,1500,1500,1500,1500,1500,1500,1500,8.3
2026-08-17,34:48.9,0,-37,714,-130,0,-1024,952,-1,-1,1,-1,-1,-1,-1,-1,-1,-1,-1,-1,0x0000000000000000,1437,1482,1848,1500,2012,988,988,988,988,988,1500,988,1500,1500,1500,1500,1500,1500,1500,1500,1500,1500,1500,1500,1500,1500,1500,1500,1500,1500,1500,1500,8.3
2026-08-17,34:49.0,0,-30,-149,-133,0,-1024,952,-1,-1,1,-1,-1,-1,-1,-1,-1,-1,-1,-1,0x0000000000000000,1436,1486,1427,1500,2012,988,988,988,988,988,1500,988,1500,1500,1500,1500,1500,1500,1500,1500,1500,1500,1500,1500,1500,1500,1500,1500,1500,1500,1500,1500,8.3
2026-08-17,34:49.1,-68,-135,-1024,-399,0,-1024,952,-1,-1,1,-1,-1,-1,-1,-1,-1,-1,-1,-1,0x0000000000000000,1306,1434,1000,1467,2012,988,988,988,988,988,1500,988,1500,1500,1500,1500,1500,1500,1500,1500,1500,1500,1500,1500,1500,1500,1500,1500,1500,1500,1500,1500,8.3
2026-08-17,34:49.2,-142,-176,-1024,-643,0,-1024,952,-1,-1,1,-1,-1,-1,-1,-1,-1,-1,-1,-1,0x0000000000000000,1186,1414,1000,1431,2012,988,988,988,988,988,1500,988,1500,1500,1500,1500,1500,1500,1500,1500,1500,1500,1500,1500,1500,1500,1500,1500,1500,1500,1500,1500,8.3
2026-08-17,34:49.3,-197,-82,-1024,-595,0,-1024,952,-1,-1,1,-1,-1,-1,-1,-1,-1,-1,-1,-1,0x0000000000000000,1210,1460,1000,1404,2012,988,988,988,988,988,1500,988,1500,1500,1500,1500,1500,1500,1500,1500,1500,1500,1500,1500,1500,1500,1500,1500,1500,1500,1500,1500,8.3
2026-08-17,34:49.4,-286,-147,-1024,-725,0,-1024,952,-1,-1,1,-1,-1,-1,-1,-1,-1,-1,-1,-1,0x0000000000000000,1146,1428,1000,1360,2012,988,988,988,988,988,1500,988,1500,1500,1500,1500,1500,1500,1500,1500,1500,1500,1500,1500,1500,1500,1500,1500,1500,1500,1500,1500,8.3
2026-08-17,34:49.5,-315,-154,-1024,-675,0,-1024,952,-1,-1,1,-1,-1,-1,-1,-1,-1,-1,-1,-1,0x0000000000000000,1171,1425,1000,1346,2012,988,988,988,988,988,1500,988,1500,1500,1500,1500,1500,1500,1500,1500,1500,1500,1500,1500,1500,1500,1500,1500,1500,1500,1500,1500,8.3
2026-08-17,34:49.6,-293,-164,-1024,-584,0,-1024,952,-1,-1,1,-1,-1,-1,-1,-1,-1,-1,-1,-1,0x0000000000000000,1215,1420,1000,1357,2012,988,988,988,988,988,1500,988,1500,1500,1500,1500,1500,1500,1500,1500,1500,1500,1500,1500,1500,1500,1500,1500,1500,1500,1500,1500,8.3
2026-08-17,34:49.7,-259,-139,-1008,-504,0,-1024,952,-1,-1,1,-1,-1,-1,-1,-1,-1,-1,-1,-1,0x0000000000000000,1254,1432,1008,1374,2012,988,988,988,988,988,1500,988,1500,1500,1500,1500,1500,1500,1500,1500,1500,1500,1500,1500,1500,1500,1500,1500,1500,1500,1500,1500,8.3
2026-08-17,34:49.8,-223,-129,-952,-400,0,-1024,952,-1,-1,1,-1,-1,-1,-1,-1,-1,-1,-1,-1,0x0000000000000000,1305,1437,1035,1391,2012,988,988,988,988,988,1500,988,1500,1500,1500,1500,1500,1500,1500,1500,1500,1500,1500,1500,1500,1500,1500,1500,1500,1500,1500,1500,8.3
2026-08-17,34:49.9,-81,-152,-729,-221,0,-1024,952,-1,-1,1,-1,-1,-1,-1,-1,-1,-1,-1,-1,0x0000000000000000,1393,1426,1144,1461,2012,988,988,988,988,988,1500,988,1500,1500,1500,1500,1500,1500,1500,1500,1500,1500,1500,1500,1500,1500,1500,1500,1500,1500,1500,1500,8.3
2026-08-17,34:50.0,-53,-234,-605,-98,0,-1024,952,-1,-1,1,-1,-1,-1,-1,-1,-1,-1,-1,-1,0x0000000000000000,1453,1386,1205,1474,2012,988,988,988,988,988,1500,988,1500,1500,1500,1500,1500,1500,1500,1500,1500,1500,1500,1500,1500,1500,1500,1500,1500,1500,1500,1500,8.3
2026-08-17,34:50.1,-16,-255,-392,-56,0,-1024,952,-1,-1,1,-1,-1,-1,-1,-1,-1,-1,-1,-1,0x0000000000000000,1473,1376,1309,1492,2012,988,988,988,988,988,1500,988,1500,1500,1500,1500,1500,1500,1500,1500,1500,1500,1500,1500,1500,1500,1500,1500,1500,1500,1500,1500,8.3
2026-08-17,34:50.2,-33,-260,-170,-94,0,-1024,952,-1,-1,1,-1,-1,-1,-1,-1,-1,-1,-1,-1,0x0000000000000000,1455,1373,1417,1484,2012,988,988,988,988,988,1500,988,1500,1500,1500,1500,1500,1500,1500,1500,1500,1500,1500,1500,1500,1500,1500,1500,1500,1500,1500,1500,8.3
2026-08-17,34:50.3,-99,-233,-102,-199,0,-1024,952,-1,-1,1,-1,-1,-1,-1,-1,-1,-1,-1,-1,0x0000000000000000,1403,1386,1450,1452,2012,988,988,988,988,988,1500,988,1500,1500,1500,1500,1500,1500,1500,1500,1500,1500,1500,1500,1500,1500,1500,1500,1500,1500,1500,1500,8.3
2026-08-17,34:50.4,-9,-199,-325,-291,0,-1024,952,-1,-1,1,-1,-1,-1,-1,-1,-1,-1,-1,-1,0x0000000000000000,1358,1403,1341,1496,2012,988,988,988,988,988,1500,988,1500,1500,1500,1500,1500,1500,1500,1500,1500,1500,1500,1500,1500,1500,1500,1500,1500,1500,1500,1500,8.3
2026-08-17,34:50.5,-1,-189,-325,-253,0,-1024,952,-1,-1,1,-1,-1,-1,-1,-1,-1,-1,-1,-1,0x0000000000000000,1377,1408,1341,1500,2012,988,988,988,988,988,1500,988,1500,1500,1500,1500,1500,1500,1500,1500,1500,1500,1500,1500,1500,1500,1500,1500,1500,1500,1500,1500,8.3
2026-08-17,34:50.6,0,-168,-94,-173,0,-1024,952,-1,-1,1,-1,-1,-1,-1,-1,-1,-1,-1,-1,0x0000000000000000,1416,1418,1454,1500,2012,988,988,988,988,988,1500,988,1500,1500,1500,1500,1500,1500,1500,1500,1500,1500,1500,1500,1500,1500,1500,1500,1500,1500,1500,1500,8.3
2026-08-17,34:50.7,-18,-183,50,-159,0,-1024,952,-1,-1,1,-1,-1,-1,-1,-1,-1,-1,-1,-1,0x0000000000000000,1423,1411,1524,1491,2012,988,988,988,988,988,1500,988,1500,1500,1500,1500,1500,1500,1500,1500,1500,1500,1500,1500,1500,1500,1500,1500,1500,1500,1500,1500,8.3
2026-08-17,34:50.8,-2,-303,117,-61,0,-1024,952,-1,-1,1,-1,-1,-1,-1,-1,-1,-1,-1,-1,0x0000000000000000,1471,1352,1557,1499,2012,988,988,988,988,988,1500,988,1500,1500,1500,1500,1500,1500,1500,1500,1500,1500,1500,1500,1500,1500,1500,1500,1500,1500,1500,1500,8.3
2026-08-17,34:50.9,0,-293,222,-2,0,-1024,952,-1,-1,1,-1,-1,-1,-1,-1,-1,-1,-1,-1,0x0000000000000000,1500,1357,1608,1500,2012,988,988,988,988,988,1500,988,1500,1500,1500,1500,1500,1500,1500,1500,1500,1500,1500,1500,1500,1500,1500,1500,1500,1500,1500,1500,8.3
2026-08-17,34:51.0,0,-169,204,4,0,-1024,952,-1,-1,1,-1,-1,-1,-1,-1,-1,-1,-1,-1,0x0000000000000000,1502,1418,1599,1500,2012,988,988,988,988,988,1500,988,1500,1500,1500,1500,1500,1500,1500,1500,1500,1500,1500,1500,1500,1500,1500,1500,1500,1500,1500,1500,8.3
2026-08-17,34:51.1,0,-163,49,4,0,-1024,952,-1,-1,1,-1,-1,-1,-1,-1,-1,-1,-1,-1,0x0000000000000000,1502,1421,1524,1500,2012,988,988,988,988,988,1500,988,1500,1500,1500,1500,1500,1500,1500,1500,1500,1500,1500,1500,1500,1500,1500,1500,1500,1500,1500,1500,8.3
2026-08-17,34:51.2,0,-222,101,3,0,-1024,952,-1,-1,1,-1,-1,-1,-1,-1,-1,-1,-1,-1,0x0000000000000000,1502,1392,1549,1500,2012,988,988,988,988,988,1500,988,1500,1500,1500,1500,1500,1500,1500,1500,1500,1500,1500,1500,1500,1500,1500,1500,1500,1500,1500,1500,8.3
2026-08-17,34:51.3,0,-302,-292,42,0,-1024,952,-1,-1,1,-1,-1,-1,-1,-1,-1,-1,-1,-1,0x0000000000000000,1521,1353,1358,1500,2012,988,988,988,988,988,1500,988,1500,1500,1500,1500,1500,1500,1500,1500,1500,1500,1500,1500,1500,1500,1500,1500,1500,1500,1500,1500,8.3
2026-08-17,34:51.4,75,-236,-426,86,0,-1024,952,-1,-1,1,-1,-1,-1,-1,-1,-1,-1,-1,-1,0x0000000000000000,1542,1385,1292,1536,2012,988,988,988,988,988,1500,988,1500,1500,1500,1500,1500,1500,1500,1500,1500,1500,1500,1500,1500,1500,1500,1500,1500,1500,1500,1500,8.3
2026-08-17,34:51.5,2,-165,34,81,0,-1024,952,-1,-1,1,-1,-1,-1,-1,-1,-1,-1,-1,-1,0x0000000000000000,1540,1420,1516,1501,2012,988,988,988,988,988,1500,988,1500,1500,1500,1500,1500,1500,1500,1500,1500,1500,1500,1500,1500,1500,1500,1500,1500,1500,1500,1500,8.3
2026-08-17,34:51.6,0,-181,134,129,0,-1024,952,-1,-1,1,-1,-1,-1,-1,-1,-1,-1,-1,-1,0x0000000000000000,1563,1412,1565,1500,2012,988,988,988,988,988,1500,988,1500,1500,1500,1500,1500,1500,1500,1500,1500,1500,1500,1500,1500,1500,1500,1500,1500,1500,1500,1500,8.3
2026-08-17,34:51.7,0,-134,143,81,0,-1024,952,-1,-1,1,-1,-1,-1,-1,-1,-1,-1,-1,-1,0x0000000000000000,1540,1435,1570,1500,2012,988,988,988,988,988,1500,988,1500,1500,1500,1500,1500,1500,1500,1500,1500,1500,1500,1500,1500,1500,1500,1500,1500,1500,1500,1500,8.3
2026-08-17,34:51.8,1,-114,-168,74,0,-1024,952,-1,-1,1,-1,-1,-1,-1,-1,-1,-1,-1,-1,0x0000000000000000,1536,1445,1418,1500,2012,988,988,988,988,988,1500,988,1500,1500,1500,1500,1500,1500,1500,1500,1500,1500,1500,1500,1500,1500,1500,1500,1500,1500,1500,1500,8.3
2026-08-17,34:51.9,179,-99,-306,118,0,-1024,952,-1,-1,1,-1,-1,-1,-1,-1,-1,-1,-1,-1,0x0000000000000000,1558,1452,1351,1587,2012,988,988,988,988,988,1500,988,1500,1500,1500,1500,1500,1500,1500,1500,1500,1500,1500,1500,1500,1500,1500,1500,1500,1500,1500,1500,8.3
2026-08-17,34:52.0,65,-39,-241,80,0,-1024,952,-1,-1,1,-1,-1,-1,-1,-1,-1,-1,-1,-1,0x0000000000000000,1539,1482,1383,1525,2012,988,988,988,988,988,1500,988,1500,1500,1500,1500,1500,1500,1500,1500,1500,1500,1500,1500,1500,1500,1500,1500,1500,1500,1500,1500,8.3
2026-08-17,34:52.1,0,-32,-60,23,0,-1024,952,-1,-1,1,-1,-1,-1,-1,-1,-1,-1,-1,-1,0x0000000000000000,1511,1485,1471,1500,2012,988,988,988,988,988,1500,988,1500,1500,1500,1500,1500,1500,1500,1500,1500,1500,1500,1500,1500,1500,1500,1500,1500,1500,1500,1500,8.3
2026-08-17,34:52.2,0,-34,220,8,0,-1024,952,-1,-1,1,-1,-1,-1,-1,-1,-1,-1,-1,-1,0x0000000000000000,1504,1484,1607,1500,2012,988,988,988,988,988,1500,988,1500,1500,1500,1500,1500,1500,1500,1500,1500,1500,1500,1500,1500,1500,1500,1500,1500,1500,1500,1500,8.3
2026-08-17,34:52.3,0,-77,339,2,0,-1024,952,-1,-1,1,-1,-1,-1,-1,-1,-1,-1,-1,-1,0x0000000000000000,1501,1463,1665,1500,2012,988,988,988,988,988,1500,988,1500,1500,1500,1500,1500,1500,1500,1500,1500,1500,1500,1500,1500,1500,1500,1500,1500,1500,1500,1500,8.3
2026-08-17,34:52.4,0,-55,308,2,0,-1024,952,-1,-1,1,-1,-1,-1,-1,-1,-1,-1,-1,-1,0x0000000000000000,1501,1473,1650,1500,2012,988,988,988,988,988,1500,988,1500,1500,1500,1500,1500,1500,1500,1500,1500,1500,1500,1500,1500,1500,1500,1500,1500,1500,1500,1500,8.3
2026-08-17,34:52.5,0,-36,41,1,0,-1024,952,-1,-1,1,-1,-1,-1,-1,-1,-1,-1,-1,-1,0x0000000000000000,1501,1483,1520,1500,2012,988,988,988,988,988,1500,988,1500,1500,1500,1500,1500,1500,1500,1500,1500,1500,1500,1500,1500,1500,1500,1500,1500,1500,1500,1500,8.3
2026-08-17,34:52.6,0,-2,-478,28,0,-1024,952,-1,-1,1,-1,-1,-1,-1,-1,-1,-1,-1,-1,0x0000000000000000,1514,1499,1267,1500,2012,988,988,988,988,988,1500,988,1500,1500,1500,1500,1500,1500,1500,1500,1500,1500,1500,1500,1500,1500,1500,1500,1500,1500,1500,1500,8.3
2026-08-17,34:52.7,0,0,-696,4,0,-1024,952,-1,-1,1,-1,-1,-1,-1,-1,-1,-1,-1,-1,0x0000000000000000,1502,1500,1160,1500,2012,988,988,988,988,988,1500,988,1500,1500,1500,1500,1500,1500,1500,1500,1500,1500,1500,1500,1500,1500,1500,1500,1500,1500,1500,1500,8.3
2026-08-17,34:52.8,0,-2,-456,2,0,-1024,952,-1,-1,1,-1,-1,-1,-1,-1,-1,-1,-1,-1,0x0000000000000000,1501,1499,1277,1500,2012,988,988,988,988,988,1500,988,1500,1500,1500,1500,1500,1500,1500,1500,1500,1500,1500,1500,1500,1500,1500,1500,1500,1500,1500,1500,8.3
2026-08-17,34:52.9,0,-2,-109,4,0,-1024,952,-1,-1,1,-1,-1,-1,-1,-1,-1,-1,-1,-1,0x0000000000000000,1502,1499,1447,1500,2012,988,988,988,988,988,1500,988,1500,1500,1500,1500,1500,1500,1500,1500,1500,1500,1500,1500,1500,1500,1500,1500,1500,1500,1500,1500,8.3
2026-08-17,34:53.0,0,-1,-122,6,0,-1024,952,-1,-1,1,-1,-1,-1,-1,-1,-1,-1,-1,-1,0x0000000000000000,1503,1500,1441,1500,2012,988,988,988,988,988,1500,988,1500,1500,1500,1500,1500,1500,1500,1500,1500,1500,1500,1500,1500,1500,1500,1500,1500,1500,1500,1500,8.3
2026-08-17,34:53.1,12,4,-341,16,0,-1024,952,-1,-1,1,-1,-1,-1,-1,-1,-1,-1,-1,-1,0x0000000000000000,1508,1502,1334,1506,2012,988,988,988,988,988,1500,988,1500,1500,1500,1500,1500,1500,1500,1500,1500,1500,1500,1500,1500,1500,1500,1500,1500,1500,1500,1500,8.3
2026-08-17,34:53.2,56,6,-347,15,0,-1024,952,-1,-1,1,-1,-1,-1,-1,-1,-1,-1,-1,-1,0x0000000000000000,1508,1503,1331,1527,2012,988,988,988,988,988,1500,988,1500,1500,1500,1500,1500,1500,1500,1500,1500,1500,1500,1500,1500,1500,1500,1500,1500,1500,1500,1500,8.3
2026-08-17,34:53.3,132,39,-347,15,0,-1024,952,-1,-1,1,-1,-1,-1,-1,-1,-1,-1,-1,-1,0x0000000000000000,1508,1519,1331,1564,2012,988,988,988,988,988,1500,988,1500,1500,1500,1500,1500,1500,1500,1500,1500,1500,1500,1500,1500,1500,1500,1500,1500,1500,1500,1500,8.3
2026-08-17,34:53.4,1,48,-302,8,0,-1024,952,-1,-1,1,-1,-1,-1,-1,-1,-1,-1,-1,-1,0x0000000000000000,1504,1523,1353,1500,2012,988,988,988,988,988,1500,988,1500,1500,1500,1500,1500,1500,1500,1500,1500,1500,1500,1500,1500,1500,1500,1500,1500,1500,1500,1500,8.3
2026-08-17,34:53.5,0,58,-294,3,0,-1024,952,-1,-1,1,-1,-1,-1,-1,-1,-1,-1,-1,-1,0x0000000000000000,1502,1528,1357,1500,2012,988,988,988,988,988,1500,988,1500,1500,1500,1500,1500,1500,1500,1500,1500,1500,1500,1500,1500,1500,1500,1500,1500,1500,1500,1500,8.3
2026-08-17,34:53.6,0,15,-182,2,0,-1024,952,-1,-1,1,-1,-1,-1,-1,-1,-1,-1,-1,-1,0x0000000000000000,1501,1507,1411,1500,2012,988,988,988,988,988,1500,988,1500,1500,1500,1500,1500,1500,1500,1500,1500,1500,1500,1500,1500,1500,1500,1500,1500,1500,1500,1500,8.3
2026-08-17,34:53.7,0,-1,-116,1,0,-1024,952,-1,-1,1,-1,-1,-1,-1,-1,-1,-1,-1,-1,0x0000000000000000,1501,1500,1444,1500,2012,988,988,988,988,988,1500,988,1500,1500,1500,1500,1500,1500,1500,1500,1500,1500,1500,1500,1500,1500,1500,1500,1500,1500,1500,1500,8.3
2026-08-17,34:53.8,0,-4,-61,0,0,-1024,952,-1,-1,1,-1,-1,-1,-1,-1,-1,-1,-1,-1,0x0000000000000000,1500,1498,1470,1500,2012,988,988,988,988,988,1500,988,1500,1500,1500,1500,1500,1500,1500,1500,1500,1500,1500,1500,1500,1500,1500,1500,1500,1500,1500,1500,8.3
2026-08-17,34:53.9,0,-8,-89,-1,0,-1024,952,-1,-1,1,-1,-1,-1,-1,-1,-1,-1,-1,-1,0x0000000000000000,1500,1496,1457,1500,2012,988,988,988,988,988,1500,988,1500,1500,1500,1500,1500,1500,1500,1500,1500,1500,1500,1500,1500,1500,1500,1500,1500,1500,1500,1500,8.3
2026-08-17,34:54.0,0,-30,-227,-5,0,-1024,952,-1,-1,1,-1,-1,-1,-1,-1,-1,-1,-1,-1,0x0000000000000000,1498,1486,1389,1500,2012,988,988,988,988,988,1500,988,1500,1500,1500,1500,1500,1500,1500,1500,1500,1500,1500,1500,1500,1500,1500,1500,1500,1500,1500,1500,8.3
2026-08-17,34:54.1,0,-8,-332,-4,0,-1024,952,-1,-1,1,-1,-1,-1,-1,-1,-1,-1,-1,-1,0x0000000000000000,1499,1496,1338,1500,2012,988,988,988,988,988,1500,988,1500,1500,1500,1500,1500,1500,1500,1500,1500,1500,1500,1500,1500,1500,1500,1500,1500,1500,1500,1500,8.3
2026-08-17,34:54.2,0,-4,-372,-13,0,-1024,952,-1,-1,1,-1,-1,-1,-1,-1,-1,-1,-1,-1,0x0000000000000000,1494,1498,1318,1500,2012,988,988,988,988,988,1500,988,1500,1500,1500,1500,1500,1500,1500,1500,1500,1500,1500,1500,1500,1500,1500,1500,1500,1500,1500,1500,8.3
2026-08-17,34:54.3,-25,-26,-249,-146,0,-1024,952,-1,-1,1,-1,-1,-1,-1,-1,-1,-1,-1,-1,0x0000000000000000,1429,1488,1379,1488,2012,988,988,988,988,988,1500,988,1500,1500,1500,1500,1500,1500,1500,1500,1500,1500,1500,1500,1500,1500,1500,1500,1500,1500,1500,1500,8.3
2026-08-17,34:54.4,-89,-6,-172,-82,0,-1024,952,-1,-1,1,-1,-1,-1,-1,-1,-1,-1,-1,-1,0x0000000000000000,1461,1497,1416,1457,2012,988,988,988,988,988,1500,988,1500,1500,1500,1500,1500,1500,1500,1500,1500,1500,1500,1500,1500,1500,1500,1500,1500,1500,1500,1500,8.3
2026-08-17,34:54.5,-1,-3,-200,-2,0,-1024,952,-1,-1,1,-1,-1,-1,-1,-1,-1,-1,-1,-1,0x0000000000000000,1500,1499,1402,1500,2012,988,988,988,988,988,1500,988,1500,1500,1500,1500,1500,1500,1500,1500,1500,1500,1500,1500,1500,1500,1500,1500,1500,1500,1500,1500,8.3
2026-08-17,34:54.6,0,-31,-164,3,0,-1024,952,-1,-1,1,-1,-1,-1,-1,-1,-1,-1,-1,-1,0x0000000000000000,1502,1485,1420,1500,2012,988,988,988,988,988,1500,988,1500,1500,1500,1500,1500,1500,1500,1500,1500,1500,1500,1500,1500,1500,1500,1500,1500,1500,1500,1500,8.3
2026-08-17,34:54.7,0,-12,-87,12,0,-1024,952,-1,-1,1,-1,-1,-1,-1,-1,-1,-1,-1,-1,0x0000000000000000,1506,1494,1458,1500,2012,988,988,988,988,988,1500,988,1500,1500,1500,1500,1500,1500,1500,1500,1500,1500,1500,1500,1500,1500,1500,1500,1500,1500,1500,1500,8.3
2026-08-17,34:54.8,0,-2,-351,4,0,-1024,952,-1,-1,1,-1,-1,-1,-1,-1,-1,-1,-1,-1,0x0000000000000000,1502,1499,1329,1500,2012,988,988,988,988,988,1500,988,1500,1500,1500,1500,1500,1500,1500,1500,1500,1500,1500,1500,1500,1500,1500,1500,1500,1500,1500,1500,8.3
2026-08-17,34:54.9,0,0,-359,2,0,-1024,952,-1,-1,1,-1,-1,-1,-1,-1,-1,-1,-1,-1,0x0000000000000000,1501,1500,1325,1500,2012,988,988,988,988,988,1500,988,1500,1500,1500,1500,1500,1500,1500,1500,1500,1500,1500,1500,1500,1500,1500,1500,1500,1500,1500,1500,8.3
2026-08-17,34:55.0,0,-1,-160,-1,0,-1024,952,-1,-1,1,-1,-1,-1,-1,-1,-1,-1,-1,-1,0x0000000000000000,1500,1500,1422,1500,2012,988,988,988,988,988,1500,988,1500,1500,1500,1500,1500,1500,1500,1500,1500,1500,1500,1500,1500,1500,1500,1500,1500,1500,1500,1500,8.3
2026-08-17,34:55.1,-46,-5,-79,-79,0,-1024,952,-1,-1,1,-1,-1,-1,-1,-1,-1,-1,-1,-1,0x0000000000000000,1462,1498,1462,1478,2012,988,988,988,988,988,1500,988,1500,1500,1500,1500,1500,1500,1500,1500,1500,1500,1500,1500,1500,1500,1500,1500,1500,1500,1500,1500,8.3
2026-08-17,34:55.2,-82,-2,-69,-115,0,-1024,952,-1,-1,1,-1,-1,-1,-1,-1,-1,-1,-1,-1,0x0000000000000000,1444,1499,1467,1460,2012,988,988,988,988,988,1500,988,1500,1500,1500,1500,1500,1500,1500,1500,1500,1500,1500,1500,1500,1500,1500,1500,1500,1500,1500,1500,8.3
2026-08-17,34:55.3,-87,0,-84,-57,0,-1024,952,-1,-1,1,-1,-1,-1,-1,-1,-1,-1,-1,-1,0x0000000000000000,1473,1500,1459,1458,2012,988,988,988,988,988,1500,988,1500,1500,1500,1500,1500,1500,1500,1500,1500,1500,1500,1500,1500,1500,1500,1500,1500,1500,1500,1500,8.3
2026-08-17,34:55.4,-29,0,-174,-7,0,-1024,952,-1,-1,1,-1,-1,-1,-1,-1,-1,-1,-1,-1,0x0000000000000000,1497,1500,1415,1486,2012,988,988,988,988,988,1500,988,1500,1500,1500,1500,1500,1500,1500,1500,1500,1500,1500,1500,1500,1500,1500,1500,1500,1500,1500,1500,8.3
2026-08-17,34:55.5,-6,0,-408,-2,0,-1024,952,-1,-1,1,-1,-1,-1,-1,-1,-1,-1,-1,-1,0x0000000000000000,1500,1500,1301,1497,2012,988,988,988,988,988,1500,988,1500,1500,1500,1500,1500,1500,1500,1500,1500,1500,1500,1500,1500,1500,1500,1500,1500,1500,1500,1500,8.3
2026-08-17,34:55.6,-2,0,-537,0,0,-1024,952,-1,-1,1,-1,-1,-1,-1,-1,-1,-1,-1,-1,0x0000000000000000,1500,1500,1238,1499,2012,988,988,988,988,988,1500,988,1500,1500,1500,1500,1500,1500,1500,1500,1500,1500,1500,1500,1500,1500,1500,1500,1500,1500,1500,1500,8.3
2026-08-17,34:55.7,0,-1,-447,0,0,-1024,952,-1,-1,1,-1,-1,-1,-1,-1,-1,-1,-1,-1,0x0000000000000000,1500,1500,1282,1500,2012,988,988,988,988,988,1500,988,1500,1500,1500,1500,1500,1500,1500,1500,1500,1500,1500,1500,1500,1500,1500,1500,1500,1500,1500,1500,8.3
2026-08-17,34:55.8,0,-1,-299,0,0,-1024,952,-1,-1,1,-1,-1,-1,-1,-1,-1,-1,-1,-1,0x0000000000000000,1500,1500,1354,1500,2012,988,988,988,988,988,1500,988,1500,1500,1500,1500,1500,1500,1500,1500,1500,1500,1500,1500,1500,1500,1500,1500,1500,1500,1500,1500,8.3
2026-08-17,34:55.9,0,-18,-50,0,0,-1024,952,-1,-1,1,-1,-1,-1,-1,-1,-1,-1,-1,-1,0x0000000000000000,1500,1491,1476,1500,2012,988,988,988,988,988,1500,988,1500,1500,1500,1500,1500,1500,1500,1500,1500,1500,1500,1500,1500,1500,1500,1500,1500,1500,1500,1500,8.3
2026-08-17,34:56.0,0,-161,251,0,0,-1024,952,-1,-1,1,-1,-1,-1,-1,-1,-1,-1,-1,-1,0x0000000000000000,1500,1422,1622,1500,2012,988,988,988,988,988,1500,988,1500,1500,1500,1500,1500,1500,1500,1500,1500,1500,1500,1500,1500,1500,1500,1500,1500,1500,1500,1500,8.3
2026-08-17,34:56.1,0,-369,565,3,0,-1024,952,-1,-1,1,-1,-1,-1,-1,-1,-1,-1,-1,-1,0x0000000000000000,1502,1320,1776,1500,2012,988,988,988,988,988,1500,988,1500,1500,1500,1500,1500,1500,1500,1500,1500,1500,1500,1500,1500,1500,1500,1500,1500,1500,1500,1500,8.3
2026-08-17,34:56.2,0,-501,830,4,0,-1024,952,-1,-1,1,-1,-1,-1,-1,-1,-1,-1,-1,-1,0x0000000000000000,1502,1255,1905,1500,2012,988,988,988,988,988,1500,988,1500,1500,1500,1500,1500,1500,1500,1500,1500,1500,1500,1500,1500,1500,1500,1500,1500,1500,1500,1500,8.3
2026-08-17,34:56.3,0,-544,978,5,0,-1024,952,-1,-1,1,-1,-1,-1,-1,-1,-1,-1,-1,-1,0x0000000000000000,1503,1234,1977,1500,2012,988,988,988,988,988,1500,988,1500,1500,1500,1500,1500,1500,1500,1500,1500,1500,1500,1500,1500,1500,1500,1500,1500,1500,1500,1500,8.3
2026-08-17,34:56.4,0,-526,1023,4,0,-1024,952,-1,-1,1,-1,-1,-1,-1,-1,-1,-1,-1,-1,0x0000000000000000,1502,1243,1999,1500,2012,988,988,988,988,988,1500,988,1500,1500,1500,1500,1500,1500,1500,1500,1500,1500,1500,1500,1500,1500,1500,1500,1500,1500,1500,1500,8.3
2026-08-17,34:56.5,0,-477,1024,2,0,-1024,952,-1,-1,1,-1,-1,-1,-1,-1,-1,-1,-1,-1,0x0000000000000000,1501,1267,2000,1500,2012,988,988,988,988,988,1500,988,1500,1500,1500,1500,1500,1500,1500,1500,1500,1500,1500,1500,1500,1500,1500,1500,1500,1500,1500,1500,8.3
2026-08-17,34:56.6,0,-471,1024,-5,0,-1024,952,-1,-1,1,-1,-1,-1,-1,-1,-1,-1,-1,-1,0x0000000000000000,1498,1270,2000,1500,2012,988,988,988,988,988,1500,988,1500,1500,1500,1500,1500,1500,1500,1500,1500,1500,1500,1500,1500,1500,1500,1500,1500,1500,1500,1500,8.3
2026-08-17,34:56.7,0,-516,1024,-5,0,-1024,952,-1,-1,1,-1,-1,-1,-1,-1,-1,-1,-1,-1,0x0000000000000000,1498,1248,2000,1500,2012,988,988,988,988,988,1500,988,1500,1500,1500,1500,1500,1500,1500,1500,1500,1500,1500,1500,1500,1500,1500,1500,1500,1500,1500,1500,8.3
2026-08-17,34:56.8,0,-580,1024,1,0,-1024,952,-1,-1,1,-1,-1,-1,-1,-1,-1,-1,-1,-1,0x0000000000000000,1501,1217,2000,1500,2012,988,988,988,988,988,1500,988,1500,1500,1500,1500,1500,1500,1500,1500,1500,1500,1500,1500,1500,1500,1500,1500,1500,1500,1500,1500,8.3
2026-08-17,34:56.9,0,-632,1024,1,0,-1024,952,-1,-1,1,-1,-1,-1,-1,-1,-1,-1,-1,-1,0x0000000000000000,1501,1191,2000,1500,2012,988,988,988,988,988,1500,988,1500,1500,1500,1500,1500,1500,1500,1500,1500,1500,1500,1500,1500,1500,1500,1500,1500,1500,1500,1500,8.3
2026-08-17,34:57.0,0,-562,562,0,0,-1024,952,-1,-1,1,-1,-1,-1,-1,-1,-1,-1,-1,-1,0x0000000000000000,1500,1226,1774,1500,2012,988,988,988,988,988,1500,988,1500,1500,1500,1500,1500,1500,1500,1500,1500,1500,1500,1500,1500,1500,1500,1500,1500,1500,1500,1500,8.3
2026-08-17,34:57.1,58,-488,-1022,3,0,-1024,952,-1,-1,1,-1,-1,-1,-1,-1,-1,-1,-1,-1,0x0000000000000000,1502,1262,1001,1528,2012,988,988,988,988,988,1500,988,1500,1500,1500,1500,1500,1500,1500,1500,1500,1500,1500,1500,1500,1500,1500,1500,1500,1500,1500,1500,8.3
2026-08-17,34:57.2,-29,-537,-1024,5,0,-1024,952,-1,-1,1,-1,-1,-1,-1,-1,-1,-1,-1,-1,0x0000000000000000,1503,1238,1000,1486,2012,988,988,988,988,988,1500,988,1500,1500,1500,1500,1500,1500,1500,1500,1500,1500,1500,1500,1500,1500,1500,1500,1500,1500,1500,1500,8.3
2026-08-17,34:57.3,-75,-620,-1024,6,0,-1024,952,-1,-1,1,-1,-1,-1,-1,-1,-1,-1,-1,-1,0x0000000000000000,1503,1197,1000,1464,2012,988,988,988,988,988,1500,988,1500,1500,1500,1500,1500,1500,1500,1500,1500,1500,1500,1500,1500,1500,1500,1500,1500,1500,1500,1500,8.3
2026-08-17,34:57.4,-88,-512,-1024,4,0,-1024,952,-1,-1,1,-1,-1,-1,-1,-1,-1,-1,-1,-1,0x0000000000000000,1502,1250,1000,1457,2012,988,988,988,988,988,1500,988,1500,1500,1500,1500,1500,1500,1500,1500,1500,1500,1500,1500,1500,1500,1500,1500,1500,1500,1500,1500,8.3
2026-08-17,34:57.5,-65,-430,-1024,3,0,-1024,952,-1,-1,1,-1,-1,-1,-1,-1,-1,-1,-1,-1,0x0000000000000000,1502,1290,1000,1468,2012,988,988,988,988,988,1500,988,1500,1500,1500,1500,1500,1500,1500,1500,1500,1500,1500,1500,1500,1500,1500,1500,1500,1500,1500,1500,8.3
2026-08-17,34:57.6,-39,-500,-1024,5,0,-1024,952,-1,-1,1,-1,-1,-1,-1,-1,-1,-1,-1,-1,0x0000000000000000,1503,1256,1000,1481,2012,988,988,988,988,988,1500,988,1500,1500,1500,1500,1500,1500,1500,1500,1500,1500,1500,1500,1500,1500,1500,1500,1500,1500,1500,1500,8.3
2026-08-17,34:57.7,-39,-509,-1024,4,0,-1024,952,-1,-1,1,-1,-1,-1,-1,-1,-1,-1,-1,-1,0x0000000000000000,1502,1251,1000,1481,2012,988,988,988,988,988,1500,988,1500,1500,1500,1500,1500,1500,1500,1500,1500,1500,1500,1500,1500,1500,1500,1500,1500,1500,1500,1500,8.3
2026-08-17,34:57.8,-56,-458,-1024,3,0,-1024,952,-1,-1,1,-1,-1,-1,-1,-1,-1,-1,-1,-1,0x0000000000000000,1502,1276,1000,1473,2012,988,988,988,988,988,1500,988,1500,1500,1500,1500,1500,1500,1500,1500,1500,1500,1500,1500,1500,1500,1500,1500,1500,1500,1500,1500,8.3
2026-08-17,34:57.9,-78,-385,-1024,3,0,-1024,952,-1,-1,1,-1,-1,-1,-1,-1,-1,-1,-1,-1,0x0000000000000000,1502,1312,1000,1462,2012,988,988,988,988,988,1500,988,1500,1500,1500,1500,1500,1500,1500,1500,1500,1500,1500,1500,1500,1500,1500,1500,1500,1500,1500,1500,8.3
2026-08-17,34:58.0,-50,-297,-1024,4,0,-1024,952,-1,-1,1,-1,-1,-1,-1,-1,-1,-1,-1,-1,0x0000000000000000,1502,1355,1000,1476,2012,988,988,988,988,988,1500,988,1500,1500,1500,1500,1500,1500,1500,1500,1500,1500,1500,1500,1500,1500,1500,1500,1500,1500,1500,1500,8.3
2026-08-17,34:58.1,-55,-270,-1024,3,0,-1024,952,-1,-1,1,-1,-1,-1,-1,-1,-1,-1,-1,-1,0x0000000000000000,1502,1368,1000,1473,2012,988,988,988,988,988,1500,988,1500,1500,1500,1500,1500,1500,1500,1500,1500,1500,1500,1500,1500,1500,1500,1500,1500,1500,1500,1500,8.3
2026-08-17,34:58.2,-61,-189,-1024,3,0,-1024,952,-1,-1,1,-1,-1,-1,-1,-1,-1,-1,-1,-1,0x0000000000000000,1502,1408,1000,1470,2012,988,988,988,988,988,1500,988,1500,1500,1500,1500,1500,1500,1500,1500,1500,1500,1500,1500,1500,1500,1500,1500,1500,1500,1500,1500,8.3
2026-08-17,34:58.3,-86,-104,-1024,4,0,-1024,952,-1,-1,1,-1,-1,-1,-1,-1,-1,-1,-1,-1,0x0000000000000000,1502,1449,1000,1458,2012,988,988,988,988,988,1500,988,1500,1500,1500,1500,1500,1500,1500,1500,1500,1500,1500,1500,1500,1500,1500,1500,1500,1500,1500,1500,8.3
2026-08-17,34:58.4,-90,-64,-1024,2,0,-1024,952,-1,-1,1,-1,-1,-1,-1,-1,-1,-1,-1,-1,0x0000000000000000,1501,1469,1000,1456,2012,988,988,988,988,988,1500,988,1500,1500,1500,1500,1500,1500,1500,1500,1500,1500,1500,1500,1500,1500,1500,1500,1500,1500,1500,1500,8.3
2026-08-17,34:58.5,-64,-67,-1024,1,0,-1024,951,-1,-1,1,-1,-1,-1,-1,-1,-1,-1,-1,-1,0x0000000000000000,1501,1468,1000,1469,2012,988,988,988,988,988,1500,988,1500,1500,1500,1500,1500,1500,1500,1500,1500,1500,1500,1500,1500,1500,1500,1500,1500,1500,1500,1500,8.3
2026-08-17,34:58.6,-38,-58,-1024,0,0,-1024,952,-1,-1,1,-1,-1,-1,-1,-1,-1,-1,-1,-1,0x0000000000000000,1500,1472,1000,1482,2012,988,988,988,988,988,1500,988,1500,1500,1500,1500,1500,1500,1500,1500,1500,1500,1500,1500,1500,1500,1500,1500,1500,1500,1500,1500,8.3
2026-08-17,34:58.7,-21,-11,-1024,-2,0,-1024,952,-1,-1,1,-1,-1,-1,-1,-1,-1,-1,-1,-1,0x0000000000000000,1500,1495,1000,1490,2012,988,988,988,988,988,1500,988,1500,1500,1500,1500,1500,1500,1500,1500,1500,1500,1500,1500,1500,1500,1500,1500,1500,1500,1500,1500,8.3
2026-08-17,34:58.8,-1,-4,-1024,-5,0,-1024,952,-1,-1,1,-1,-1,-1,-1,-1,-1,-1,-1,-1,0x0000000000000000,1498,1498,1000,1500,2012,988,988,988,988,988,1500,988,1500,1500,1500,1500,1500,1500,1500,1500,1500,1500,1500,1500,1500,1500,1500,1500,1500,1500,1500,1500,8.3
2026-08-17,34:58.9,0,-36,-1024,-121,0,-1024,952,-1,-1,1,-1,-1,-1,-1,-1,-1,-1,-1,-1,0x0000000000000000,1442,1483,1000,1500,2012,988,988,988,988,988,1500,988,1500,1500,1500,1500,1500,1500,1500,1500,1500,1500,1500,1500,1500,1500,1500,1500,1500,1500,1500,1500,8.3
2026-08-17,34:59.0,-39,-105,-971,-232,0,-1024,952,-1,-1,1,-1,-1,-1,-1,-1,-1,-1,-1,-1,0x0000000000000000,1387,1449,1026,1481,2012,988,988,988,988,988,1500,988,1500,1500,1500,1500,1500,1500,1500,1500,1500,1500,1500,1500,1500,1500,1500,1500,1500,1500,1500,1500,8.3
2026-08-17,34:59.1,-49,-120,-849,-253,0,-1024,952,-1,-1,1,-1,-1,-1,-1,-1,-1,-1,-1,-1,0x0000000000000000,1377,1442,1085,1476,2012,988,988,988,988,988,1500,988,1500,1500,1500,1500,1500,1500,1500,1500,1500,1500,1500,1500,1500,1500,1500,1500,1500,1500,1500,1500,8.3
2026-08-17,34:59.2,-3,-173,-709,-123,0,-1024,952,-1,-1,1,-1,-1,-1,-1,-1,-1,-1,-1,-1,0x0000000000000000,1441,1416,1154,1499,2012,988,988,988,988,988,1500,988,1500,1500,1500,1500,1500,1500,1500,1500,1500,1500,1500,1500,1500,1500,1500,1500,1500,1500,1500,1500,8.3
2026-08-17,34:59.3,0,-222,-658,-108,0,-1024,952,-1,-1,1,-1,-1,-1,-1,-1,-1,-1,-1,-1,0x0000000000000000,1448,1392,1179,1500,2012,988,988,988,988,988,1500,988,1500,1500,1500,1500,1500,1500,1500,1500,1500,1500,1500,1500,1500,1500,1500,1500,1500,1500,1500,1500,8.3
2026-08-17,34:59.4,0,-169,-563,-168,0,-1024,952,-1,-1,1,-1,-1,-1,-1,-1,-1,-1,-1,-1,0x0000000000000000,1419,1418,1225,1500,2012,988,988,988,988,988,1500,988,1500,1500,1500,1500,1500,1500,1500,1500,1500,1500,1500,1500,1500,1500,1500,1500,1500,1500,1500,1500,8.3
2026-08-17,34:59.5,0,-132,-476,-159,0,-1024,952,-1,-1,1,-1,-1,-1,-1,-1,-1,-1,-1,-1,0x0000000000000000,1423,1436,1268,1500,2012,988,988,988,988,988,1500,988,1500,1500,1500,1500,1500,1500,1500,1500,1500,1500,1500,1500,1500,1500,1500,1500,1500,1500,1500,1500,8.3
2026-08-17,34:59.6,0,-97,-366,-156,0,-1024,952,-1,-1,1,-1,-1,-1,-1,-1,-1,-1,-1,-1,0x0000000000000000,1424,1453,1321,1500,2012,988,988,988,988,988,1500,988,1500,1500,1500,1500,1500,1500,1500,1500,1500,1500,1500,1500,1500,1500,1500,1500,1500,1500,1500,1500,8.3
2026-08-17,34:59.7,0,-92,-306,-113,0,-1024,952,-1,-1,1,-1,-1,-1,-1,-1,-1,-1,-1,-1,0x0000000000000000,1445,1455,1351,1500,2012,988,988,988,988,988,1500,988,1500,1500,1500,1500,1500,1500,1500,1500,1500,1500,1500,1500,1500,1500,1500,1500,1500,1500,1500,1500,8.3
2026-08-17,34:59.8,0,-132,-111,-53,0,-1024,952,-1,-1,1,-1,-1,-1,-1,-1,-1,-1,-1,-1,0x0000000000000000,1475,1436,1446,1500,2012,988,988,988,988,988,1500,988,1500,1500,1500,1500,1500,1500,1500,1500,1500,1500,1500,1500,1500,1500,1500,1500,1500,1500,1500,1500,8.3
2026-08-17,34:59.9,30,-166,-106,-6,0,-1024,952,-1,-1,1,-1,-1,-1,-1,-1,-1,-1,-1,-1,0x0000000000000000,1498,1419,1448,1514,2012,988,988,988,988,988,1500,988,1500,1500,1500,1500,1500,1500,1500,1500,1500,1500,1500,1500,1500,1500,1500,1500,1500,1500,1500,1500,8.3
2026-08-17,35:00.0,96,-145,-351,-3,0,-1024,952,-1,-1,1,-1,-1,-1,-1,-1,-1,-1,-1,-1,0x0000000000000000,1499,1429,1329,1547,2012,988,988,988,988,988,1500,988,1500,1500,1500,1500,1500,1500,1500,1500,1500,1500,1500,1500,1500,1500,1500,1500,1500,1500,1500,1500,8.3
2026-08-17,35:00.1,11,-197,-273,-29,0,-1024,952,-1,-1,1,-1,-1,-1,-1,-1,-1,-1,-1,-1,0x0000000000000000,1487,1404,1367,1505,2012,988,988,988,988,988,1500,988,1500,1500,1500,1500,1500,1500,1500,1500,1500,1500,1500,1500,1500,1500,1500,1500,1500,1500,1500,1500,8.3
2026-08-17,35:00.2,0,-288,4,-108,0,-1024,952,-1,-1,1,-1,-1,-1,-1,-1,-1,-1,-1,-1,0x0000000000000000,1448,1359,1502,1500,2012,988,988,988,988,988,1500,988,1500,1500,1500,1500,1500,1500,1500,1500,1500,1500,1500,1500,1500,1500,1500,1500,1500,1500,1500,1500,8.3
2026-08-17,35:00.3,0,-242,4,-93,0,-1024,952,-1,-1,1,-1,-1,-1,-1,-1,-1,-1,-1,-1,0x0000000000000000,1455,1382,1502,1500,2012,988,988,988,988,988,1500,988,1500,1500,1500,1500,1500,1500,1500,1500,1500,1500,1500,1500,1500,1500,1500,1500,1500,1500,1500,1500,8.3
2026-08-17,35:00.4,0,-177,-217,-60,0,-1024,952,-1,-1,1,-1,-1,-1,-1,-1,-1,-1,-1,-1,0x0000000000000000,1471,1414,1394,1500,2012,988,988,988,988,988,1500,988,1500,1500,1500,1500,1500,1500,1500,1500,1500,1500,1500,1500,1500,1500,1500,1500,1500,1500,1500,1500,8.3
2026-08-17,35:00.5,29,-179,-139,-64,0,-1024,952,-1,-1,1,-1,-1,-1,-1,-1,-1,-1,-1,-1,0x0000000000000000,1469,1413,1432,1514,2012,988,988,988,988,988,1500,988,1500,1500,1500,1500,1500,1500,1500,1500,1500,1500,1500,1500,1500,1500,1500,1500,1500,1500,1500,1500,8.3
2026-08-17,35:00.6,0,-206,15,-55,0,-1024,952,-1,-1,1,-1,-1,-1,-1,-1,-1,-1,-1,-1,0x0000000000000000,1474,1400,1507,1500,2012,988,988,988,988,988,1500,988,1500,1500,1500,1500,1500,1500,1500,1500,1500,1500,1500,1500,1500,1500,1500,1500,1500,1500,1500,1500,8.3
2026-08-17,35:00.7,0,-224,181,-36,0,-1024,952,-1,-1,1,-1,-1,-1,-1,-1,-1,-1,-1,-1,0x0000000000000000,1483,1391,1588,1500,2012,988,988,988,988,988,1500,988,1500,1500,1500,1500,1500,1500,1500,1500,1500,1500,1500,1500,1500,1500,1500,1500,1500,1500,1500,1500,8.3
2026-08-17,35:00.8,0,-242,341,-13,0,-1024,952,-1,-1,1,-1,-1,-1,-1,-1,-1,-1,-1,-1,0x0000000000000000,1494,1382,1666,1500,2012,988,988,988,988,988,1500,988,1500,1500,1500,1500,1500,1500,1500,1500,1500,1500,1500,1500,1500,1500,1500,1500,1500,1500,1500,1500,8.3
2026-08-17,35:00.9,0,-345,708,-60,0,-1024,952,-1,-1,1,-1,-1,-1,-1,-1,-1,-1,-1,-1,0x0000000000000000,1471,1332,1845,1500,2012,988,988,988,988,988,1500,988,1500,1500,1500,1500,1500,1500,1500,1500,1500,1500,1500,1500,1500,1500,1500,1500,1500,1500,1500,1500,8.3
2026-08-17,35:01.0,0,-289,756,-60,0,-1024,952,-1,-1,1,-1,-1,-1,-1,-1,-1,-1,-1,-1,0x0000000000000000,1471,1359,1869,1500,2012,988,988,988,988,988,1500,988,1500,1500,1500,1500,1500,1500,1500,1500,1500,1500,1500,1500,1500,1500,1500,1500,1500,1500,1500,1500,8.3
2026-08-17,35:01.1,0,-174,742,-29,0,-1024,952,-1,-1,1,-1,-1,-1,-1,-1,-1,-1,-1,-1,0x0000000000000000,1487,1415,1862,1500,2012,988,988,988,988,988,1500,988,1500,1500,1500,1500,1500,1500,1500,1500,1500,1500,1500,1500,1500,1500,1500,1500,1500,1500,1500,1500,8.3
2026-08-17,35:01.2,0,-151,780,-19,0,-1024,952,-1,-1,1,-1,-1,-1,-1,-1,-1,-1,-1,-1,0x0000000000000000,1491,1426,1881,1500,2012,988,988,988,988,988,1500,988,1500,1500,1500,1500,1500,1500,1500,1500,1500,1500,1500,1500,1500,1500,1500,1500,1500,1500,1500,1500,8.3
2026-08-17,35:01.3,-14,-126,759,-76,0,-1024,952,-1,-1,1,-1,-1,-1,-1,-1,-1,-1,-1,-1,0x0000000000000000,1464,1439,1870,1493,2012,988,988,988,988,988,1500,988,1500,1500,1500,1500,1500,1500,1500,1500,1500,1500,1500,1500,1500,1500,1500,1500,1500,1500,1500,1500,8.3
2026-08-17,35:01.4,-399,-7,553,-396,0,-1024,952,-1,-1,1,-1,-1,-1,-1,-1,-1,-1,-1,-1,0x0000000000000000,1307,1497,1770,1305,2012,988,988,988,988,988,1500,988,1500,1500,1500,1500,1500,1500,1500,1500,1500,1500,1500,1500,1500,1500,1500,1500,1500,1500,1500,1500,8.3
2026-08-17,35:01.5,-612,-3,487,-552,0,-1024,952,-1,-1,1,-1,-1,-1,-1,-1,-1,-1,-1,-1,0x0000000000000000,1231,1499,1738,1201,2012,988,988,988,988,988,1500,988,1500,1500,1500,1500,1500,1500,1500,1500,1500,1500,1500,1500,1500,1500,1500,1500,1500,1500,1500,1500,8.3
2026-08-17,35:01.6,-647,-34,480,-597,0,-1024,952,-1,-1,1,-1,-1,-1,-1,-1,-1,-1,-1,-1,0x0000000000000000,1209,1484,1734,1184,2012,988,988,988,988,988,1500,988,1500,1500,1500,1500,1500,1500,1500,1500,1500,1500,1500,1500,1500,1500,1500,1500,1500,1500,1500,1500,8.3
2026-08-17,35:01.7,-519,-106,589,-648,0,-1024,952,-1,-1,1,-1,-1,-1,-1,-1,-1,-1,-1,-1,0x0000000000000000,1184,1448,1787,1247,2012,988,988,988,988,988,1500,988,1500,1500,1500,1500,1500,1500,1500,1500,1500,1500,1500,1500,1500,1500,1500,1500,1500,1500,1500,1500,8.3
2026-08-17,35:01.8,-516,-78,611,-685,0,-1024,952,-1,-1,1,-1,-1,-1,-1,-1,-1,-1,-1,-1,0x0000000000000000,1166,1462,1798,1248,2012,988,988,988,988,988,1500,988,1500,1500,1500,1500,1500,1500,1500,1500,1500,1500,1500,1500,1500,1500,1500,1500,1500,1500,1500,1500,8.3
2026-08-17,35:01.9,-481,-48,601,-680,0,-1024,952,-1,-1,1,-1,-1,-1,-1,-1,-1,-1,-1,-1,0x0000000000000000,1168,1477,1793,1265,2012,988,988,988,988,988,1500,988,1500,1500,1500,1500,1500,1500,1500,1500,1500,1500,1500,1500,1500,1500,1500,1500,1500,1500,1500,1500,8.3
2026-08-17,35:02.0,-464,-135,637,-509,0,-1024,952,-1,-1,1,-1,-1,-1,-1,-1,-1,-1,-1,-1,0x0000000000000000,1252,1434,1811,1273,2012,988,988,988,988,988,1500,988,1500,1500,1500,1500,1500,1500,1500,1500,1500,1500,1500,1500,1500,1500,1500,1500,1500,1500,1500,1500,8.3
2026-08-17,35:02.1,-217,-149,721,-192,0,-1024,952,-1,-1,1,-1,-1,-1,-1,-1,-1,-1,-1,-1,0x0000000000000000,1407,1427,1852,1394,2012,988,988,988,988,988,1500,988,1500,1500,1500,1500,1500,1500,1500,1500,1500,1500,1500,1500,1500,1500,1500,1500,1500,1500,1500,1500,8.3
2026-08-17,35:02.2,-60,-171,957,3,0,-1024,952,-1,-1,1,-1,-1,-1,-1,-1,-1,-1,-1,-1,0x0000000000000000,1502,1417,1967,1471,2012,988,988,988,988,988,1500,988,1500,1500,1500,1500,1500,1500,1500,1500,1500,1500,1500,1500,1500,1500,1500,1500,1500,1500,1500,1500,8.3
2026-08-17,35:02.3,0,-109,1023,1,0,-1024,952,-1,-1,1,-1,-1,-1,-1,-1,-1,-1,-1,-1,0x0000000000000000,1501,1447,1999,1500,2012,988,988,988,988,988,1500,988,1500,1500,1500,1500,1500,1500,1500,1500,1500,1500,1500,1500,1500,1500,1500,1500,1500,1500,1500,1500,8.3
2026-08-17,35:02.4,22,-20,1024,-118,0,-1024,952,-1,-1,1,-1,-1,-1,-1,-1,-1,-1,-1,-1,0x0000000000000000,1443,1490,2000,1510,2012,988,988,988,988,988,1500,988,1500,1500,1500,1500,1500,1500,1500,1500,1500,1500,1500,1500,1500,1500,1500,1500,1500,1500,1500,1500,8.3
2026-08-17,35:02.5,1,-2,1024,-142,0,-1024,952,-1,-1,1,-1,-1,-1,-1,-1,-1,-1,-1,-1,0x0000000000000000,1431,1499,2000,1500,2012,988,988,988,988,988,1500,988,1500,1500,1500,1500,1500,1500,1500,1500,1500,1500,1500,1500,1500,1500,1500,1500,1500,1500,1500,1500,8.3
2026-08-17,35:02.6,0,-3,1024,-123,0,-1024,952,-1,-1,1,-1,-1,-1,-1,-1,-1,-1,-1,-1,0x0000000000000000,1441,1499,2000,1500,2012,988,988,988,988,988,1500,988,1500,1500,1500,1500,1500,1500,1500,1500,1500,1500,1500,1500,1500,1500,1500,1500,1500,1500,1500,1500,8.3
2026-08-17,35:02.7,0,-3,1024,-41,0,-1024,952,-1,-1,1,-1,-1,-1,-1,-1,-1,-1,-1,-1,0x0000000000000000,1481,1499,2000,1500,2012,988,988,988,988,988,1500,988,1500,1500,1500,1500,1500,1500,1500,1500,1500,1500,1500,1500,1500,1500,1500,1500,1500,1500,1500,1500,8.3
2026-08-17,35:02.8,0,-3,858,2,0,-1024,952,-1,-1,1,-1,-1,-1,-1,-1,-1,-1,-1,-1,0x0000000000000000,1501,1499,1919,1500,2012,988,988,988,988,988,1500,988,1500,1500,1500,1500,1500,1500,1500,1500,1500,1500,1500,1500,1500,1500,1500,1500,1500,1500,1500,1500,8.3
2026-08-17,35:02.9,-114,-2,-604,191,0,-1024,952,-1,-1,1,-1,-1,-1,-1,-1,-1,-1,-1,-1,0x0000000000000000,1593,1499,1205,1445,2012,988,988,988,988,988,1500,988,1500,1500,1500,1500,1500,1500,1500,1500,1500,1500,1500,1500,1500,1500,1500,1500,1500,1500,1500,1500,8.3
2026-08-17,35:03.0,-142,-24,-1022,250,0,-1024,952,-1,-1,1,-1,-1,-1,-1,-1,-1,-1,-1,-1,0x0000000000000000,1622,1489,1001,1431,2012,988,988,988,988,988,1500,988,1500,1500,1500,1500,1500,1500,1500,1500,1500,1500,1500,1500,1500,1500,1500,1500,1500,1500,1500,1500,8.3
2026-08-17,35:03.1,-1,-5,-1024,3,0,-1024,952,-1,-1,1,-1,-1,-1,-1,-1,-1,-1,-1,-1,0x0000000000000000,1502,1498,1000,1500,2012,988,988,988,988,988,1500,988,1500,1500,1500,1500,1500,1500,1500,1500,1500,1500,1500,1500,1500,1500,1500,1500,1500,1500,1500,1500,8.3
2026-08-17,35:03.2,16,-40,-1024,79,0,-1024,952,-1,-1,1,-1,-1,-1,-1,-1,-1,-1,-1,-1,0x0000000000000000,1539,1481,1000,1508,2012,988,988,988,988,988,1500,988,1500,1500,1500,1500,1500,1500,1500,1500,1500,1500,1500,1500,1500,1500,1500,1500,1500,1500,1500,1500,8.3
2026-08-17,35:03.3,0,-179,-1024,274,0,-1024,952,-1,-1,1,-1,-1,-1,-1,-1,-1,-1,-1,-1,0x0000000000000000,1634,1413,1000,1500,2012,988,988,988,988,988,1500,988,1500,1500,1500,1500,1500,1500,1500,1500,1500,1500,1500,1500,1500,1500,1500,1500,1500,1500,1500,1500,8.3
2026-08-17,35:03.4,0,-75,-1022,346,0,-1024,952,-1,-1,1,-1,-1,-1,-1,-1,-1,-1,-1,-1,0x0000000000000000,1669,1464,1001,1500,2012,988,988,988,988,988,1500,988,1500,1500,1500,1500,1500,1500,1500,1500,1500,1500,1500,1500,1500,1500,1500,1500,1500,1500,1500,1500,8.3
2026-08-17,35:03.5,0,-3,-943,45,0,-1024,952,-1,-1,1,-1,-1,-1,-1,-1,-1,-1,-1,-1,0x0000000000000000,1522,1499,1039,1500,2012,988,988,988,988,988,1500,988,1500,1500,1500,1500,1500,1500,1500,1500,1500,1500,1500,1500,1500,1500,1500,1500,1500,1500,1500,1500,8.3
2026-08-17,35:03.6,0,-4,-765,1,0,-1024,952,-1,-1,1,-1,-1,-1,-1,-1,-1,-1,-1,-1,0x0000000000000000,1501,1498,1126,1500,2012,988,988,988,988,988,1500,988,1500,1500,1500,1500,1500,1500,1500,1500,1500,1500,1500,1500,1500,1500,1500,1500,1500,1500,1500,1500,8.3
2026-08-17,35:03.7,0,-7,-5,33,0,-1024,952,-1,-1,1,-1,-1,-1,-1,-1,-1,-1,-1,-1,0x0000000000000000,1516,1497,1498,1500,2012,988,988,988,988,988,1500,988,1500,1500,1500,1500,1500,1500,1500,1500,1500,1500,1500,1500,1500,1500,1500,1500,1500,1500,1500,1500,8.3
2026-08-17,35:03.8,0,-6,757,59,0,-1024,952,-1,-1,1,-1,-1,-1,-1,-1,-1,-1,-1,-1,0x0000000000000000,1529,1497,1869,1500,2012,988,988,988,988,988,1500,988,1500,1500,1500,1500,1500,1500,1500,1500,1500,1500,1500,1500,1500,1500,1500,1500,1500,1500,1500,1500,8.3
2026-08-17,35:03.9,0,-9,1022,22,0,-1024,952,-1,-1,1,-1,-1,-1,-1,-1,-1,-1,-1,-1,0x0000000000000000,1511,1496,1999,1500,2012,988,988,988,988,988,1500,988,1500,1500,1500,1500,1500,1500,1500,1500,1500,1500,1500,1500,1500,1500,1500,1500,1500,1500,1500,1500,8.3
2026-08-17,35:04.0,4,-7,1024,11,0,-1024,952,-1,-1,1,-1,-1,-1,-1,-1,-1,-1,-1,-1,0x0000000000000000,1506,1497,2000,1502,2012,988,988,988,988,988,1500,988,1500,1500,1500,1500,1500,1500,1500,1500,1500,1500,1500,1500,1500,1500,1500,1500,1500,1500,1500,1500,8.3
2026-08-17,35:04.1,0,-4,1024,2,0,-1024,952,-1,-1,1,-1,-1,-1,-1,-1,-1,-1,-1,-1,0x0000000000000000,1501,1498,2000,1500,2012,988,988,988,988,988,1500,988,1500,1500,1500,1500,1500,1500,1500,1500,1500,1500,1500,1500,1500,1500,1500,1500,1500,1500,1500,1500,8.3
2026-08-17,35:04.2,0,-4,1024,6,0,-1024,952,-1,-1,1,-1,-1,-1,-1,-1,-1,-1,-1,-1,0x0000000000000000,1503,1498,2000,1500,2012,988,988,988,988,988,1500,988,1500,1500,1500,1500,1500,1500,1500,1500,1500,1500,1500,1500,1500,1500,1500,1500,1500,1500,1500,1500,8.3
2026-08-17,35:04.3,6,-4,1024,14,0,-1024,952,-1,-1,1,-1,-1,-1,-1,-1,-1,-1,-1,-1,0x0000000000000000,1507,1498,2000,1503,2012,988,988,988,988,988,1500,988,1500,1500,1500,1500,1500,1500,1500,1500,1500,1500,1500,1500,1500,1500,1500,1500,1500,1500,1500,1500,8.3
2026-08-17,35:04.4,2,-2,1024,57,0,-1024,952,-1,-1,1,-1,-1,-1,-1,-1,-1,-1,-1,-1,0x0000000000000000,1528,1499,2000,1501,2012,988,988,988,988,988,1500,988,1500,1500,1500,1500,1500,1500,1500,1500,1500,1500,1500,1500,1500,1500,1500,1500,1500,1500,1500,1500,8.3
2026-08-17,35:04.5,0,-2,1024,103,0,-1024,952,-1,-1,1,-1,-1,-1,-1,-1,-1,-1,-1,-1,0x0000000000000000,1550,1499,2000,1500,2012,988,988,988,988,988,1500,988,1500,1500,1500,1500,1500,1500,1500,1500,1500,1500,1500,1500,1500,1500,1500,1500,1500,1500,1500,1500,8.3
2026-08-17,35:04.6,0,-2,822,115,0,-1024,952,-1,-1,1,-1,-1,-1,-1,-1,-1,-1,-1,-1,0x0000000000000000,1556,1499,1901,1500,2012,988,988,988,988,988,1500,988,1500,1500,1500,1500,1500,1500,1500,1500,1500,1500,1500,1500,1500,1500,1500,1500,1500,1500,1500,1500,8.3
2026-08-17,35:04.7,13,-2,-431,297,0,-1024,952,-1,-1,1,-1,-1,-1,-1,-1,-1,-1,-1,-1,0x0000000000000000,1645,1499,1290,1506,2012,988,988,988,988,988,1500,988,1500,1500,1500,1500,1500,1500,1500,1500,1500,1500,1500,1500,1500,1500,1500,1500,1500,1500,1500,1500,8.3
2026-08-17,35:04.8,0,-2,-1024,833,0,-1024,952,-1,-1,1,-1,-1,-1,-1,-1,-1,-1,-1,-1,0x0000000000000000,1907,1499,1000,1500,2012,988,988,988,988,988,1500,988,1500,1500,1500,1500,1500,1500,1500,1500,1500,1500,1500,1500,1500,1500,1500,1500,1500,1500,1500,1500,8.3
2026-08-17,35:04.9,0,-4,-1024,819,0,-1024,951,-1,-1,1,-1,-1,-1,-1,-1,-1,-1,-1,-1,0x0000000000000000,1900,1498,1000,1500,2012,988,988,988,988,988,1500,988,1500,1500,1500,1500,1500,1500,1500,1500,1500,1500,1500,1500,1500,1500,1500,1500,1500,1500,1500,1500,8.3
2026-08-17,35:05.0,0,4,-1024,340,0,-1024,952,-1,-1,1,-1,-1,-1,-1,-1,-1,-1,-1,-1,0x0000000000000000,1666,1502,1000,1500,2012,988,988,988,988,988,1500,988,1500,1500,1500,1500,1500,1500,1500,1500,1500,1500,1500,1500,1500,1500,1500,1500,1500,1500,1500,1500,8.3
2026-08-17,35:05.1,0,-1,-1024,236,0,-1024,952,-1,-1,1,-1,-1,-1,-1,-1,-1,-1,-1,-1,0x0000000000000000,1615,1500,1000,1500,2012,988,988,988,988,988,1500,988,1500,1500,1500,1500,1500,1500,1500,1500,1500,1500,1500,1500,1500,1500,1500,1500,1500,1500,1500,1500,8.3
2026-08-17,35:05.2,0,-1,-1024,229,0,-1024,952,-1,-1,1,-1,-1,-1,-1,-1,-1,-1,-1,-1,0x0000000000000000,1612,1500,1000,1500,2012,988,988,988,988,988,1500,988,1500,1500,1500,1500,1500,1500,1500,1500,1500,1500,1500,1500,1500,1500,1500,1500,1500,1500,1500,1500,8.3
2026-08-17,35:05.3,0,-1,-1024,180,0,-1024,952,-1,-1,1,-1,-1,-1,-1,-1,-1,-1,-1,-1,0x0000000000000000,1588,1500,1000,1500,2012,988,988,988,988,988,1500,988,1500,1500,1500,1500,1500,1500,1500,1500,1500,1500,1500,1500,1500,1500,1500,1500,1500,1500,1500,1500,8.3
2026-08-17,35:05.4,0,-31,-1024,100,0,-1024,952,-1,-1,1,-1,-1,-1,-1,-1,-1,-1,-1,-1,0x0000000000000000,1549,1485,1000,1500,2012,988,988,988,988,988,1500,988,1500,1500,1500,1500,1500,1500,1500,1500,1500,1500,1500,1500,1500,1500,1500,1500,1500,1500,1500,1500,8.3
2026-08-17,35:05.5,0,-110,-886,47,0,-1024,952,-1,-1,1,-1,-1,-1,-1,-1,-1,-1,-1,-1,0x0000000000000000,1523,1446,1067,1500,2012,988,988,988,988,988,1500,988,1500,1500,1500,1500,1500,1500,1500,1500,1500,1500,1500,1500,1500,1500,1500,1500,1500,1500,1500,1500,8.3
2026-08-17,35:05.6,5,-100,-737,79,0,-1024,952,-1,-1,1,-1,-1,-1,-1,-1,-1,-1,-1,-1,0x0000000000000000,1539,1451,1140,1502,2012,988,988,988,988,988,1500,988,1500,1500,1500,1500,1500,1500,1500,1500,1500,1500,1500,1500,1500,1500,1500,1500,1500,1500,1500,1500,8.3
2026-08-17,35:05.7,40,-44,-617,206,0,-1024,952,-1,-1,1,-1,-1,-1,-1,-1,-1,-1,-1,-1,0x0000000000000000,1601,1479,1199,1519,2012,988,988,988,988,988,1500,988,1500,1500,1500,1500,1500,1500,1500,1500,1500,1500,1500,1500,1500,1500,1500,1500,1500,1500,1500,1500,8.3
2026-08-17,35:05.8,44,-38,-337,270,0,-1024,952,-1,-1,1,-1,-1,-1,-1,-1,-1,-1,-1,-1,0x0000000000000000,1632,1482,1336,1521,2012,988,988,988,988,988,1500,988,1500,1500,1500,1500,1500,1500,1500,1500,1500,1500,1500,1500,1500,1500,1500,1500,1500,1500,1500,1500,8.3
2026-08-17,35:05.9,34,-60,-169,273,0,-1024,952,-1,-1,1,-1,-1,-1,-1,-1,-1,-1,-1,-1,0x0000000000000000,1633,1471,1418,1516,2012,988,988,988,988,988,1500,988,1500,1500,1500,1500,1500,1500,1500,1500,1500,1500,1500,1500,1500,1500,1500,1500,1500,1500,1500,1500,8.3
2026-08-17,35:06.0,3,-102,-12,216,0,-1024,952,-1,-1,1,-1,-1,-1,-1,-1,-1,-1,-1,-1,0x0000000000000000,1606,1450,1494,1501,2012,988,988,988,988,988,1500,988,1500,1500,1500,1500,1500,1500,1500,1500,1500,1500,1500,1500,1500,1500,1500,1500,1500,1500,1500,1500,8.3
2026-08-17,35:06.1,0,-134,208,158,0,-1024,952,-1,-1,1,-1,-1,-1,-1,-1,-1,-1,-1,-1,0x0000000000000000,1577,1435,1601,1500,2012,988,988,988,988,988,1500,988,1500,1500,1500,1500,1500,1500,1500,1500,1500,1500,1500,1500,1500,1500,1500,1500,1500,1500,1500,1500,8.3
2026-08-17,35:06.2,80,-170,281,121,0,-1024,952,-1,-1,1,-1,-1,-1,-1,-1,-1,-1,-1,-1,0x0000000000000000,1559,1417,1637,1539,2012,988,988,988,988,988,1500,988,1500,1500,1500,1500,1500,1500,1500,1500,1500,1500,1500,1500,1500,1500,1500,1500,1500,1500,1500,1500,8.3
2026-08-17,35:06.3,153,-238,261,52,0,-1024,952,-1,-1,1,-1,-1,-1,-1,-1,-1,-1,-1,-1,0x0000000000000000,1526,1384,1627,1574,2012,988,988,988,988,988,1500,988,1500,1500,1500,1500,1500,1500,1500,1500,1500,1500,1500,1500,1500,1500,1500,1500,1500,1500,1500,1500,8.3
2026-08-17,35:06.4,132,-238,229,32,0,-1024,952,-1,-1,1,-1,-1,-1,-1,-1,-1,-1,-1,-1,0x0000000000000000,1516,1384,1612,1564,2012,988,988,988,988,988,1500,988,1500,1500,1500,1500,1500,1500,1500,1500,1500,1500,1500,1500,1500,1500,1500,1500,1500,1500,1500,1500,8.3
2026-08-17,35:06.5,184,-233,-30,16,0,-1024,952,-1,-1,1,-1,-1,-1,-1,-1,-1,-1,-1,-1,0x0000000000000000,1508,1386,1486,1590,2012,988,988,988,988,988,1500,988,1500,1500,1500,1500,1500,1500,1500,1500,1500,1500,1500,1500,1500,1500,1500,1500,1500,1500,1500,1500,8.3
2026-08-17,35:06.6,173,-257,-266,142,0,-1024,952,-1,-1,1,-1,-1,-1,-1,-1,-1,-1,-1,-1,0x0000000000000000,1570,1375,1370,1584,2012,988,988,988,988,988,1500,988,1500,1500,1500,1500,1500,1500,1500,1500,1500,1500,1500,1500,1500,1500,1500,1500,1500,1500,1500,1500,8.3
2026-08-17,35:06.7,49,-252,78,143,0,-1024,952,-1,-1,1,-1,-1,-1,-1,-1,-1,-1,-1,-1,0x0000000000000000,1570,1377,1538,1524,2012,988,988,988,988,988,1500,988,1500,1500,1500,1500,1500,1500,1500,1500,1500,1500,1500,1500,1500,1500,1500,1500,1500,1500,1500,1500,8.3
2026-08-17,35:06.8,54,-208,78,126,0,-1024,952,-1,-1,1,-1,-1,-1,-1,-1,-1,-1,-1,-1,0x0000000000000000,1562,1399,1538,1526,2012,988,988,988,988,988,1500,988,1500,1500,1500,1500,1500,1500,1500,1500,1500,1500,1500,1500,1500,1500,1500,1500,1500,1500,1500,1500,8.3
2026-08-17,35:06.9,174,-208,9,274,0,-1024,952,-1,-1,1,-1,-1,-1,-1,-1,-1,-1,-1,-1,0x0000000000000000,1634,1399,1504,1585,2012,988,988,988,988,988,1500,988,1500,1500,1500,1500,1500,1500,1500,1500,1500,1500,1500,1500,1500,1500,1500,1500,1500,1500,1500,1500,8.3
2026-08-17,35:07.0,145,-231,293,303,0,-1024,952,-1,-1,1,-1,-1,-1,-1,-1,-1,-1,-1,-1,0x0000000000000000,1648,1387,1643,1571,2012,988,988,988,988,988,1500,988,1500,1500,1500,1500,1500,1500,1500,1500,1500,1500,1500,1500,1500,1500,1500,1500,1500,1500,1500,1500,8.3
2026-08-17,35:07.1,68,-189,343,162,0,-1024,952,-1,-1,1,-1,-1,-1,-1,-1,-1,-1,-1,-1,0x0000000000000000,1579,1408,1667,1533,2012,988,988,988,988,988,1500,988,1500,1500,1500,1500,1500,1500,1500,1500,1500,1500,1500,1500,1500,1500,1500,1500,1500,1500,1500,1500,8.3
2026-08-17,35:07.2,140,-163,253,185,0,-1024,952,-1,-1,1,-1,-1,-1,-1,-1,-1,-1,-1,-1,0x0000000000000000,1590,1421,1623,1568,2012,988,988,988,988,988,1500,988,1500,1500,1500,1500,1500,1500,1500,1500,1500,1500,1500,1500,1500,1500,1500,1500,1500,1500,1500,1500,8.3
2026-08-17,35:07.3,204,-140,237,394,0,-1024,952,-1,-1,1,-1,-1,-1,-1,-1,-1,-1,-1,-1,0x0000000000000000,1692,1432,1615,1599,2012,988,988,988,988,988,1500,988,1500,1500,1500,1500,1500,1500,1500,1500,1500,1500,1500,1500,1500,1500,1500,1500,1500,1500,1500,1500,8.3
2026-08-17,35:07.4,151,-116,381,376,0,-1024,952,-1,-1,1,-1,-1,-1,-1,-1,-1,-1,-1,-1,0x0000000000000000,1684,1444,1686,1573,2012,988,988,988,988,988,1500,988,1500,1500,1500,1500,1500,1500,1500,1500,1500,1500,1500,1500,1500,1500,1500,1500,1500,1500,1500,1500,8.3
2026-08-17,35:07.5,98,-172,551,270,0,-1024,952,-1,-1,1,-1,-1,-1,-1,-1,-1,-1,-1,-1,0x0000000000000000,1632,1416,1769,1548,2012,988,988,988,988,988,1500,988,1500,1500,1500,1500,1500,1500,1500,1500,1500,1500,1500,1500,1500,1500,1500,1500,1500,1500,1500,1500,8.3
2026-08-17,35:07.6,264,-262,584,298,0,-1024,952,-1,-1,1,-1,-1,-1,-1,-1,-1,-1,-1,-1,0x0000000000000000,1646,1372,1785,1629,2012,988,988,988,988,988,1500,988,1500,1500,1500,1500,1500,1500,1500,1500,1500,1500,1500,1500,1500,1500,1500,1500,1500,1500,1500,1500,8.3
2026-08-17,35:07.7,319,-343,612,392,0,-1024,952,-1,-1,1,-1,-1,-1,-1,-1,-1,-1,-1,-1,0x0000000000000000,1691,1333,1799,1656,2012,988,988,988,988,988,1500,988,1500,1500,1500,1500,1500,1500,1500,1500,1500,1500,1500,1500,1500,1500,1500,1500,1500,1500,1500,1500,8.3
2026-08-17,35:07.8,255,-253,701,407,0,-1024,952,-1,-1,1,-1,-1,-1,-1,-1,-1,-1,-1,-1,0x0000000000000000,1699,1377,1842,1624,2012,988,988,988,988,988,1500,988,1500,1500,1500,1500,1500,1500,1500,1500,1500,1500,1500,1500,1500,1500,1500,1500,1500,1500,1500,1500,8.3
2026-08-17,35:07.9,331,-136,658,443,0,-1024,952,-1,-1,1,-1,-1,-1,-1,-1,-1,-1,-1,-1,0x0000000000000000,1716,1434,1821,1661,2012,988,988,988,988,988,1500,988,1500,1500,1500,1500,1500,1500,1500,1500,1500,1500,1500,1500,1500,1500,1500,1500,1500,1500,1500,1500,8.3
2026-08-17,35:08.0,362,-77,638,501,0,-1024,952,-1,-1,1,-1,-1,-1,-1,-1,-1,-1,-1,-1,0x0000000000000000,1745,1463,1811,1677,2012,988,988,988,988,988,1500,988,1500,1500,1500,1500,1500,1500,1500,1500,1500,1500,1500,1500,1500,1500,1500,1500,1500,1500,1500,1500,8.3
2026-08-17,35:08.1,310,-58,656,480,0,-1024,952,-1,-1,1,-1,-1,-1,-1,-1,-1,-1,-1,-1,0x0000000000000000,1734,1472,1820,1651,2012,988,988,988,988,988,1500,988,1500,1500,1500,1500,1500,1500,1500,1500,1500,1500,1500,1500,1500,1500,1500,1500,1500,1500,1500,1500,8.3
2026-08-17,35:08.2,321,-106,692,483,0,-1024,952,-1,-1,1,-1,-1,-1,-1,-1,-1,-1,-1,-1,0x0000000000000000,1736,1448,1838,1656,2012,988,988,988,988,988,1500,988,1500,1500,1500,1500,1500,1500,1500,1500,1500,1500,1500,1500,1500,1500,1500,1500,1500,1500,1500,1500,8.3
2026-08-17,35:08.3,337,-143,710,456,0,-1024,952,-1,-1,1,-1,-1,-1,-1,-1,-1,-1,-1,-1,0x0000000000000000,1723,1430,1846,1664,2012,988,988,988,988,988,1500,988,1500,1500,1500,1500,1500,1500,1500,1500,1500,1500,1500,1500,1500,1500,1500,1500,1500,1500,1500,1500,8.3
2026-08-17,35:08.4,359,-188,670,509,0,-1024,952,-1,-1,1,-1,-1,-1,-1,-1,-1,-1,-1,-1,0x0000000000000000,1749,1408,1827,1675,2012,988,988,988,988,988,1500,988,1500,1500,1500,1500,1500,1500,1500,1500,1500,1500,1500,1500,1500,1500,1500,1500,1500,1500,1500,1500,8.3
2026-08-17,35:08.5,374,-122,690,538,0,-1024,952,-1,-1,1,-1,-1,-1,-1,-1,-1,-1,-1,-1,0x0000000000000000,1763,1441,1837,1682,2012,988,988,988,988,988,1500,988,1500,1500,1500,1500,1500,1500,1500,1500,1500,1500,1500,1500,1500,1500,1500,1500,1500,1500,1500,1500,8.3
2026-08-17,35:08.6,276,-93,817,502,0,-1024,952,-1,-1,1,-1,-1,-1,-1,-1,-1,-1,-1,-1,0x0000000000000000,1745,1455,1899,1635,2012,988,988,988,988,988,1500,988,1500,1500,1500,1500,1500,1500,1500,1500,1500,1500,1500,1500,1500,1500,1500,1500,1500,1500,1500,1500,8.3
2026-08-17,35:08.7,255,-101,861,431,0,-1024,952,-1,-1,1,-1,-1,-1,-1,-1,-1,-1,-1,-1,0x0000000000000000,1710,1451,1920,1624,2012,988,988,988,988,988,1500,988,1500,1500,1500,1500,1500,1500,1500,1500,1500,1500,1500,1500,1500,1500,1500,1500,1500,1500,1500,1500,8.3
2026-08-17,35:08.8,247,-97,904,436,0,-1024,952,-1,-1,1,-1,-1,-1,-1,-1,-1,-1,-1,-1,0x0000000000000000,1713,1453,1941,1620,2012,988,988,988,988,988,1500,988,1500,1500,1500,1500,1500,1500,1500,1500,1500,1500,1500,1500,1500,1500,1500,1500,1500,1500,1500,1500,8.3
2026-08-17,35:08.9,208,-86,905,441,0,-1024,952,-1,-1,1,-1,-1,-1,-1,-1,-1,-1,-1,-1,0x0000000000000000,1715,1458,1942,1601,2012,988,988,988,988,988,1500,988,1500,1500,1500,1500,1500,1500,1500,1500,1500,1500,1500,1500,1500,1500,1500,1500,1500,1500,1500,1500,8.3
2026-08-17,35:09.0,191,-85,905,442,0,-1024,952,-1,-1,1,-1,-1,-1,-1,-1,-1,-1,-1,-1,0x0000000000000000,1716,1459,1942,1593,2012,988,988,988,988,988,1500,988,1500,1500,1500,1500,1500,1500,1500,1500,1500,1500,1500,1500,1500,1500,1500,1500,1500,1500,1500,1500,8.3
2026-08-17,35:09.1,158,-54,917,457,0,-1024,952,-1,-1,1,-1,-1,-1,-1,-1,-1,-1,-1,-1,0x0000000000000000,1723,1474,1948,1577,2012,988,988,988,988,988,1500,988,1500,1500,1500,1500,1500,1500,1500,1500,1500,1500,1500,1500,1500,1500,1500,1500,1500,1500,1500,1500,8.3
2026-08-17,35:09.2,134,-34,926,463,0,-1024,952,-1,-1,1,-1,-1,-1,-1,-1,-1,-1,-1,-1,0x0000000000000000,1726,1484,1952,1565,2012,988,988,988,988,988,1500,988,1500,1500,1500,1500,1500,1500,1500,1500,1500,1500,1500,1500,1500,1500,1500,1500,1500,1500,1500,1500,8.3
2026-08-17,35:09.3,159,-33,927,472,0,-1024,952,-1,-1,1,-1,-1,-1,-1,-1,-1,-1,-1,-1,0x0000000000000000,1730,1484,1952,1577,2012,988,988,988,988,988,1500,988,1500,1500,1500,1500,1500,1500,1500,1500,1500,1500,1500,1500,1500,1500,1500,1500,1500,1500,1500,1500,8.3
2026-08-17,35:09.4,176,-47,935,482,0,-1024,952,-1,-1,1,-1,-1,-1,-1,-1,-1,-1,-1,-1,0x0000000000000000,1735,1477,1956,1586,2012,988,988,988,988,988,1500,988,1500,1500,1500,1500,1500,1500,1500,1500,1500,1500,1500,1500,1500,1500,1500,1500,1500,1500,1500,1500,8.3
2026-08-17,35:09.5,184,-59,937,474,0,-1024,952,-1,-1,1,-1,-1,-1,-1,-1,-1,-1,-1,-1,0x0000000000000000,1731,1471,1957,1590,2012,988,988,988,988,988,1500,988,1500,1500,1500,1500,1500,1500,1500,1500,1500,1500,1500,1500,1500,1500,1500,1500,1500,1500,1500,1500,8.3
2026-08-17,35:09.6,193,-49,937,488,0,-1024,952,-1,-1,1,-1,-1,-1,-1,-1,-1,-1,-1,-1,0x0000000000000000,1738,1476,1957,1594,2012,988,988,988,988,988,1500,988,1500,1500,1500,1500,1500,1500,1500,1500,1500,1500,1500,1500,1500,1500,1500,1500,1500,1500,1500,1500,8.3
2026-08-17,35:09.7,188,-33,937,506,0,-1024,952,-1,-1,1,-1,-1,-1,-1,-1,-1,-1,-1,-1,0x0000000000000000,1747,1484,1957,1592,2012,988,988,988,988,988,1500,988,1500,1500,1500,1500,1500,1500,1500,1500,1500,1500,1500,1500,1500,1500,1500,1500,1500,1500,1500,1500,8.3
2026-08-17,35:09.8,191,-30,942,512,0,-1024,952,-1,-1,1,-1,-1,-1,-1,-1,-1,-1,-1,-1,0x0000000000000000,1750,1486,1960,1593,2012,988,988,988,988,988,1500,988,1500,1500,1500,1500,1500,1500,1500,1500,1500,1500,1500,1500,1500,1500,1500,1500,1500,1500,1500,1500,8.3
2026-08-17,35:09.9,197,-33,955,502,0,-1024,952,-1,-1,1,-1,-1,-1,-1,-1,-1,-1,-1,-1,0x0000000000000000,1745,1484,1966,1596,2012,988,988,988,988,988,1500,988,1500,1500,1500,1500,1500,1500,1500,1500,1500,1500,1500,1500,1500,1500,1500,1500,1500,1500,1500,1500,8.3
2026-08-17,35:10.0,196,-33,960,505,0,-1024,952,-1,-1,1,-1,-1,-1,-1,-1,-1,-1,-1,-1,0x0000000000000000,1747,1484,1969,1595,2012,988,988,988,988,988,1500,988,1500,1500,1500,1500,1500,1500,1500,1500,1500,1500,1500,1500,1500,1500,1500,1500,1500,1500,1500,1500,8.3
2026-08-17,35:10.1,186,-33,960,500,0,-1024,952,-1,-1,1,-1,-1,-1,-1,-1,-1,-1,-1,-1,0x0000000000000000,1744,1484,1969,1591,2012,988,988,988,988,988,1500,988,1500,1500,1500,1500,1500,1500,1500,1500,1500,1500,1500,1500,1500,1500,1500,1500,1500,1500,1500,1500,8.3
2026-08-17,35:10.2,194,-33,920,494,0,-1024,952,-1,-1,1,-1,-1,-1,-1,-1,-1,-1,-1,-1,0x0000000000000000,1741,1484,1949,1594,2012,988,988,988,988,988,1500,988,1500,1500,1500,1500,1500,1500,1500,1500,1500,1500,1500,1500,1500,1500,1500,1500,1500,1500,1500,1500,8.3
2026-08-17,35:10.3,232,-13,901,546,0,-1024,952,-1,-1,1,-1,-1,-1,-1,-1,-1,-1,-1,-1,0x0000000000000000,1767,1494,1940,1613,2012,988,988,988,988,988,1500,988,1500,1500,1500,1500,1500,1500,1500,1500,1500,1500,1500,1500,1500,1500,1500,1500,1500,1500,1500,1500,8.3
2026-08-17,35:10.4,177,-2,901,562,0,-1024,952,-1,-1,1,-1,-1,-1,-1,-1,-1,-1,-1,-1,0x0000000000000000,1774,1499,1940,1586,2012,988,988,988,988,988,1500,988,1500,1500,1500,1500,1500,1500,1500,1500,1500,1500,1500,1500,1500,1500,1500,1500,1500,1500,1500,1500,8.3
2026-08-17,35:10.5,100,28,910,565,0,-1024,952,-1,-1,1,-1,-1,-1,-1,-1,-1,-1,-1,-1,0x0000000000000000,1776,1513,1944,1549,2012,988,988,988,988,988,1500,988,1500,1500,1500,1500,1500,1500,1500,1500,1500,1500,1500,1500,1500,1500,1500,1500,1500,1500,1500,1500,8.3
2026-08-17,35:10.6,94,68,950,534,0,-1024,952,-1,-1,1,-1,-1,-1,-1,-1,-1,-1,-1,-1,0x0000000000000000,1761,1533,1964,1546,2012,988,988,988,988,988,1500,988,1500,1500,1500,1500,1500,1500,1500,1500,1500,1500,1500,1500,1500,1500,1500,1500,1500,1500,1500,1500,8.3
2026-08-17,35:10.7,73,96,940,532,0,-1024,952,-1,-1,1,-1,-1,-1,-1,-1,-1,-1,-1,-1,0x0000000000000000,1760,1547,1959,1535,2012,988,988,988,988,988,1500,988,1500,1500,1500,1500,1500,1500,1500,1500,1500,1500,1500,1500,1500,1500,1500,1500,1500,1500,1500,1500,8.3
2026-08-17,35:10.8,100,105,938,536,0,-1024,952,-1,-1,1,-1,-1,-1,-1,-1,-1,-1,-1,-1,0x0000000000000000,1762,1551,1958,1549,2012,988,988,988,988,988,1500,988,1500,1500,1500,1500,1500,1500,1500,1500,1500,1500,1500,1500,1500,1500,1500,1500,1500,1500,1500,1500,8.3
2026-08-17,35:10.9,92,79,960,530,0,-1024,952,-1,-1,1,-1,-1,-1,-1,-1,-1,-1,-1,-1,0x0000000000000000,1759,1538,1969,1545,2012,988,988,988,988,988,1500,988,1500,1500,1500,1500,1500,1500,1500,1500,1500,1500,1500,1500,1500,1500,1500,1500,1500,1500,1500,1500,8.3
2026-08-17,35:11.0,77,41,976,482,0,-1024,952,-1,-1,1,-1,-1,-1,-1,-1,-1,-1,-1,-1,0x0000000000000000,1735,1520,1976,1537,2012,988,988,988,988,988,1500,988,1500,1500,1500,1500,1500,1500,1500,1500,1500,1500,1500,1500,1500,1500,1500,1500,1500,1500,1500,1500,8.3
2026-08-17,35:11.1,66,34,989,464,0,-1024,952,-1,-1,1,-1,-1,-1,-1,-1,-1,-1,-1,-1,0x0000000000000000,1727,1516,1983,1532,2012,988,988,988,988,988,1500,988,1500,1500,1500,1500,1500,1500,1500,1500,1500,1500,1500,1500,1500,1500,1500,1500,1500,1500,1500,1500,8.3
2026-08-17,35:11.2,71,14,991,439,0,-1024,952,-1,-1,1,-1,-1,-1,-1,-1,-1,-1,-1,-1,0x0000000000000000,1714,1507,1984,1534,2012,988,988,988,988,988,1500,988,1500,1500,1500,1500,1500,1500,1500,1500,1500,1500,1500,1500,1500,1500,1500,1500,1500,1500,1500,1500,8.3
2026-08-17,35:11.3,78,4,989,454,0,-1024,952,-1,-1,1,-1,-1,-1,-1,-1,-1,-1,-1,-1,0x0000000000000000,1722,1502,1983,1538,2012,988,988,988,988,988,1500,988,1500,1500,1500,1500,1500,1500,1500,1500,1500,1500,1500,1500,1500,1500,1500,1500,1500,1500,1500,1500,8.3
2026-08-17,35:11.4,110,0,967,490,0,-1024,952,-1,-1,1,-1,-1,-1,-1,-1,-1,-1,-1,-1,0x0000000000000000,1739,1500,1972,1553,2012,988,988,988,988,988,1500,988,1500,1500,1500,1500,1500,1500,1500,1500,1500,1500,1500,1500,1500,1500,1500,1500,1500,1500,1500,1500,8.3
2026-08-17,35:11.5,143,-9,905,602,0,-1024,952,-1,-1,1,-1,-1,-1,-1,-1,-1,-1,-1,-1,0x0000000000000000,1794,1496,1942,1570,2012,988,988,988,988,988,1500,988,1500,1500,1500,1500,1500,1500,1500,1500,1500,1500,1500,1500,1500,1500,1500,1500,1500,1500,1500,1500,8.3
2026-08-17,35:11.6,145,-29,864,610,0,-1024,952,-1,-1,1,-1,-1,-1,-1,-1,-1,-1,-1,-1,0x0000000000000000,1798,1486,1922,1571,2012,988,988,988,988,988,1500,988,1500,1500,1500,1500,1500,1500,1500,1500,1500,1500,1500,1500,1500,1500,1500,1500,1500,1500,1500,1500,8.3
2026-08-17,35:11.7,130,-33,855,596,0,-1024,952,-1,-1,1,-1,-1,-1,-1,-1,-1,-1,-1,-1,0x0000000000000000,1791,1484,1917,1563,2012,988,988,988,988,988,1500,988,1500,1500,1500,1500,1500,1500,1500,1500,1500,1500,1500,1500,1500,1500,1500,1500,1500,1500,1500,1500,8.3
2026-08-17,35:11.8,121,-68,872,525,0,-1024,952,-1,-1,1,-1,-1,-1,-1,-1,-1,-1,-1,-1,0x0000000000000000,1756,1467,1926,1559,2012,988,988,988,988,988,1500,988,1500,1500,1500,1500,1500,1500,1500,1500,1500,1500,1500,1500,1500,1500,1500,1500,1500,1500,1500,1500,8.3
2026-08-17,35:11.9,73,-78,939,488,0,-1024,952,-1,-1,1,-1,-1,-1,-1,-1,-1,-1,-1,-1,0x0000000000000000,1738,1462,1958,1535,2012,988,988,988,988,988,1500,988,1500,1500,1500,1500,1500,1500,1500,1500,1500,1500,1500,1500,1500,1500,1500,1500,1500,1500,1500,1500,8.3
2026-08-17,35:12.0,75,-60,945,493,-1,-1024,952,-1,-1,1,-1,-1,-1,-1,-1,-1,-1,-1,-1,0x0000000000000000,1741,1471,1961,1536,2012,988,988,988,988,988,1500,988,1500,1500,1500,1500,1500,1500,1500,1500,1500,1500,1500,1500,1500,1500,1500,1500,1500,1500,1500,1500,8.3
2026-08-17,35:12.1,78,-54,947,488,0,-1024,952,-1,-1,1,-1,-1,-1,-1,-1,-1,-1,-1,-1,0x0000000000000000,1738,1474,1962,1538,2012,988,988,988,988,988,1500,988,1500,1500,1500,1500,1500,1500,1500,1500,1500,1500,1500,1500,1500,1500,1500,1500,1500,1500,1500,1500,8.3
2026-08-17,35:12.2,80,-68,961,483,0,-1024,952,-1,-1,1,-1,-1,-1,-1,-1,-1,-1,-1,-1,0x0000000000000000,1736,1467,1969,1539,2012,988,988,988,988,988,1500,988,1500,1500,1500,1500,1500,1500,1500,1500,1500,1500,1500,1500,1500,1500,1500,1500,1500,1500,1500,1500,8.3
2026-08-17,35:12.3,70,-46,965,479,0,-1024,952,-1,-1,1,-1,-1,-1,-1,-1,-1,-1,-1,-1,0x0000000000000000,1734,1478,1971,1534,2012,988,988,988,988,988,1500,988,1500,1500,1500,1500,1500,1500,1500,1500,1500,1500,1500,1500,1500,1500,1500,1500,1500,1500,1500,1500,8.3
2026-08-17,35:12.4,25,-3,963,424,-1,-1024,952,-1,-1,1,-1,-1,-1,-1,-1,-1,-1,-1,-1,0x0000000000000000,1707,1499,1970,1512,2012,988,988,988,988,988,1500,988,1500,1500,1500,1500,1500,1500,1500,1500,1500,1500,1500,1500,1500,1500,1500,1500,1500,1500,1500,1500,8.3
2026-08-17,35:12.5,14,-1,797,331,0,-1024,952,-1,-1,1,-1,-1,-1,-1,-1,-1,-1,-1,-1,0x0000000000000000,1662,1500,1889,1507,2012,988,988,988,988,988,1500,988,1500,1500,1500,1500,1500,1500,1500,1500,1500,1500,1500,1500,1500,1500,1500,1500,1500,1500,1500,1500,8.3
2026-08-17,35:12.6,25,-103,349,251,0,-1024,952,-1,-1,1,-1,-1,-1,-1,-1,-1,-1,-1,-1,0x0000000000000000,1623,1450,1670,1512,2012,988,988,988,988,988,1500,988,1500,1500,1500,1500,1500,1500,1500,1500,1500,1500,1500,1500,1500,1500,1500,1500,1500,1500,1500,1500,8.3
2026-08-17,35:12.7,0,-339,-940,313,0,-1024,952,-1,-1,1,-1,-1,-1,-1,-1,-1,-1,-1,-1,0x0000000000000000,1653,1335,1041,1500,2012,988,988,988,988,988,1500,988,1500,1500,1500,1500,1500,1500,1500,1500,1500,1500,1500,1500,1500,1500,1500,1500,1500,1500,1500,1500,8.3
2026-08-17,35:12.8,0,-376,-1024,419,0,-1024,952,-1,-1,1,-1,-1,-1,-1,-1,-1,-1,-1,-1,0x0000000000000000,1705,1316,1000,1500,2012,988,988,988,988,988,1500,988,1500,1500,1500,1500,1500,1500,1500,1500,1500,1500,1500,1500,1500,1500,1500,1500,1500,1500,1500,1500,8.3
2026-08-17,35:12.9,5,-266,-1024,454,0,-1024,952,-1,-1,1,-1,-1,-1,-1,-1,-1,-1,-1,-1,0x0000000000000000,1722,1370,1000,1502,2012,988,988,988,988,988,1500,988,1500,1500,1500,1500,1500,1500,1500,1500,1500,1500,1500,1500,1500,1500,1500,1500,1500,1500,1500,1500,8.3
2026-08-17,35:13.0,248,-161,-5,337,0,-1024,952,-1,-1,1,-1,-1,-1,-1,-1,-1,-1,-1,-1,0x0000000000000000,1665,1422,1498,1621,2012,988,988,988,988,988,1500,988,1500,1500,1500,1500,1500,1500,1500,1500,1500,1500,1500,1500,1500,1500,1500,1500,1500,1500,1500,1500,8.3
2026-08-17,35:13.1,212,-85,383,298,0,-1024,952,-1,-1,1,-1,-1,-1,-1,-1,-1,-1,-1,-1,0x0000000000000000,1646,1459,1687,1603,2012,988,988,988,988,988,1500,988,1500,1500,1500,1500,1500,1500,1500,1500,1500,1500,1500,1500,1500,1500,1500,1500,1500,1500,1500,1500,8.3
2026-08-17,35:13.2,213,-36,379,311,0,-1024,952,-1,-1,1,-1,-1,-1,-1,-1,-1,-1,-1,-1,0x0000000000000000,1652,1483,1685,1604,2012,988,988,988,988,988,1500,988,1500,1500,1500,1500,1500,1500,1500,1500,1500,1500,1500,1500,1500,1500,1500,1500,1500,1500,1500,1500,8.3
2026-08-17,35:13.3,478,-3,79,281,0,-1024,952,-1,-1,1,-1,-1,-1,-1,-1,-1,-1,-1,-1,0x0000000000000000,1637,1499,1538,1733,2012,988,988,988,988,988,1500,988,1500,1500,1500,1500,1500,1500,1500,1500,1500,1500,1500,1500,1500,1500,1500,1500,1500,1500,1500,1500,8.3
2026-08-17,35:13.4,585,-39,34,237,0,-1024,952,-1,-1,1,-1,-1,-1,-1,-1,-1,-1,-1,-1,0x0000000000000000,1616,1481,1516,1785,2012,988,988,988,988,988,1500,988,1500,1500,1500,1500,1500,1500,1500,1500,1500,1500,1500,1500,1500,1500,1500,1500,1500,1500,1500,1500,8.3
2026-08-17,35:13.5,578,-180,-505,351,0,-1024,952,-1,-1,1,-1,-1,-1,-1,-1,-1,-1,-1,-1,0x0000000000000000,1671,1412,1253,1782,2012,988,988,988,988,988,1500,988,1500,1500,1500,1500,1500,1500,1500,1500,1500,1500,1500,1500,1500,1500,1500,1500,1500,1500,1500,1500,8.3
2026-08-17,35:13.6,464,-82,-515,408,0,-1024,952,-1,-1,1,-1,-1,-1,-1,-1,-1,-1,-1,-1,0x0000000000000000,1699,1460,1249,1726,2012,988,988,988,988,988,1500,988,1500,1500,1500,1500,1500,1500,1500,1500,1500,1500,1500,1500,1500,1500,1500,1500,1500,1500,1500,1500,8.3
2026-08-17,35:13.7,179,-3,-311,468,0,-1024,952,-1,-1,1,-1,-1,-1,-1,-1,-1,-1,-1,-1,0x0000000000000000,1729,1499,1348,1587,2012,988,988,988,988,988,1500,988,1500,1500,1500,1500,1500,1500,1500,1500,1500,1500,1500,1500,1500,1500,1500,1500,1500,1500,1500,1500,8.3
2026-08-17,35:13.8,83,15,-364,438,0,-1024,952,-1,-1,1,-1,-1,-1,-1,-1,-1,-1,-1,-1,0x0000000000000000,1714,1507,1322,1540,2012,988,988,988,988,988,1500,988,1500,1500,1500,1500,1500,1500,1500,1500,1500,1500,1500,1500,1500,1500,1500,1500,1500,1500,1500,1500,8.3
2026-08-17,35:13.9,226,158,-568,381,0,-1024,952,-1,-1,1,-1,-1,-1,-1,-1,-1,-1,-1,-1,0x0000000000000000,1686,1577,1223,1610,2012,988,988,988,988,988,1500,988,1500,1500,1500,1500,1500,1500,1500,1500,1500,1500,1500,1500,1500,1500,1500,1500,1500,1500,1500,1500,8.3
2026-08-17,35:14.0,230,241,-590,351,0,-1024,952,-1,-1,1,-1,-1,-1,-1,-1,-1,-1,-1,-1,0x0000000000000000,1671,1617,1212,1612,2012,988,988,988,988,988,1500,988,1500,1500,1500,1500,1500,1500,1500,1500,1500,1500,1500,1500,1500,1500,1500,1500,1500,1500,1500,1500,8.3
2026-08-17,35:14.1,140,157,-727,328,0,-1024,952,-1,-1,1,-1,-1,-1,-1,-1,-1,-1,-1,-1,0x0000000000000000,1660,1576,1145,1568,2012,988,988,988,988,988,1500,988,1500,1500,1500,1500,1500,1500,1500,1500,1500,1500,1500,1500,1500,1500,1500,1500,1500,1500,1500,1500,8.3
2026-08-17,35:14.2,104,75,-837,348,0,-1024,952,-1,-1,1,-1,-1,-1,-1,-1,-1,-1,-1,-1,0x0000000000000000,1670,1536,1091,1551,2012,988,988,988,988,988,1500,988,1500,1500,1500,1500,1500,1500,1500,1500,1500,1500,1500,1500,1500,1500,1500,1500,1500,1500,1500,1500,8.3
2026-08-17,35:14.3,94,37,-669,355,0,-1024,952,-1,-1,1,-1,-1,-1,-1,-1,-1,-1,-1,-1,0x0000000000000000,1673,1518,1173,1546,2012,988,988,988,988,988,1500,988,1500,1500,1500,1500,1500,1500,1500,1500,1500,1500,1500,1500,1500,1500,1500,1500,1500,1500,1500,1500,8.3
2026-08-17,35:14.4,29,5,-14,294,0,-1024,952,-1,-1,1,-1,-1,-1,-1,-1,-1,-1,-1,-1,0x0000000000000000,1644,1502,1493,1514,2012,988,988,988,988,988,1500,988,1500,1500,1500,1500,1500,1500,1500,1500,1500,1500,1500,1500,1500,1500,1500,1500,1500,1500,1500,1500,8.3
2026-08-17,35:14.5,0,-3,465,283,0,-1024,952,-1,-1,1,-1,-1,-1,-1,-1,-1,-1,-1,-1,0x0000000000000000,1638,1499,1727,1500,2012,988,988,988,988,988,1500,988,1500,1500,1500,1500,1500,1500,1500,1500,1500,1500,1500,1500,1500,1500,1500,1500,1500,1500,1500,1500,8.3
2026-08-17,35:14.6,0,0,609,265,0,-1024,952,-1,-1,1,-1,-1,-1,-1,-1,-1,-1,-1,-1,0x0000000000000000,1630,1500,1797,1500,2012,988,988,988,988,988,1500,988,1500,1500,1500,1500,1500,1500,1500,1500,1500,1500,1500,1500,1500,1500,1500,1500,1500,1500,1500,1500,8.3
2026-08-17,35:14.7,16,180,424,277,0,-1024,952,-1,-1,1,-1,-1,-1,-1,-1,-1,-1,-1,-1,0x0000000000000000,1635,1588,1707,1508,2012,988,988,988,988,988,1500,988,1500,1500,1500,1500,1500,1500,1500,1500,1500,1500,1500,1500,1500,1500,1500,1500,1500,1500,1500,1500,8.3
2026-08-17,35:14.8,155,207,-114,226,0,-1024,952,-1,-1,1,-1,-1,-1,-1,-1,-1,-1,-1,-1,0x0000000000000000,1610,1601,1445,1575,2012,988,988,988,988,988,1500,988,1500,1500,1500,1500,1500,1500,1500,1500,1500,1500,1500,1500,1500,1500,1500,1500,1500,1500,1500,1500,8.3
2026-08-17,35:14.9,1,6,59,34,0,-1024,952,-1,-1,1,-1,-1,-1,-1,-1,-1,-1,-1,-1,0x0000000000000000,1517,1503,1529,1500,2012,988,988,988,988,988,1500,988,1500,1500,1500,1500,1500,1500,1500,1500,1500,1500,1500,1500,1500,1500,1500,1500,1500,1500,1500,1500,8.3
2026-08-17,35:15.0,0,-31,554,-1,0,-1024,952,-1,-1,1,-1,-1,-1,-1,-1,-1,-1,-1,-1,0x0000000000000000,1500,1485,1770,1500,2012,988,988,988,988,988,1500,988,1500,1500,1500,1500,1500,1500,1500,1500,1500,1500,1500,1500,1500,1500,1500,1500,1500,1500,1500,1500,8.3
2026-08-17,35:15.1,0,-162,446,-5,0,-1024,952,-1,-1,1,-1,-1,-1,-1,-1,-1,-1,-1,-1,0x0000000000000000,1498,1421,1718,1500,2012,988,988,988,988,988,1500,988,1500,1500,1500,1500,1500,1500,1500,1500,1500,1500,1500,1500,1500,1500,1500,1500,1500,1500,1500,1500,8.3
2026-08-17,35:15.2,0,-222,-43,-5,0,-1024,952,-1,-1,1,-1,-1,-1,-1,-1,-1,-1,-1,-1,0x0000000000000000,1498,1392,1479,1500,2012,988,988,988,988,988,1500,988,1500,1500,1500,1500,1500,1500,1500,1500,1500,1500,1500,1500,1500,1500,1500,1500,1500,1500,1500,1500,8.3
2026-08-17,35:15.3,0,-298,-208,-2,0,-1024,952,-1,-1,1,-1,-1,-1,-1,-1,-1,-1,-1,-1,0x0000000000000000,1500,1355,1399,1500,2012,988,988,988,988,988,1500,988,1500,1500,1500,1500,1500,1500,1500,1500,1500,1500,1500,1500,1500,1500,1500,1500,1500,1500,1500,1500,8.3
2026-08-17,35:15.4,70,-170,-24,-2,0,-1024,952,-1,-1,1,-1,-1,-1,-1,-1,-1,-1,-1,-1,0x0000000000000000,1500,1417,1489,1534,2012,988,988,988,988,988,1500,988,1500,1500,1500,1500,1500,1500,1500,1500,1500,1500,1500,1500,1500,1500,1500,1500,1500,1500,1500,1500,8.3
2026-08-17,35:15.5,1,-51,-524,83,0,-1024,952,-1,-1,1,-1,-1,-1,-1,-1,-1,-1,-1,-1,0x0000000000000000,1541,1475,1244,1500,2012,988,988,988,988,988,1500,988,1500,1500,1500,1500,1500,1500,1500,1500,1500,1500,1500,1500,1500,1500,1500,1500,1500,1500,1500,1500,8.3
2026-08-17,35:15.6,0,-5,-888,1,0,-1024,952,-1,-1,1,-1,-1,-1,-1,-1,-1,-1,-1,-1,0x0000000000000000,1501,1498,1066,1500,2012,988,988,988,988,988,1500,988,1500,1500,1500,1500,1500,1500,1500,1500,1500,1500,1500,1500,1500,1500,1500,1500,1500,1500,1500,1500,8.3
2026-08-17,35:15.7,-114,-18,-873,-78,0,-1024,952,-1,-1,1,-1,-1,-1,-1,-1,-1,-1,-1,-1,0x0000000000000000,1463,1491,1074,1445,2012,988,988,988,988,988,1500,988,1500,1500,1500,1500,1500,1500,1500,1500,1500,1500,1500,1500,1500,1500,1500,1500,1500,1500,1500,1500,8.3
2026-08-17,35:15.8,-111,-32,-790,-238,0,-1024,952,-1,-1,1,-1,-1,-1,-1,-1,-1,-1,-1,-1,0x0000000000000000,1384,1485,1114,1446,2012,988,988,988,988,988,1500,988,1500,1500,1500,1500,1500,1500,1500,1500,1500,1500,1500,1500,1500,1500,1500,1500,1500,1500,1500,1500,8.3
2026-08-17,35:15.9,-1,-41,-394,-169,0,-1024,952,-1,-1,1,-1,-1,-1,-1,-1,-1,-1,-1,-1,0x0000000000000000,1418,1480,1308,1500,2012,988,988,988,988,988,1500,988,1500,1500,1500,1500,1500,1500,1500,1500,1500,1500,1500,1500,1500,1500,1500,1500,1500,1500,1500,1500,8.3
2026-08-17,35:16.0,0,-84,-48,-129,0,-1024,952,-1,-1,1,-1,-1,-1,-1,-1,-1,-1,-1,-1,0x0000000000000000,1438,1459,1477,1500,2012,988,988,988,988,988,1500,988,1500,1500,1500,1500,1500,1500,1500,1500,1500,1500,1500,1500,1500,1500,1500,1500,1500,1500,1500,1500,8.3
2026-08-17,35:16.1,0,-201,304,-69,0,-1024,952,-1,-1,1,-1,-1,-1,-1,-1,-1,-1,-1,-1,0x0000000000000000,1467,1402,1648,1500,2012,988,988,988,988,988,1500,988,1500,1500,1500,1500,1500,1500,1500,1500,1500,1500,1500,1500,1500,1500,1500,1500,1500,1500,1500,1500,8.3
2026-08-17,35:16.2,-3,-149,462,-40,0,-1024,952,-1,-1,1,-1,-1,-1,-1,-1,-1,-1,-1,-1,0x0000000000000000,1481,1427,1725,1499,2012,988,988,988,988,988,1500,988,1500,1500,1500,1500,1500,1500,1500,1500,1500,1500,1500,1500,1500,1500,1500,1500,1500,1500,1500,1500,8.3
2026-08-17,35:16.3,-42,-48,264,-48,0,-1024,952,-1,-1,1,-1,-1,-1,-1,-1,-1,-1,-1,-1,0x0000000000000000,1477,1477,1629,1480,2012,988,988,988,988,988,1500,988,1500,1500,1500,1500,1500,1500,1500,1500,1500,1500,1500,1500,1500,1500,1500,1500,1500,1500,1500,1500,8.3
2026-08-17,35:16.4,0,-26,229,-4,0,-1024,952,-1,-1,1,-1,-1,-1,-1,-1,-1,-1,-1,-1,0x0000000000000000,1499,1488,1612,1500,2012,988,988,988,988,988,1500,988,1500,1500,1500,1500,1500,1500,1500,1500,1500,1500,1500,1500,1500,1500,1500,1500,1500,1500,1500,1500,8.3
2026-08-17,35:16.5,0,-71,466,1,0,-1024,952,-1,-1,1,-1,-1,-1,-1,-1,-1,-1,-1,-1,0x0000000000000000,1501,1466,1727,1500,2012,988,988,988,988,988,1500,988,1500,1500,1500,1500,1500,1500,1500,1500,1500,1500,1500,1500,1500,1500,1500,1500,1500,1500,1500,1500,8.3
2026-08-17,35:16.6,0,-217,713,3,0,-1024,951,-1,-1,1,-1,-1,-1,-1,-1,-1,-1,-1,-1,0x0000000000000000,1502,1394,1848,1500,2012,988,988,988,988,988,1500,988,1500,1500,1500,1500,1500,1500,1500,1500,1500,1500,1500,1500,1500,1500,1500,1500,1500,1500,1500,1500,8.3
2026-08-17,35:16.7,0,-382,1019,5,0,-1024,952,-1,-1,1,-1,-1,-1,-1,-1,-1,-1,-1,-1,0x0000000000000000,1503,1314,1997,1500,2012,988,988,988,988,988,1500,988,1500,1500,1500,1500,1500,1500,1500,1500,1500,1500,1500,1500,1500,1500,1500,1500,1500,1500,1500,1500,8.3
2026-08-17,35:16.8,70,-484,1024,8,0,-1024,952,-1,-1,1,-1,-1,-1,-1,-1,-1,-1,-1,-1,0x0000000000000000,1504,1264,2000,1534,2012,988,988,988,988,988,1500,988,1500,1500,1500,1500,1500,1500,1500,1500,1500,1500,1500,1500,1500,1500,1500,1500,1500,1500,1500,1500,8.3
2026-08-17,35:16.9,84,-611,1024,7,0,-1024,952,-1,-1,1,-1,-1,-1,-1,-1,-1,-1,-1,-1,0x0000000000000000,1504,1201,2000,1535,2012,988,988,988,988,988,1500,988,1500,1500,1500,1500,1500,1500,1500,1500,1500,1500,1500,1500,1500,1500,1500,1500,1500,1500,1500,1500,8.3
2026-08-17,35:17.0,19,-640,1024,5,0,-1024,952,-1,-1,1,-1,-1,-1,-1,-1,-1,-1,-1,-1,0x0000000000000000,1503,1187,2000,1509,2012,988,988,988,988,988,1500,988,1500,1500,1500,1500,1500,1500,1500,1500,1500,1500,1500,1500,1500,1500,1500,1500,1500,1500,1500,1500,8.3
2026-08-17,35:17.1,9,-674,1024,-1,0,-1024,952,-1,-1,1,-1,-1,-1,-1,-1,-1,-1,-1,-1,0x0000000000000000,1500,1171,2000,1504,2012,988,988,988,988,988,1500,988,1500,1500,1500,1500,1500,1500,1500,1500,1500,1500,1500,1500,1500,1500,1500,1500,1500,1500,1500,1500,8.3
2026-08-17,35:17.2,22,-671,1024,-4,0,-1024,952,-1,-1,1,-1,-1,-1,-1,-1,-1,-1,-1,-1,0x0000000000000000,1499,1172,2000,1510,2012,988,988,988,988,988,1500,988,1500,1500,1500,1500,1500,1500,1500,1500,1500,1500,1500,1500,1500,1500,1500,1500,1500,1500,1500,1500,8.3
2026-08-17,35:17.3,2,-629,1024,0,0,-1024,952,-1,-1,1,-1,-1,-1,-1,-1,-1,-1,-1,-1,0x0000000000000000,1500,1193,2000,1501,2012,988,988,988,988,988,1500,988,1500,1500,1500,1500,1500,1500,1500,1500,1500,1500,1500,1500,1500,1500,1500,1500,1500,1500,1500,1500,8.3
2026-08-17,35:17.4,1,-625,1024,2,0,-1024,952,-1,-1,1,-1,-1,-1,-1,-1,-1,-1,-1,-1,0x0000000000000000,1501,1195,2000,1500,2012,988,988,988,988,988,1500,988,1500,1500,1500,1500,1500,1500,1500,1500,1500,1500,1500,1500,1500,1500,1500,1500,1500,1500,1500,1500,8.3
2026-08-17,35:17.5,0,-561,150,1,0,-1024,952,-1,-1,1,-1,-1,-1,-1,-1,-1,-1,-1,-1,0x0000000000000000,1501,1226,1573,1500,2012,988,988,988,988,988,1500,988,1500,1500,1500,1500,1500,1500,1500,1500,1500,1500,1500,1500,1500,1500,1500,1500,1500,1500,1500,1500,8.3
2026-08-17,35:17.6,21,-601,-1023,4,0,-1024,952,-1,-1,1,-1,-1,-1,-1,-1,-1,-1,-1,-1,0x0000000000000000,1502,1206,1000,1510,2012,988,988,988,988,988,1500,988,1500,1500,1500,1500,1500,1500,1500,1500,1500,1500,1500,1500,1500,1500,1500,1500,1500,1500,1500,1500,8.3
2026-08-17,35:17.7,-93,-631,-1024,4,0,-1024,952,-1,-1,1,-1,-1,-1,-1,-1,-1,-1,-1,-1,0x0000000000000000,1502,1192,1000,1455,2012,988,988,988,988,988,1500,988,1500,1500,1500,1500,1500,1500,1500,1500,1500,1500,1500,1500,1500,1500,1500,1500,1500,1500,1500,1500,8.3
2026-08-17,35:17.8,-118,-582,-1024,4,0,-1024,952,-1,-1,1,-1,-1,-1,-1,-1,-1,-1,-1,-1,0x0000000000000000,1502,1216,1000,1443,2012,988,988,988,988,988,1500,988,1500,1500,1500,1500,1500,1500,1500,1500,1500,1500,1500,1500,1500,1500,1500,1500,1500,1500,1500,1500,8.3
2026-08-17,35:17.9,-103,-504,-1024,5,0,-1024,952,-1,-1,1,-1,-1,-1,-1,-1,-1,-1,-1,-1,0x0000000000000000,1503,1254,1000,1450,2012,988,988,988,988,988,1500,988,1500,1500,1500,1500,1500,1500,1500,1500,1500,1500,1500,1500,1500,1500,1500,1500,1500,1500,1500,1500,8.3
2026-08-17,35:18.0,-75,-446,-1024,2,0,-1024,952,-1,-1,1,-1,-1,-1,-1,-1,-1,-1,-1,-1,0x0000000000000000,1501,1282,1000,1464,2012,988,988,988,988,988,1500,988,1500,1500,1500,1500,1500,1500,1500,1500,1500,1500,1500,1500,1500,1500,1500,1500,1500,1500,1500,1500,8.3
2026-08-17,35:18.1,-96,-344,-1024,19,0,-1024,952,-1,-1,1,-1,-1,-1,-1,-1,-1,-1,-1,-1,0x0000000000000000,1510,1332,1000,1453,2012,988,988,988,988,988,1500,988,1500,1500,1500,1500,1500,1500,1500,1500,1500,1500,1500,1500,1500,1500,1500,1500,1500,1500,1500,1500,8.3
2026-08-17,35:18.2,-140,-195,-1024,530,0,-1024,952,-1,-1,1,-1,-1,-1,-1,-1,-1,-1,-1,-1,0x0000000000000000,1759,1405,1000,1432,2012,988,988,988,988,988,1500,988,1500,1500,1500,1500,1500,1500,1500,1500,1500,1500,1500,1500,1500,1500,1500,1500,1500,1500,1500,1500,8.3
2026-08-17,35:18.3,-209,-8,-1024,1024,0,-1024,952,-1,-1,1,-1,-1,-1,-1,-1,-1,-1,-1,-1,0x0000000000000000,2000,1496,1000,1398,2012,988,988,988,988,988,1500,988,1500,1500,1500,1500,1500,1500,1500,1500,1500,1500,1500,1500,1500,1500,1500,1500,1500,1500,1500,1500,8.3
2026-08-17,35:18.4,-234,-8,-1024,1024,0,-1024,952,-1,-1,1,-1,-1,-1,-1,-1,-1,-1,-1,-1,0x0000000000000000,2000,1496,1000,1386,2012,988,988,988,988,988,1500,988,1500,1500,1500,1500,1500,1500,1500,1500,1500,1500,1500,1500,1500,1500,1500,1500,1500,1500,1500,1500,8.3
2026-08-17,35:18.5,-251,-3,-1024,1024,0,-1024,952,-1,-1,1,-1,-1,-1,-1,-1,-1,-1,-1,-1,0x0000000000000000,2000,1499,1000,1378,2012,988,988,988,988,988,1500,988,1500,1500,1500,1500,1500,1500,1500,1500,1500,1500,1500,1500,1500,1500,1500,1500,1500,1500,1500,1500,8.3
2026-08-17,35:18.6,-194,56,-1024,1024,0,-1024,952,-1,-1,1,-1,-1,-1,-1,-1,-1,-1,-1,-1,0x0000000000000000,2000,1527,1000,1405,2012,988,988,988,988,988,1500,988,1500,1500,1500,1500,1500,1500,1500,1500,1500,1500,1500,1500,1500,1500,1500,1500,1500,1500,1500,1500,8.3
2026-08-17,35:18.7,-91,61,-1024,1024,0,-1024,952,-1,-1,1,-1,-1,-1,-1,-1,-1,-1,-1,-1,0x0000000000000000,2000,1530,1000,1456,2012,988,988,988,988,988,1500,988,1500,1500,1500,1500,1500,1500,1500,1500,1500,1500,1500,1500,1500,1500,1500,1500,1500,1500,1500,1500,8.3
2026-08-17,35:18.8,0,47,-945,847,0,-1024,952,-1,-1,1,-1,-1,-1,-1,-1,-1,-1,-1,-1,0x0000000000000000,1913,1523,1038,1500,2012,988,988,988,988,988,1500,988,1500,1500,1500,1500,1500,1500,1500,1500,1500,1500,1500,1500,1500,1500,1500,1500,1500,1500,1500,1500,8.3
2026-08-17,35:18.9,0,0,-607,282,0,-1024,952,-1,-1,1,-1,-1,-1,-1,-1,-1,-1,-1,-1,0x0000000000000000,1638,1500,1204,1500,2012,988,988,988,988,988,1500,988,1500,1500,1500,1500,1500,1500,1500,1500,1500,1500,1500,1500,1500,1500,1500,1500,1500,1500,1500,1500,8.3
2026-08-17,35:19.0,0,-4,-412,351,0,-1024,952,-1,-1,1,-1,-1,-1,-1,-1,-1,-1,-1,-1,0x0000000000000000,1671,1498,1299,1500,2012,988,988,988,988,988,1500,988,1500,1500,1500,1500,1500,1500,1500,1500,1500,1500,1500,1500,1500,1500,1500,1500,1500,1500,1500,1500,8.3
2026-08-17,35:19.1,0,74,-366,484,0,-1024,952,-1,-1,1,-1,-1,-1,-1,-1,-1,-1,-1,-1,0x0000000000000000,1736,1536,1321,1500,2012,988,988,988,988,988,1500,988,1500,1500,1500,1500,1500,1500,1500,1500,1500,1500,1500,1500,1500,1500,1500,1500,1500,1500,1500,1500,8.3
2026-08-17,35:19.2,0,73,-346,482,0,-1024,952,-1,-1,1,-1,-1,-1,-1,-1,-1,-1,-1,-1,0x0000000000000000,1735,1535,1331,1500,2012,988,988,988,988,988,1500,988,1500,1500,1500,1500,1500,1500,1500,1500,1500,1500,1500,1500,1500,1500,1500,1500,1500,1500,1500,1500,8.3
2026-08-17,35:19.3,0,13,-340,363,0,-1024,952,-1,-1,1,-1,-1,-1,-1,-1,-1,-1,-1,-1,0x0000000000000000,1677,1506,1334,1500,2012,988,988,988,988,988,1500,988,1500,1500,1500,1500,1500,1500,1500,1500,1500,1500,1500,1500,1500,1500,1500,1500,1500,1500,1500,1500,8.3
2026-08-17,35:19.4,0,2,-317,307,0,-1024,952,-1,-1,1,-1,-1,-1,-1,-1,-1,-1,-1,-1,0x0000000000000000,1650,1501,1345,1500,2012,988,988,988,988,988,1500,988,1500,1500,1500,1500,1500,1500,1500,1500,1500,1500,1500,1500,1500,1500,1500,1500,1500,1500,1500,1500,8.3
2026-08-17,35:19.5,0,0,-300,289,0,-1024,952,-1,-1,1,-1,-1,-1,-1,-1,-1,-1,-1,-1,0x0000000000000000,1641,1500,1354,1500,2012,988,988,988,988,988,1500,988,1500,1500,1500,1500,1500,1500,1500,1500,1500,1500,1500,1500,1500,1500,1500,1500,1500,1500,1500,1500,8.3
2026-08-17,35:19.6,0,0,-298,287,0,-1024,952,-1,-1,1,-1,-1,-1,-1,-1,-1,-1,-1,-1,0x0000000000000000,1640,1500,1355,1500,2012,988,988,988,988,988,1500,988,1500,1500,1500,1500,1500,1500,1500,1500,1500,1500,1500,1500,1500,1500,1500,1500,1500,1500,1500,1500,8.3
2026-08-17,35:19.7,0,0,-253,283,0,-1024,952,-1,-1,1,-1,-1,-1,-1,-1,-1,-1,-1,-1,0x0000000000000000,1638,1500,1377,1500,2012,988,988,988,988,988,1500,988,1500,1500,1500,1500,1500,1500,1500,1500,1500,1500,1500,1500,1500,1500,1500,1500,1500,1500,1500,1500,8.3
2026-08-17,35:19.8,0,-1,-202,283,0,-1024,952,-1,-1,1,-1,-1,-1,-1,-1,-1,-1,-1,-1,0x0000000000000000,1638,1500,1402,1500,2012,988,988,988,988,988,1500,988,1500,1500,1500,1500,1500,1500,1500,1500,1500,1500,1500,1500,1500,1500,1500,1500,1500,1500,1500,1500,8.3
2026-08-17,35:19.9,0,1,-145,282,0,-1024,952,-1,-1,1,-1,-1,-1,-1,-1,-1,-1,-1,-1,0x0000000000000000,1638,1500,1429,1500,2012,988,988,988,988,988,1500,988,1500,1500,1500,1500,1500,1500,1500,1500,1500,1500,1500,1500,1500,1500,1500,1500,1500,1500,1500,1500,8.3
2026-08-17,35:20.0,59,0,26,267,0,-1024,952,-1,-1,1,-1,-1,-1,-1,-1,-1,-1,-1,-1,0x0000000000000000,1630,1500,1512,1529,2012,988,988,988,988,988,1500,988,1500,1500,1500,1500,1500,1500,1500,1500,1500,1500,1500,1500,1500,1500,1500,1500,1500,1500,1500,1500,8.3
2026-08-17,35:20.1,341,31,280,324,0,-1024,952,-1,-1,1,-1,-1,-1,-1,-1,-1,-1,-1,-1,0x0000000000000000,1658,1515,1636,1666,2012,988,988,988,988,988,1500,988,1500,1500,1500,1500,1500,1500,1500,1500,1500,1500,1500,1500,1500,1500,1500,1500,1500,1500,1500,1500,8.3
2026-08-17,35:20.2,426,36,425,389,0,-1024,952,-1,-1,1,-1,-1,-1,-1,-1,-1,-1,-1,-1,0x0000000000000000,1690,1517,1707,1708,2012,988,988,988,988,988,1500,988,1500,1500,1500,1500,1500,1500,1500,1500,1500,1500,1500,1500,1500,1500,1500,1500,1500,1500,1500,1500,8.3
2026-08-17,35:20.3,326,45,490,401,0,-1024,952,-1,-1,1,-1,-1,-1,-1,-1,-1,-1,-1,-1,0x0000000000000000,1696,1522,1739,1659,2012,988,988,988,988,988,1500,988,1500,1500,1500,1500,1500,1500,1500,1500,1500,1500,1500,1500,1500,1500,1500,1500,1500,1500,1500,1500,8.3
2026-08-17,35:20.4,278,56,521,408,0,-1024,952,-1,-1,1,-1,-1,-1,-1,-1,-1,-1,-1,-1,0x0000000000000000,1699,1527,1754,1635,2012,988,988,988,988,988,1500,988,1500,1500,1500,1500,1500,1500,1500,1500,1500,1500,1500,1500,1500,1500,1500,1500,1500,1500,1500,1500,8.3
2026-08-17,35:20.5,265,67,599,424,0,-1024,952,-1,-1,1,-1,-1,-1,-1,-1,-1,-1,-1,-1,0x0000000000000000,1707,1532,1792,1629,2012,988,988,988,988,988,1500,988,1500,1500,1500,1500,1500,1500,1500,1500,1500,1500,1500,1500,1500,1500,1500,1500,1500,1500,1500,1500,8.3
2026-08-17,35:20.6,294,87,604,503,0,-1024,952,-1,-1,1,-1,-1,-1,-1,-1,-1,-1,-1,-1,0x0000000000000000,1746,1542,1795,1643,2012,988,988,988,988,988,1500,988,1500,1500,1500,1500,1500,1500,1500,1500,1500,1500,1500,1500,1500,1500,1500,1500,1500,1500,1500,1500,8.3
2026-08-17,35:20.7,329,86,581,508,0,-1024,952,-1,-1,1,-1,-1,-1,-1,-1,-1,-1,-1,-1,0x0000000000000000,1748,1542,1783,1660,2012,988,988,988,988,988,1500,988,1500,1500,1500,1500,1500,1500,1500,1500,1500,1500,1500,1500,1500,1500,1500,1500,1500,1500,1500,1500,8.3
2026-08-17,35:20.8,268,93,605,522,0,-1024,952,-1,-1,1,-1,-1,-1,-1,-1,-1,-1,-1,-1,0x0000000000000000,1755,1545,1795,1631,2012,988,988,988,988,988,1500,988,1500,1500,1500,1500,1500,1500,1500,1500,1500,1500,1500,1500,1500,1500,1500,1500,1500,1500,1500,1500,8.3
2026-08-17,35:20.9,211,99,642,523,0,-1024,952,-1,-1,1,-1,-1,-1,-1,-1,-1,-1,-1,-1,0x0000000000000000,1755,1548,1813,1603,2012,988,988,988,988,988,1500,988,1500,1500,1500,1500,1500,1500,1500,1500,1500,1500,1500,1500,1500,1500,1500,1500,1500,1500,1500,1500,8.3
2026-08-17,35:21.0,166,100,697,524,0,-1024,952,-1,-1,1,-1,-1,-1,-1,-1,-1,-1,-1,-1,0x0000000000000000,1756,1549,1840,1581,2012,988,988,988,988,988,1500,988,1500,1500,1500,1500,1500,1500,1500,1500,1500,1500,1500,1500,1500,1500,1500,1500,1500,1500,1500,1500,8.3
2026-08-17,35:21.1,146,77,712,532,0,-1024,952,-1,-1,1,-1,-1,-1,-1,-1,-1,-1,-1,-1,0x0000000000000000,1760,1537,1847,1571,2012,988,988,988,988,988,1500,988,1500,1500,1500,1500,1500,1500,1500,1500,1500,1500,1500,1500,1500,1500,1500,1500,1500,1500,1500,1500,8.3
2026-08-17,35:21.2,130,64,713,548,0,-1024,952,-1,-1,1,-1,-1,-1,-1,-1,-1,-1,-1,-1,0x0000000000000000,1768,1531,1848,1563,2012,988,988,988,988,988,1500,988,1500,1500,1500,1500,1500,1500,1500,1500,1500,1500,1500,1500,1500,1500,1500,1500,1500,1500,1500,1500,8.3
2026-08-17,35:21.3,87,61,543,549,0,-1024,952,-1,-1,1,-1,-1,-1,-1,-1,-1,-1,-1,-1,0x0000000000000000,1768,1530,1765,1542,2012,988,988,988,988,988,1500,988,1500,1500,1500,1500,1500,1500,1500,1500,1500,1500,1500,1500,1500,1500,1500,1500,1500,1500,1500,1500,8.3
2026-08-17,35:21.4,16,24,-67,574,0,-1024,952,-1,-1,1,-1,-1,-1,-1,-1,-1,-1,-1,-1,0x0000000000000000,1780,1511,1468,1508,2012,988,988,988,988,988,1500,988,1500,1500,1500,1500,1500,1500,1500,1500,1500,1500,1500,1500,1500,1500,1500,1500,1500,1500,1500,1500,8.3
2026-08-17,35:21.5,0,-2,-836,641,0,-1024,952,-1,-1,1,-1,-1,-1,-1,-1,-1,-1,-1,-1,0x0000000000000000,1813,1499,1092,1500,2012,988,988,988,988,988,1500,988,1500,1500,1500,1500,1500,1500,1500,1500,1500,1500,1500,1500,1500,1500,1500,1500,1500,1500,1500,1500,8.3
2026-08-17,35:21.6,-1,-57,-1024,720,0,-1024,952,-1,-1,1,-1,-1,-1,-1,-1,-1,-1,-1,-1,0x0000000000000000,1851,1472,1000,1500,2012,988,988,988,988,988,1500,988,1500,1500,1500,1500,1500,1500,1500,1500,1500,1500,1500,1500,1500,1500,1500,1500,1500,1500,1500,1500,8.3
2026-08-17,35:21.7,-2,-45,-1024,722,0,-1024,952,-1,-1,1,-1,-1,-1,-1,-1,-1,-1,-1,-1,0x0000000000000000,1852,1478,1000,1499,2012,988,988,988,988,988,1500,988,1500,1500,1500,1500,1500,1500,1500,1500,1500,1500,1500,1500,1500,1500,1500,1500,1500,1500,1500,1500,8.3
2026-08-17,35:21.8,0,-34,-1024,651,0,-1024,952,-1,-1,1,-1,-1,-1,-1,-1,-1,-1,-1,-1,0x0000000000000000,1818,1484,1000,1500,2012,988,988,988,988,988,1500,988,1500,1500,1500,1500,1500,1500,1500,1500,1500,1500,1500,1500,1500,1500,1500,1500,1500,1500,1500,1500,8.3
2026-08-17,35:21.9,0,-4,-888,451,0,-1024,952,-1,-1,1,-1,-1,-1,-1,-1,-1,-1,-1,-1,0x0000000000000000,1720,1498,1066,1500,2012,988,988,988,988,988,1500,988,1500,1500,1500,1500,1500,1500,1500,1500,1500,1500,1500,1500,1500,1500,1500,1500,1500,1500,1500,1500,8.3
2026-08-17,35:22.0,0,-3,-826,326,0,-1024,952,-1,-1,1,-1,-1,-1,-1,-1,-1,-1,-1,-1,0x0000000000000000,1659,1499,1097,1500,2012,988,988,988,988,988,1500,988,1500,1500,1500,1500,1500,1500,1500,1500,1500,1500,1500,1500,1500,1500,1500,1500,1500,1500,1500,1500,8.3
2026-08-17,35:22.1,0,-4,-652,175,0,-1024,952,-1,-1,1,-1,-1,-1,-1,-1,-1,-1,-1,-1,0x0000000000000000,1586,1498,1182,1500,2012,988,988,988,988,988,1500,988,1500,1500,1500,1500,1500,1500,1500,1500,1500,1500,1500,1500,1500,1500,1500,1500,1500,1500,1500,1500,8.3
2026-08-17,35:22.2,0,-4,-420,14,0,-1024,952,-1,-1,1,-1,-1,-1,-1,-1,-1,-1,-1,-1,0x0000000000000000,1507,1498,1295,1500,2012,988,988,988,988,988,1500,988,1500,1500,1500,1500,1500,1500,1500,1500,1500,1500,1500,1500,1500,1500,1500,1500,1500,1500,1500,1500,8.3
2026-08-17,35:22.3,0,27,-163,-4,0,-1024,952,-1,-1,1,-1,-1,-1,-1,-1,-1,-1,-1,-1,0x0000000000000000,1499,1513,1421,1500,2012,988,988,988,988,988,1500,988,1500,1500,1500,1500,1500,1500,1500,1500,1500,1500,1500,1500,1500,1500,1500,1500,1500,1500,1500,1500,8.3
2026-08-17,35:22.4,0,-1,298,-5,0,-1024,952,-1,-1,1,-1,-1,-1,-1,-1,-1,-1,-1,-1,0x0000000000000000,1498,1500,1645,1500,2012,988,988,988,988,988,1500,988,1500,1500,1500,1500,1500,1500,1500,1500,1500,1500,1500,1500,1500,1500,1500,1500,1500,1500,1500,1500,8.3
2026-08-17,35:22.5,0,-214,513,-1,0,-1024,952,-1,-1,1,-1,-1,-1,-1,-1,-1,-1,-1,-1,0x0000000000000000,1500,1396,1750,1500,2012,988,988,988,988,988,1500,988,1500,1500,1500,1500,1500,1500,1500,1500,1500,1500,1500,1500,1500,1500,1500,1500,1500,1500,1500,1500,8.3
2026-08-17,35:22.6,0,-276,546,40,0,-1024,952,-1,-1,1,-1,-1,-1,-1,-1,-1,-1,-1,-1,0x0000000000000000,1520,1365,1766,1500,2012,988,988,988,988,988,1500,988,1500,1500,1500,1500,1500,1500,1500,1500,1500,1500,1500,1500,1500,1500,1500,1500,1500,1500,1500,1500,8.3
2026-08-17,35:22.7,0,-221,547,21,0,-1024,952,-1,-1,1,-1,-1,-1,-1,-1,-1,-1,-1,-1,0x0000000000000000,1510,1392,1767,1500,2012,988,988,988,988,988,1500,988,1500,1500,1500,1500,1500,1500,1500,1500,1500,1500,1500,1500,1500,1500,1500,1500,1500,1500,1500,1500,8.3
2026-08-17,35:22.8,0,-214,618,-2,0,-1024,952,-1,-1,1,-1,-1,-1,-1,-1,-1,-1,-1,-1,0x0000000000000000,1500,1396,1802,1500,2012,988,988,988,988,988,1500,988,1500,1500,1500,1500,1500,1500,1500,1500,1500,1500,1500,1500,1500,1500,1500,1500,1500,1500,1500,1500,8.3
2026-08-17,35:22.9,0,-208,710,-55,0,-1024,952,-1,-1,1,-1,-1,-1,-1,-1,-1,-1,-1,-1,0x0000000000000000,1474,1399,1846,1500,2012,988,988,988,988,988,1500,988,1500,1500,1500,1500,1500,1500,1500,1500,1500,1500,1500,1500,1500,1500,1500,1500,1500,1500,1500,1500,8.3
2026-08-17,35:23.0,-48,-250,806,-146,0,-1024,952,-1,-1,1,-1,-1,-1,-1,-1,-1,-1,-1,-1,0x0000000000000000,1429,1378,1893,1477,2012,988,988,988,988,988,1500,988,1500,1500,1500,1500,1500,1500,1500,1500,1500,1500,1500,1500,1500,1500,1500,1500,1500,1500,1500,1500,8.3
2026-08-17,35:23.1,-84,-327,979,-202,0,-1024,952,-1,-1,1,-1,-1,-1,-1,-1,-1,-1,-1,-1,0x0000000000000000,1402,1340,1978,1459,2012,988,988,988,988,988,1500,988,1500,1500,1500,1500,1500,1500,1500,1500,1500,1500,1500,1500,1500,1500,1500,1500,1500,1500,1500,1500,8.3
2026-08-17,35:23.2,-118,-400,1023,-239,0,-1024,952,-1,-1,1,-1,-1,-1,-1,-1,-1,-1,-1,-1,0x0000000000000000,1384,1305,1999,1443,2012,988,988,988,988,988,1500,988,1500,1500,1500,1500,1500,1500,1500,1500,1500,1500,1500,1500,1500,1500,1500,1500,1500,1500,1500,1500,8.3
2026-08-17,35:23.3,-145,-396,1024,-309,0,-1024,952,-1,-1,1,-1,-1,-1,-1,-1,-1,-1,-1,-1,0x0000000000000000,1350,1307,2000,1429,2012,988,988,988,988,988,1500,988,1500,1500,1500,1500,1500,1500,1500,1500,1500,1500,1500,1500,1500,1500,1500,1500,1500,1500,1500,1500,8.3
2026-08-17,35:23.4,-458,-306,945,-566,0,-1024,952,-1,-1,1,-1,-1,-1,-1,-1,-1,-1,-1,-1,0x0000000000000000,1224,1351,1961,1276,2012,988,988,988,988,988,1500,988,1500,1500,1500,1500,1500,1500,1500,1500,1500,1500,1500,1500,1500,1500,1500,1500,1500,1500,1500,1500,8.3
2026-08-17,35:23.5,-795,-222,428,-778,0,-1024,952,-1,-1,1,-1,-1,-1,-1,-1,-1,-1,-1,-1,0x0000000000000000,1120,1392,1709,1112,2012,988,988,988,988,988,1500,988,1500,1500,1500,1500,1500,1500,1500,1500,1500,1500,1500,1500,1500,1500,1500,1500,1500,1500,1500,1500,8.3
2026-08-17,35:23.6,-619,-326,0,-725,0,-1024,952,-1,-1,1,-1,-1,-1,-1,-1,-1,-1,-1,-1,0x0000000000000000,1146,1341,1500,1198,2012,988,988,988,988,988,1500,988,1500,1500,1500,1500,1500,1500,1500,1500,1500,1500,1500,1500,1500,1500,1500,1500,1500,1500,1500,1500,8.3
2026-08-17,35:23.7,-105,-255,-694,-402,0,-1024,952,-1,-1,1,-1,-1,-1,-1,-1,-1,-1,-1,-1,0x0000000000000000,1304,1376,1161,1449,2012,988,988,988,988,988,1500,988,1500,1500,1500,1500,1500,1500,1500,1500,1500,1500,1500,1500,1500,1500,1500,1500,1500,1500,1500,1500,8.3
2026-08-17,35:23.8,-4,-154,-1023,-474,0,-1024,952,-1,-1,1,-1,-1,-1,-1,-1,-1,-1,-1,-1,0x0000000000000000,1269,1425,1000,1498,2012,988,988,988,988,988,1500,988,1500,1500,1500,1500,1500,1500,1500,1500,1500,1500,1500,1500,1500,1500,1500,1500,1500,1500,1500,1500,8.3
2026-08-17,35:23.9,-125,-59,-862,-686,0,-1024,952,-1,-1,1,-1,-1,-1,-1,-1,-1,-1,-1,-1,0x0000000000000000,1165,1471,1079,1439,2012,988,988,988,988,988,1500,988,1500,1500,1500,1500,1500,1500,1500,1500,1500,1500,1500,1500,1500,1500,1500,1500,1500,1500,1500,1500,8.3
2026-08-17,35:24.0,-63,-68,-552,-462,0,-1024,952,-1,-1,1,-1,-1,-1,-1,-1,-1,-1,-1,-1,0x0000000000000000,1275,1467,1230,1469,2012,988,988,988,988,988,1500,988,1500,1500,1500,1500,1500,1500,1500,1500,1500,1500,1500,1500,1500,1500,1500,1500,1500,1500,1500,1500,8.3
2026-08-17,35:24.1,-1,-79,-260,-276,0,-1024,952,-1,-1,1,-1,-1,-1,-1,-1,-1,-1,-1,-1,0x0000000000000000,1366,1462,1373,1500,2012,988,988,988,988,988,1500,988,1500,1500,1500,1500,1500,1500,1500,1500,1500,1500,1500,1500,1500,1500,1500,1500,1500,1500,1500,1500,8.3
2026-08-17,35:24.2,-50,-35,295,-316,0,-1024,952,-1,-1,1,-1,-1,-1,-1,-1,-1,-1,-1,-1,0x0000000000000000,1346,1483,1644,1476,2012,988,988,988,988,988,1500,988,1500,1500,1500,1500,1500,1500,1500,1500,1500,1500,1500,1500,1500,1500,1500,1500,1500,1500,1500,1500,8.3
2026-08-17,35:24.3,-29,-6,768,-205,0,-1024,952,-1,-1,1,-1,-1,-1,-1,-1,-1,-1,-1,-1,0x0000000000000000,1400,1497,1875,1486,2012,988,988,988,988,988,1500,988,1500,1500,1500,1500,1500,1500,1500,1500,1500,1500,1500,1500,1500,1500,1500,1500,1500,1500,1500,1500,8.3
2026-08-17,35:24.4,-14,-33,934,-115,0,-1024,952,-1,-1,1,-1,-1,-1,-1,-1,-1,-1,-1,-1,0x0000000000000000,1444,1484,1956,1493,2012,988,988,988,988,988,1500,988,1500,1500,1500,1500,1500,1500,1500,1500,1500,1500,1500,1500,1500,1500,1500,1500,1500,1500,1500,1500,8.3
2026-08-17,35:24.5,-2,-34,1024,-52,0,-1024,952,-1,-1,1,-1,-1,-1,-1,-1,-1,-1,-1,-1,0x0000000000000000,1475,1484,2000,1499,2012,988,988,988,988,988,1500,988,1500,1500,1500,1500,1500,1500,1500,1500,1500,1500,1500,1500,1500,1500,1500,1500,1500,1500,1500,1500,8.3
2026-08-17,35:24.6,0,-38,1024,-61,0,-1024,952,-1,-1,1,-1,-1,-1,-1,-1,-1,-1,-1,-1,0x0000000000000000,1471,1482,2000,1500,2012,988,988,988,988,988,1500,988,1500,1500,1500,1500,1500,1500,1500,1500,1500,1500,1500,1500,1500,1500,1500,1500,1500,1500,1500,1500,8.3
2026-08-17,35:24.7,0,-66,1024,-58,0,-1024,952,-1,-1,1,-1,-1,-1,-1,-1,-1,-1,-1,-1,0x0000000000000000,1472,1468,2000,1500,2012,988,988,988,988,988,1500,988,1500,1500,1500,1500,1500,1500,1500,1500,1500,1500,1500,1500,1500,1500,1500,1500,1500,1500,1500,1500,8.3
2026-08-17,35:24.8,0,-65,1024,-9,0,-1024,952,-1,-1,1,-1,-1,-1,-1,-1,-1,-1,-1,-1,0x0000000000000000,1496,1468,2000,1500,2012,988,988,988,988,988,1500,988,1500,1500,1500,1500,1500,1500,1500,1500,1500,1500,1500,1500,1500,1500,1500,1500,1500,1500,1500,1500,8.3
2026-08-17,35:24.9,0,-149,1024,88,0,-1024,952,-1,-1,1,-1,-1,-1,-1,-1,-1,-1,-1,-1,0x0000000000000000,1543,1427,2000,1500,2012,988,988,988,988,988,1500,988,1500,1500,1500,1500,1500,1500,1500,1500,1500,1500,1500,1500,1500,1500,1500,1500,1500,1500,1500,1500,8.3
2026-08-17,35:25.0,0,-199,973,270,0,-1024,952,-1,-1,1,-1,-1,-1,-1,-1,-1,-1,-1,-1,0x0000000000000000,1632,1403,1975,1500,2012,988,988,988,988,988,1500,988,1500,1500,1500,1500,1500,1500,1500,1500,1500,1500,1500,1500,1500,1500,1500,1500,1500,1500,1500,1500,8.3
2026-08-17,35:25.1,152,-159,-257,770,0,-1024,952,-1,-1,1,-1,-1,-1,-1,-1,-1,-1,-1,-1,0x0000000000000000,1876,1423,1375,1574,2012,988,988,988,988,988,1500,988,1500,1500,1500,1500,1500,1500,1500,1500,1500,1500,1500,1500,1500,1500,1500,1500,1500,1500,1500,1500,8.3
2026-08-17,35:25.2,299,-82,-860,895,0,-1024,952,-1,-1,1,-1,-1,-1,-1,-1,-1,-1,-1,-1,0x0000000000000000,1937,1460,1080,1646,2012,988,988,988,988,988,1500,988,1500,1500,1500,1500,1500,1500,1500,1500,1500,1500,1500,1500,1500,1500,1500,1500,1500,1500,1500,1500,8.3
2026-08-17,35:25.3,282,-3,-852,741,0,-1024,952,-1,-1,1,-1,-1,-1,-1,-1,-1,-1,-1,-1,0x0000000000000000,1862,1499,1084,1637,2012,988,988,988,988,988,1500,988,1500,1500,1500,1500,1500,1500,1500,1500,1500,1500,1500,1500,1500,1500,1500,1500,1500,1500,1500,1500,8.3
2026-08-17,35:25.4,250,0,-373,484,0,-1024,952,-1,-1,1,-1,-1,-1,-1,-1,-1,-1,-1,-1,0x0000000000000000,1736,1500,1318,1622,2012,988,988,988,988,988,1500,988,1500,1500,1500,1500,1500,1500,1500,1500,1500,1500,1500,1500,1500,1500,1500,1500,1500,1500,1500,1500,8.3
2026-08-17,35:25.5,200,-4,255,468,0,-1024,952,-1,-1,1,-1,-1,-1,-1,-1,-1,-1,-1,-1,0x0000000000000000,1729,1498,1624,1597,2012,988,988,988,988,988,1500,988,1500,1500,1500,1500,1500,1500,1500,1500,1500,1500,1500,1500,1500,1500,1500,1500,1500,1500,1500,1500,8.3
2026-08-17,35:25.6,64,-65,1023,460,0,-1024,952,-1,-1,1,-1,-1,-1,-1,-1,-1,-1,-1,-1,0x0000000000000000,1725,1468,1999,1531,2012,988,988,988,988,988,1500,988,1500,1500,1500,1500,1500,1500,1500,1500,1500,1500,1500,1500,1500,1500,1500,1500,1500,1500,1500,1500,8.3
2026-08-17,35:25.7,195,-123,1024,348,0,-1024,952,-1,-1,1,-1,-1,-1,-1,-1,-1,-1,-1,-1,0x0000000000000000,1670,1440,2000,1595,2012,988,988,988,988,988,1500,988,1500,1500,1500,1500,1500,1500,1500,1500,1500,1500,1500,1500,1500,1500,1500,1500,1500,1500,1500,1500,8.3
2026-08-17,35:25.8,272,-122,1024,182,0,-1024,952,-1,-1,1,-1,-1,-1,-1,-1,-1,-1,-1,-1,0x0000000000000000,1589,1441,2000,1633,2012,988,988,988,988,988,1500,988,1500,1500,1500,1500,1500,1500,1500,1500,1500,1500,1500,1500,1500,1500,1500,1500,1500,1500,1500,1500,8.3
2026-08-17,35:25.9,140,-164,1024,6,0,-1024,952,-1,-1,1,-1,-1,-1,-1,-1,-1,-1,-1,-1,0x0000000000000000,1503,1420,2000,1568,2012,988,988,988,988,988,1500,988,1500,1500,1500,1500,1500,1500,1500,1500,1500,1500,1500,1500,1500,1500,1500,1500,1500,1500,1500,1500,8.3
2026-08-17,35:26.0,1,-162,1024,-4,0,-1024,952,-1,-1,1,-1,-1,-1,-1,-1,-1,-1,-1,-1,0x0000000000000000,1499,1421,2000,1500,2012,988,988,988,988,988,1500,988,1500,1500,1500,1500,1500,1500,1500,1500,1500,1500,1500,1500,1500,1500,1500,1500,1500,1500,1500,1500,8.3
2026-08-17,35:26.1,36,-186,1024,-61,0,-1024,952,-1,-1,1,-1,-1,-1,-1,-1,-1,-1,-1,-1,0x0000000000000000,1471,1409,2000,1517,2012,988,988,988,988,988,1500,988,1500,1500,1500,1500,1500,1500,1500,1500,1500,1500,1500,1500,1500,1500,1500,1500,1500,1500,1500,1500,8.3
2026-08-17,35:26.2,0,-243,1024,-128,0,-1024,952,-1,-1,1,-1,-1,-1,-1,-1,-1,-1,-1,-1,0x0000000000000000,1438,1381,2000,1500,2012,988,988,988,988,988,1500,988,1500,1500,1500,1500,1500,1500,1500,1500,1500,1500,1500,1500,1500,1500,1500,1500,1500,1500,1500,1500,8.3
2026-08-17,35:26.3,14,-315,1024,-107,0,-1024,952,-1,-1,1,-1,-1,-1,-1,-1,-1,-1,-1,-1,0x0000000000000000,1448,1346,2000,1507,2012,988,988,988,988,988,1500,988,1500,1500,1500,1500,1500,1500,1500,1500,1500,1500,1500,1500,1500,1500,1500,1500,1500,1500,1500,1500,8.3
2026-08-17,35:26.4,125,-178,1024,155,0,-1024,952,-1,-1,1,-1,-1,-1,-1,-1,-1,-1,-1,-1,0x0000000000000000,1576,1413,2000,1561,2012,988,988,988,988,988,1500,988,1500,1500,1500,1500,1500,1500,1500,1500,1500,1500,1500,1500,1500,1500,1500,1500,1500,1500,1500,1500,8.3
2026-08-17,35:26.5,312,-80,916,375,0,-1024,952,-1,-1,1,-1,-1,-1,-1,-1,-1,-1,-1,-1,0x0000000000000000,1683,1461,1947,1652,2012,988,988,988,988,988,1500,988,1500,1500,1500,1500,1500,1500,1500,1500,1500,1500,1500,1500,1500,1500,1500,1500,1500,1500,1500,1500,8.3
2026-08-17,35:26.6,121,-80,-332,1012,0,-1024,952,-1,-1,1,-1,-1,-1,-1,-1,-1,-1,-1,-1,0x0000000000000000,1994,1461,1338,1559,2012,988,988,988,988,988,1500,988,1500,1500,1500,1500,1500,1500,1500,1500,1500,1500,1500,1500,1500,1500,1500,1500,1500,1500,1500,1500,8.3
2026-08-17,35:26.7,4,-232,-1023,1024,0,-1024,952,-1,-1,1,-1,-1,-1,-1,-1,-1,-1,-1,-1,0x0000000000000000,2000,1387,1000,1502,2012,988,988,988,988,988,1500,988,1500,1500,1500,1500,1500,1500,1500,1500,1500,1500,1500,1500,1500,1500,1500,1500,1500,1500,1500,1500,8.3
2026-08-17,35:26.8,180,-19,-1024,693,0,-1024,952,-1,-1,1,-1,-1,-1,-1,-1,-1,-1,-1,-1,0x0000000000000000,1838,1491,1000,1588,2012,988,988,988,988,988,1500,988,1500,1500,1500,1500,1500,1500,1500,1500,1500,1500,1500,1500,1500,1500,1500,1500,1500,1500,1500,1500,8.3
2026-08-17,35:26.9,3,-124,-527,611,0,-1024,952,-1,-1,1,-1,-1,-1,-1,-1,-1,-1,-1,-1,0x0000000000000000,1798,1440,1243,1501,2012,988,988,988,988,988,1500,988,1500,1500,1500,1500,1500,1500,1500,1500,1500,1500,1500,1500,1500,1500,1500,1500,1500,1500,1500,1500,8.3
2026-08-17,35:27.0,-174,-364,-239,289,0,-1024,952,-1,-1,1,-1,-1,-1,-1,-1,-1,-1,-1,-1,0x0000000000000000,1641,1322,1383,1415,2012,988,988,988,988,988,1500,988,1500,1500,1500,1500,1500,1500,1500,1500,1500,1500,1500,1500,1500,1500,1500,1500,1500,1500,1500,1500,8.3
2026-08-17,35:27.1,-399,-388,-159,1,0,-1024,952,-1,-1,1,-1,-1,-1,-1,-1,-1,-1,-1,-1,0x0000000000000000,1501,1311,1423,1305,2012,988,988,988,988,988,1500,988,1500,1500,1500,1500,1500,1500,1500,1500,1500,1500,1500,1500,1500,1500,1500,1500,1500,1500,1500,1500,8.3
2026-08-17,35:27.2,-355,-350,-130,-183,0,-1024,952,-1,-1,1,-1,-1,-1,-1,-1,-1,-1,-1,-1,0x0000000000000000,1411,1329,1437,1327,2012,988,988,988,988,988,1500,988,1500,1500,1500,1500,1500,1500,1500,1500,1500,1500,1500,1500,1500,1500,1500,1500,1500,1500,1500,1500,8.3
2026-08-17,35:27.3,-265,-373,44,-182,0,-1024,952,-1,-1,1,-1,-1,-1,-1,-1,-1,-1,-1,-1,0x0000000000000000,1412,1318,1521,1371,2012,988,988,988,988,988,1500,988,1500,1500,1500,1500,1500,1500,1500,1500,1500,1500,1500,1500,1500,1500,1500,1500,1500,1500,1500,1500,8.3
2026-08-17,35:27.4,-183,-441,426,-160,0,-1024,952,-1,-1,1,-1,-1,-1,-1,-1,-1,-1,-1,-1,0x0000000000000000,1422,1285,1708,1411,2012,988,988,988,988,988,1500,988,1500,1500,1500,1500,1500,1500,1500,1500,1500,1500,1500,1500,1500,1500,1500,1500,1500,1500,1500,1500,8.3
2026-08-17,35:27.5,-250,-379,611,-104,0,-1024,952,-1,-1,1,-1,-1,-1,-1,-1,-1,-1,-1,-1,0x0000000000000000,1450,1315,1798,1378,2012,988,988,988,988,988,1500,988,1500,1500,1500,1500,1500,1500,1500,1500,1500,1500,1500,1500,1500,1500,1500,1500,1500,1500,1500,1500,8.3
2026-08-17,35:27.6,-375,-282,1020,-225,0,-1024,952,-1,-1,1,-1,-1,-1,-1,-1,-1,-1,-1,-1,0x0000000000000000,1391,1362,1998,1317,2012,988,988,988,988,988,1500,988,1500,1500,1500,1500,1500,1500,1500,1500,1500,1500,1500,1500,1500,1500,1500,1500,1500,1500,1500,1500,8.3
2026-08-17,35:27.7,-287,-183,1024,-305,0,-1024,952,-1,-1,1,-1,-1,-1,-1,-1,-1,-1,-1,-1,0x0000000000000000,1352,1411,2000,1360,2012,988,988,988,988,988,1500,988,1500,1500,1500,1500,1500,1500,1500,1500,1500,1500,1500,1500,1500,1500,1500,1500,1500,1500,1500,1500,8.3
2026-08-17,35:27.8,-11,-78,1024,-328,0,-1024,952,-1,-1,1,-1,-1,-1,-1,-1,-1,-1,-1,-1,0x0000000000000000,1340,1462,2000,1495,2012,988,988,988,988,988,1500,988,1500,1500,1500,1500,1500,1500,1500,1500,1500,1500,1500,1500,1500,1500,1500,1500,1500,1500,1500,1500,8.3
2026-08-17,35:27.9,-184,-4,1024,-343,0,-1024,952,-1,-1,1,-1,-1,-1,-1,-1,-1,-1,-1,-1,0x0000000000000000,1333,1498,2000,1410,2012,988,988,988,988,988,1500,988,1500,1500,1500,1500,1500,1500,1500,1500,1500,1500,1500,1500,1500,1500,1500,1500,1500,1500,1500,1500,8.3
2026-08-17,35:28.0,0,0,1024,-385,0,-1024,952,-1,-1,1,-1,-1,-1,-1,-1,-1,-1,-1,-1,0x0000000000000000,1312,1500,2000,1500,2012,988,988,988,988,988,1500,988,1500,1500,1500,1500,1500,1500,1500,1500,1500,1500,1500,1500,1500,1500,1500,1500,1500,1500,1500,1500,8.3
2026-08-17,35:28.1,0,-2,1024,-456,0,-1024,952,-1,-1,1,-1,-1,-1,-1,-1,-1,-1,-1,-1,0x0000000000000000,1278,1499,2000,1500,2012,988,988,988,988,988,1500,988,1500,1500,1500,1500,1500,1500,1500,1500,1500,1500,1500,1500,1500,1500,1500,1500,1500,1500,1500,1500,8.3
2026-08-17,35:28.2,-52,-1,1024,-726,0,-1024,952,-1,-1,1,-1,-1,-1,-1,-1,-1,-1,-1,-1,0x0000000000000000,1146,1500,2000,1475,2012,988,988,988,988,988,1500,988,1500,1500,1500,1500,1500,1500,1500,1500,1500,1500,1500,1500,1500,1500,1500,1500,1500,1500,1500,1500,8.3
2026-08-17,35:28.3,-2,-5,-214,-1023,0,-1024,952,-1,-1,1,-1,-1,-1,-1,-1,-1,-1,-1,-1,0x0000000000000000,1000,1498,1396,1499,2012,988,988,988,988,988,1500,988,1500,1500,1500,1500,1500,1500,1500,1500,1500,1500,1500,1500,1500,1500,1500,1500,1500,1500,1500,1500,8.3
2026-08-17,35:28.4,54,-62,-770,-749,0,-1024,952,-1,-1,1,-1,-1,-1,-1,-1,-1,-1,-1,-1,0x0000000000000000,1134,1470,1124,1526,2012,988,988,988,988,988,1500,988,1500,1500,1500,1500,1500,1500,1500,1500,1500,1500,1500,1500,1500,1500,1500,1500,1500,1500,1500,1500,8.3
2026-08-17,35:28.5,38,-70,-1023,-719,0,-1024,952,-1,-1,1,-1,-1,-1,-1,-1,-1,-1,-1,-1,0x0000000000000000,1149,1466,1000,1518,2012,988,988,988,988,988,1500,988,1500,1500,1500,1500,1500,1500,1500,1500,1500,1500,1500,1500,1500,1500,1500,1500,1500,1500,1500,1500,8.3
2026-08-17,35:28.6,154,-78,-1024,-995,0,-1024,952,-1,-1,1,-1,-1,-1,-1,-1,-1,-1,-1,-1,0x0000000000000000,1014,1462,1000,1575,2012,988,988,988,988,988,1500,988,1500,1500,1500,1500,1500,1500,1500,1500,1500,1500,1500,1500,1500,1500,1500,1500,1500,1500,1500,1500,8.3
2026-08-17,35:28.7,245,-50,-1024,-1024,0,-1024,952,-1,-1,1,-1,-1,-1,-1,-1,-1,-1,-1,-1,0x0000000000000000,1000,1476,1000,1619,2012,988,988,988,988,988,1500,988,1500,1500,1500,1500,1500,1500,1500,1500,1500,1500,1500,1500,1500,1500,1500,1500,1500,1500,1500,1500,8.3
2026-08-17,35:28.8,0,-11,-1023,-979,0,-1024,952,-1,-1,1,-1,-1,-1,-1,-1,-1,-1,-1,-1,0x0000000000000000,1022,1495,1000,1500,2012,988,988,988,988,988,1500,988,1500,1500,1500,1500,1500,1500,1500,1500,1500,1500,1500,1500,1500,1500,1500,1500,1500,1500,1500,1500,8.3
2026-08-17,35:28.9,0,31,-1021,-431,0,-1024,952,-1,-1,1,-1,-1,-1,-1,-1,-1,-1,-1,-1,0x0000000000000000,1290,1515,1001,1500,2012,988,988,988,988,988,1500,988,1500,1500,1500,1500,1500,1500,1500,1500,1500,1500,1500,1500,1500,1500,1500,1500,1500,1500,1500,1500,8.3
2026-08-17,35:29.0,2,10,-975,-273,0,-1024,952,-1,-1,1,-1,-1,-1,-1,-1,-1,-1,-1,-1,0x0000000000000000,1367,1505,1024,1501,2012,988,988,988,988,988,1500,988,1500,1500,1500,1500,1500,1500,1500,1500,1500,1500,1500,1500,1500,1500,1500,1500,1500,1500,1500,1500,8.3
2026-08-17,35:29.1,0,1,-772,-535,0,-1024,952,-1,-1,1,-1,-1,-1,-1,-1,-1,-1,-1,-1,0x0000000000000000,1239,1500,1123,1500,2012,988,988,988,988,988,1500,988,1500,1500,1500,1500,1500,1500,1500,1500,1500,1500,1500,1500,1500,1500,1500,1500,1500,1500,1500,1500,8.3
2026-08-17,35:29.2,0,-59,-579,-569,0,-1024,952,-1,-1,1,-1,-1,-1,-1,-1,-1,-1,-1,-1,0x0000000000000000,1222,1471,1217,1500,2012,988,988,988,988,988,1500,988,1500,1500,1500,1500,1500,1500,1500,1500,1500,1500,1500,1500,1500,1500,1500,1500,1500,1500,1500,1500,8.3
2026-08-17,35:29.3,-89,-164,-415,-553,0,-1024,952,-1,-1,1,-1,-1,-1,-1,-1,-1,-1,-1,-1,0x0000000000000000,1225,1420,1303,1456,2012,988,988,988,988,988,1500,988,1500,1500,1500,1500,1500,1500,1500,1500,1500,1500,1500,1500,1500,1500,1500,1500,1500,1500,1500,1500,8.3
2026-08-17,35:29.4,-108,-194,-77,-561,0,-1024,952,-1,-1,1,-1,-1,-1,-1,-1,-1,-1,-1,-1,0x0000000000000000,1226,1405,1463,1447,2012,988,988,988,988,988,1500,988,1500,1500,1500,1500,1500,1500,1500,1500,1500,1500,1500,1500,1500,1500,1500,1500,1500,1500,1500,1500,8.3
2026-08-17,35:29.5,-1,-201,208,-483,0,-1024,952,-1,-1,1,-1,-1,-1,-1,-1,-1,-1,-1,-1,0x0000000000000000,1264,1402,1601,1500,2012,988,988,988,988,988,1500,988,1500,1500,1500,1500,1500,1500,1500,1500,1500,1500,1500,1500,1500,1500,1500,1500,1500,1500,1500,1500,8.3
2026-08-17,35:29.6,0,-186,464,-461,0,-1024,952,-1,-1,1,-1,-1,-1,-1,-1,-1,-1,-1,-1,0x0000000000000000,1275,1409,1726,1500,2012,988,988,988,988,988,1500,988,1500,1500,1500,1500,1500,1500,1500,1500,1500,1500,1500,1500,1500,1500,1500,1500,1500,1500,1500,1500,8.3
2026-08-17,35:29.7,0,-153,507,-379,0,-1024,952,-1,-1,1,-1,-1,-1,-1,-1,-1,-1,-1,-1,0x0000000000000000,1315,1425,1747,1500,2012,988,988,988,988,988,1500,988,1500,1500,1500,1500,1500,1500,1500,1500,1500,1500,1500,1500,1500,1500,1500,1500,1500,1500,1500,1500,8.3
2026-08-17,35:29.8,0,-177,459,-219,0,-1024,952,-1,-1,1,-1,-1,-1,-1,-1,-1,-1,-1,-1,0x0000000000000000,1394,1414,1724,1500,2012,988,988,988,988,988,1500,988,1500,1500,1500,1500,1500,1500,1500,1500,1500,1500,1500,1500,1500,1500,1500,1500,1500,1500,1500,1500,8.3
2026-08-17,35:29.9,0,-327,518,-4,0,-1024,952,-1,-1,1,-1,-1,-1,-1,-1,-1,-1,-1,-1,0x0000000000000000,1499,1340,1753,1500,2012,988,988,988,988,988,1500,988,1500,1500,1500,1500,1500,1500,1500,1500,1500,1500,1500,1500,1500,1500,1500,1500,1500,1500,1500,1500,8.3
2026-08-17,35:30.0,0,-381,607,46,0,-1024,952,-1,-1,1,-1,-1,-1,-1,-1,-1,-1,-1,-1,0x0000000000000000,1523,1314,1796,1500,2012,988,988,988,988,988,1500,988,1500,1500,1500,1500,1500,1500,1500,1500,1500,1500,1500,1500,1500,1500,1500,1500,1500,1500,1500,1500,8.3
2026-08-17,35:30.1,0,-310,705,14,-1,-1024,952,-1,-1,1,-1,-1,-1,-1,-1,-1,-1,-1,-1,0x0000000000000000,1507,1349,1844,1500,2012,988,988,988,988,988,1500,988,1500,1500,1500,1500,1500,1500,1500,1500,1500,1500,1500,1500,1500,1500,1500,1500,1500,1500,1500,1500,8.3
2026-08-17,35:30.2,0,-339,778,26,0,-1024,952,-1,-1,1,-1,-1,-1,-1,-1,-1,-1,-1,-1,0x0000000000000000,1513,1335,1880,1500,2012,988,988,988,988,988,1500,988,1500,1500,1500,1500,1500,1500,1500,1500,1500,1500,1500,1500,1500,1500,1500,1500,1500,1500,1500,1500,8.3
2026-08-17,35:30.3,0,-407,708,95,0,-1024,952,-1,-1,1,-1,-1,-1,-1,-1,-1,-1,-1,-1,0x0000000000000000,1547,1301,1845,1500,2012,988,988,988,988,988,1500,988,1500,1500,1500,1500,1500,1500,1500,1500,1500,1500,1500,1500,1500,1500,1500,1500,1500,1500,1500,1500,8.3
2026-08-17,35:30.4,0,-285,646,112,0,-1024,952,-1,-1,1,-1,-1,-1,-1,-1,-1,-1,-1,-1,0x0000000000000000,1555,1361,1815,1500,2012,988,988,988,988,988,1500,988,1500,1500,1500,1500,1500,1500,1500,1500,1500,1500,1500,1500,1500,1500,1500,1500,1500,1500,1500,1500,8.3
2026-08-17,35:30.5,0,-172,487,152,0,-1024,952,-1,-1,1,-1,-1,-1,-1,-1,-1,-1,-1,-1,0x0000000000000000,1574,1416,1738,1500,2012,988,988,988,988,988,1500,988,1500,1500,1500,1500,1500,1500,1500,1500,1500,1500,1500,1500,1500,1500,1500,1500,1500,1500,1500,1500,8.3
2026-08-17,35:30.6,0,-131,343,172,0,-1024,952,-1,-1,1,-1,-1,-1,-1,-1,-1,-1,-1,-1,0x0000000000000000,1584,1436,1667,1500,2012,988,988,988,988,988,1500,988,1500,1500,1500,1500,1500,1500,1500,1500,1500,1500,1500,1500,1500,1500,1500,1500,1500,1500,1500,1500,8.3
2026-08-17,35:30.7,-38,-84,511,6,-1,-1024,952,-1,-1,1,-1,-1,-1,-1,-1,-1,-1,-1,-1,0x0000000000000000,1503,1459,1749,1482,2012,988,988,988,988,988,1500,988,1500,1500,1500,1500,1500,1500,1500,1500,1500,1500,1500,1500,1500,1500,1500,1500,1500,1500,1500,1500,8.3
2026-08-17,35:30.8,-178,-41,597,-211,0,-1024,952,-1,-1,1,-1,-1,-1,-1,-1,-1,-1,-1,-1,0x0000000000000000,1398,1480,1791,1413,2012,988,988,988,988,988,1500,988,1500,1500,1500,1500,1500,1500,1500,1500,1500,1500,1500,1500,1500,1500,1500,1500,1500,1500,1500,1500,8.3
2026-08-17,35:30.9,-222,-37,548,-444,0,-1024,952,-1,-1,1,-1,-1,-1,-1,-1,-1,-1,-1,-1,0x0000000000000000,1284,1482,1767,1392,2012,988,988,988,988,988,1500,988,1500,1500,1500,1500,1500,1500,1500,1500,1500,1500,1500,1500,1500,1500,1500,1500,1500,1500,1500,1500,8.3
2026-08-17,35:31.0,-197,-3,612,-540,0,-1024,952,-1,-1,1,-1,-1,-1,-1,-1,-1,-1,-1,-1,0x0000000000000000,1237,1499,1799,1404,2012,988,988,988,988,988,1500,988,1500,1500,1500,1500,1500,1500,1500,1500,1500,1500,1500,1500,1500,1500,1500,1500,1500,1500,1500,1500,8.3
2026-08-17,35:31.1,-237,-2,684,-502,0,-1024,952,-1,-1,1,-1,-1,-1,-1,-1,-1,-1,-1,-1,0x0000000000000000,1255,1499,1834,1384,2012,988,988,988,988,988,1500,988,1500,1500,1500,1500,1500,1500,1500,1500,1500,1500,1500,1500,1500,1500,1500,1500,1500,1500,1500,1500,8.3
2026-08-17,35:31.2,-207,-12,736,-494,0,-1024,952,-1,-1,1,-1,-1,-1,-1,-1,-1,-1,-1,-1,0x0000000000000000,1259,1494,1859,1399,2012,988,988,988,988,988,1500,988,1500,1500,1500,1500,1500,1500,1500,1500,1500,1500,1500,1500,1500,1500,1500,1500,1500,1500,1500,1500,8.3
2026-08-17,35:31.3,-93,-91,778,-415,0,-1024,952,-1,-1,1,-1,-1,-1,-1,-1,-1,-1,-1,-1,0x0000000000000000,1298,1456,1880,1455,2012,988,988,988,988,988,1500,988,1500,1500,1500,1500,1500,1500,1500,1500,1500,1500,1500,1500,1500,1500,1500,1500,1500,1500,1500,1500,8.3
2026-08-17,35:31.4,-44,-161,801,-266,0,-1024,952,-1,-1,1,-1,-1,-1,-1,-1,-1,-1,-1,-1,0x0000000000000000,1371,1422,1891,1479,2012,988,988,988,988,988,1500,988,1500,1500,1500,1500,1500,1500,1500,1500,1500,1500,1500,1500,1500,1500,1500,1500,1500,1500,1500,1500,8.3
2026-08-17,35:31.5,-255,-172,817,-356,0,-1024,952,-1,-1,1,-1,-1,-1,-1,-1,-1,-1,-1,-1,0x0000000000000000,1327,1416,1899,1376,2012,988,988,988,988,988,1500,988,1500,1500,1500,1500,1500,1500,1500,1500,1500,1500,1500,1500,1500,1500,1500,1500,1500,1500,1500,1500,8.3
2026-08-17,35:31.6,-354,-138,834,-505,0,-1024,952,-1,-1,1,-1,-1,-1,-1,-1,-1,-1,-1,-1,0x0000000000000000,1254,1433,1907,1327,2012,988,988,988,988,988,1500,988,1500,1500,1500,1500,1500,1500,1500,1500,1500,1500,1500,1500,1500,1500,1500,1500,1500,1500,1500,1500,8.3
2026-08-17,35:31.7,-343,-165,841,-539,0,-1024,952,-1,-1,1,-1,-1,-1,-1,-1,-1,-1,-1,-1,0x0000000000000000,1237,1420,1910,1333,2012,988,988,988,988,988,1500,988,1500,1500,1500,1500,1500,1500,1500,1500,1500,1500,1500,1500,1500,1500,1500,1500,1500,1500,1500,1500,8.3
2026-08-17,35:31.8,-209,-195,760,-531,0,-1024,952,-1,-1,1,-1,-1,-1,-1,-1,-1,-1,-1,-1,0x0000000000000000,1241,1405,1871,1398,2012,988,988,988,988,988,1500,988,1500,1500,1500,1500,1500,1500,1500,1500,1500,1500,1500,1500,1500,1500,1500,1500,1500,1500,1500,1500,8.3
2026-08-17,35:31.9,-246,-221,834,-533,0,-1024,952,-1,-1,1,-1,-1,-1,-1,-1,-1,-1,-1,-1,0x0000000000000000,1240,1392,1907,1380,2012,988,988,988,988,988,1500,988,1500,1500,1500,1500,1500,1500,1500,1500,1500,1500,1500,1500,1500,1500,1500,1500,1500,1500,1500,1500,8.3
2026-08-17,35:32.0,-208,-302,843,-532,0,-1024,952,-1,-1,1,-1,-1,-1,-1,-1,-1,-1,-1,-1,0x0000000000000000,1240,1353,1911,1399,2012,988,988,988,988,988,1500,988,1500,1500,1500,1500,1500,1500,1500,1500,1500,1500,1500,1500,1500,1500,1500,1500,1500,1500,1500,1500,8.3
2026-08-17,35:32.1,-171,-299,815,-516,0,-1024,952,-1,-1,1,-1,-1,-1,-1,-1,-1,-1,-1,-1,0x0000000000000000,1248,1354,1898,1417,2012,988,988,988,988,988,1500,988,1500,1500,1500,1500,1500,1500,1500,1500,1500,1500,1500,1500,1500,1500,1500,1500,1500,1500,1500,1500,8.3
2026-08-17,35:32.2,-221,-242,856,-526,0,-1024,952,-1,-1,1,-1,-1,-1,-1,-1,-1,-1,-1,-1,0x0000000000000000,1243,1382,1918,1392,2012,988,988,988,988,988,1500,988,1500,1500,1500,1500,1500,1500,1500,1500,1500,1500,1500,1500,1500,1500,1500,1500,1500,1500,1500,1500,8.3
2026-08-17,35:32.3,-289,-203,837,-538,0,-1024,952,-1,-1,1,-1,-1,-1,-1,-1,-1,-1,-1,-1,0x0000000000000000,1238,1401,1908,1359,2012,988,988,988,988,988,1500,988,1500,1500,1500,1500,1500,1500,1500,1500,1500,1500,1500,1500,1500,1500,1500,1500,1500,1500,1500,1500,8.3
2026-08-17,35:32.4,-190,-233,658,-539,0,-1024,952,-1,-1,1,-1,-1,-1,-1,-1,-1,-1,-1,-1,0x0000000000000000,1237,1386,1821,1407,2012,988,988,988,988,988,1500,988,1500,1500,1500,1500,1500,1500,1500,1500,1500,1500,1500,1500,1500,1500,1500,1500,1500,1500,1500,1500,8.3
2026-08-17,35:32.5,-167,-250,587,-476,0,-1024,952,-1,-1,1,-1,-1,-1,-1,-1,-1,-1,-1,-1,0x0000000000000000,1268,1378,1786,1419,2012,988,988,988,988,988,1500,988,1500,1500,1500,1500,1500,1500,1500,1500,1500,1500,1500,1500,1500,1500,1500,1500,1500,1500,1500,1500,8.3
2026-08-17,35:32.6,-1,-222,229,-383,0,-1024,952,-1,-1,1,-1,-1,-1,-1,-1,-1,-1,-1,-1,0x0000000000000000,1313,1392,1612,1500,2012,988,988,988,988,988,1500,988,1500,1500,1500,1500,1500,1500,1500,1500,1500,1500,1500,1500,1500,1500,1500,1500,1500,1500,1500,1500,8.3
2026-08-17,35:32.7,0,-132,-79,-400,0,-1024,952,-1,-1,1,-1,-1,-1,-1,-1,-1,-1,-1,-1,0x0000000000000000,1305,1436,1462,1500,2012,988,988,988,988,988,1500,988,1500,1500,1500,1500,1500,1500,1500,1500,1500,1500,1500,1500,1500,1500,1500,1500,1500,1500,1500,1500,8.3
2026-08-17,35:32.8,0,-33,239,-442,0,-1024,952,-1,-1,1,-1,-1,-1,-1,-1,-1,-1,-1,-1,0x0000000000000000,1284,1484,1616,1500,2012,988,988,988,988,988,1500,988,1500,1500,1500,1500,1500,1500,1500,1500,1500,1500,1500,1500,1500,1500,1500,1500,1500,1500,1500,1500,8.3
2026-08-17,35:32.9,0,-5,87,-282,0,-1024,952,-1,-1,1,-1,-1,-1,-1,-1,-1,-1,-1,-1,0x0000000000000000,1363,1498,1542,1500,2012,988,988,988,988,988,1500,988,1500,1500,1500,1500,1500,1500,1500,1500,1500,1500,1500,1500,1500,1500,1500,1500,1500,1500,1500,1500,8.3
2026-08-17,35:33.0,-46,1,-421,-264,0,-1024,952,-1,-1,1,-1,-1,-1,-1,-1,-1,-1,-1,-1,0x0000000000000000,1372,1500,1294,1478,2012,988,988,988,988,988,1500,988,1500,1500,1500,1500,1500,1500,1500,1500,1500,1500,1500,1500,1500,1500,1500,1500,1500,1500,1500,1500,8.3
2026-08-17,35:33.1,-100,-89,-679,-304,0,-1024,951,-1,-1,1,-1,-1,-1,-1,-1,-1,-1,-1,-1,0x0000000000000000,1352,1457,1168,1451,2012,988,988,988,988,988,1500,988,1500,1500,1500,1500,1500,1500,1500,1500,1500,1500,1500,1500,1500,1500,1500,1500,1500,1500,1500,1500,8.3
2026-08-17,35:33.2,-138,-204,-746,-465,0,-1024,952,-1,-1,1,-1,-1,-1,-1,-1,-1,-1,-1,-1,0x0000000000000000,1273,1401,1136,1433,2012,988,988,988,988,988,1500,988,1500,1500,1500,1500,1500,1500,1500,1500,1500,1500,1500,1500,1500,1500,1500,1500,1500,1500,1500,1500,8.3
2026-08-17,35:33.3,-48,-257,-658,-409,0,-1024,952,-1,-1,1,-1,-1,-1,-1,-1,-1,-1,-1,-1,0x0000000000000000,1301,1375,1179,1477,2012,988,988,988,988,988,1500,988,1500,1500,1500,1500,1500,1500,1500,1500,1500,1500,1500,1500,1500,1500,1500,1500,1500,1500,1500,1500,8.3
2026-08-17,35:33.4,-1,-222,-310,-289,0,-1024,952,-1,-1,1,-1,-1,-1,-1,-1,-1,-1,-1,-1,0x0000000000000000,1359,1392,1349,1500,2012,988,988,988,988,988,1500,988,1500,1500,1500,1500,1500,1500,1500,1500,1500,1500,1500,1500,1500,1500,1500,1500,1500,1500,1500,1500,8.3
2026-08-17,35:33.5,-28,-199,49,-285,0,-1024,952,-1,-1,1,-1,-1,-1,-1,-1,-1,-1,-1,-1,0x0000000000000000,1361,1403,1524,1487,2012,988,988,988,988,988,1500,988,1500,1500,1500,1500,1500,1500,1500,1500,1500,1500,1500,1500,1500,1500,1500,1500,1500,1500,1500,1500,8.3
2026-08-17,35:33.6,0,-173,386,-229,0,-1024,952,-1,-1,1,-1,-1,-1,-1,-1,-1,-1,-1,-1,0x0000000000000000,1389,1416,1688,1500,2012,988,988,988,988,988,1500,988,1500,1500,1500,1500,1500,1500,1500,1500,1500,1500,1500,1500,1500,1500,1500,1500,1500,1500,1500,1500,8.3
2026-08-17,35:33.7,0,-77,585,-5,0,-1024,952,-1,-1,1,-1,-1,-1,-1,-1,-1,-1,-1,-1,0x0000000000000000,1498,1463,1785,1500,2012,988,988,988,988,988,1500,988,1500,1500,1500,1500,1500,1500,1500,1500,1500,1500,1500,1500,1500,1500,1500,1500,1500,1500,1500,1500,8.3
2026-08-17,35:33.8,0,-12,670,132,0,-1024,952,-1,-1,1,-1,-1,-1,-1,-1,-1,-1,-1,-1,0x0000000000000000,1565,1494,1827,1500,2012,988,988,988,988,988,1500,988,1500,1500,1500,1500,1500,1500,1500,1500,1500,1500,1500,1500,1500,1500,1500,1500,1500,1500,1500,1500,8.3
2026-08-17,35:33.9,0,-3,804,156,0,-1024,952,-1,-1,1,-1,-1,-1,-1,-1,-1,-1,-1,-1,0x0000000000000000,1576,1499,1892,1500,2012,988,988,988,988,988,1500,988,1500,1500,1500,1500,1500,1500,1500,1500,1500,1500,1500,1500,1500,1500,1500,1500,1500,1500,1500,1500,8.3
2026-08-17,35:34.0,0,-28,966,45,0,-1024,951,-1,-1,1,-1,-1,-1,-1,-1,-1,-1,-1,-1,0x0000000000000000,1522,1487,1971,1500,2012,988,988,988,988,988,1500,988,1500,1500,1500,1500,1500,1500,1500,1500,1500,1500,1500,1500,1500,1500,1500,1500,1500,1500,1500,1500,8.3
2026-08-17,35:34.1,0,-99,1023,200,0,-1024,952,-1,-1,1,-1,-1,-1,-1,-1,-1,-1,-1,-1,0x0000000000000000,1598,1452,1999,1500,2012,988,988,988,988,988,1500,988,1500,1500,1500,1500,1500,1500,1500,1500,1500,1500,1500,1500,1500,1500,1500,1500,1500,1500,1500,1500,8.3
2026-08-17,35:34.2,89,-145,1024,509,0,-1024,952,-1,-1,1,-1,-1,-1,-1,-1,-1,-1,-1,-1,0x0000000000000000,1749,1429,2000,1543,2012,988,988,988,988,988,1500,988,1500,1500,1500,1500,1500,1500,1500,1500,1500,1500,1500,1500,1500,1500,1500,1500,1500,1500,1500,1500,8.3
2026-08-17,35:34.3,87,-174,1024,467,0,-1024,952,-1,-1,1,-1,-1,-1,-1,-1,-1,-1,-1,-1,0x0000000000000000,1728,1415,2000,1542,2012,988,988,988,988,988,1500,988,1500,1500,1500,1500,1500,1500,1500,1500,1500,1500,1500,1500,1500,1500,1500,1500,1500,1500,1500,1500,8.3
2026-08-17,35:34.4,63,-215,1024,509,0,-1024,952,-1,-1,1,-1,-1,-1,-1,-1,-1,-1,-1,-1,0x0000000000000000,1749,1395,2000,1531,2012,988,988,988,988,988,1500,988,1500,1500,1500,1500,1500,1500,1500,1500,1500,1500,1500,1500,1500,1500,1500,1500,1500,1500,1500,1500,8.3
2026-08-17,35:34.5,336,-240,888,893,0,-1024,952,-1,-1,1,-1,-1,-1,-1,-1,-1,-1,-1,-1,0x0000000000000000,1936,1383,1933,1664,2012,988,988,988,988,988,1500,988,1500,1500,1500,1500,1500,1500,1500,1500,1500,1500,1500,1500,1500,1500,1500,1500,1500,1500,1500,1500,8.3
2026-08-17,35:34.6,246,-176,885,818,0,-1024,952,-1,-1,1,-1,-1,-1,-1,-1,-1,-1,-1,-1,0x0000000000000000,1899,1414,1932,1620,2012,988,988,988,988,988,1500,988,1500,1500,1500,1500,1500,1500,1500,1500,1500,1500,1500,1500,1500,1500,1500,1500,1500,1500,1500,1500,8.3
2026-08-17,35:34.7,0,-208,764,584,0,-1024,952,-1,-1,1,-1,-1,-1,-1,-1,-1,-1,-1,-1,0x0000000000000000,1785,1399,1873,1500,2012,988,988,988,988,988,1500,988,1500,1500,1500,1500,1500,1500,1500,1500,1500,1500,1500,1500,1500,1500,1500,1500,1500,1500,1500,1500,8.3
2026-08-17,35:34.8,-41,-235,457,443,-1,-1024,952,-1,-1,1,-1,-1,-1,-1,-1,-1,-1,-1,-1,0x0000000000000000,1716,1385,1723,1480,2012,988,988,988,988,988,1500,988,1500,1500,1500,1500,1500,1500,1500,1500,1500,1500,1500,1500,1500,1500,1500,1500,1500,1500,1500,1500,8.3
2026-08-17,35:34.9,-15,-260,401,394,0,-1024,952,-1,-1,1,-1,-1,-1,-1,-1,-1,-1,-1,-1,0x0000000000000000,1692,1373,1696,1493,2012,988,988,988,988,988,1500,988,1500,1500,1500,1500,1500,1500,1500,1500,1500,1500,1500,1500,1500,1500,1500,1500,1500,1500,1500,1500,8.3
2026-08-17,35:35.0,-1,-317,-71,304,0,-1024,952,-1,-1,1,-1,-1,-1,-1,-1,-1,-1,-1,-1,0x0000000000000000,1649,1345,1466,1500,2012,988,988,988,988,988,1500,988,1500,1500,1500,1500,1500,1500,1500,1500,1500,1500,1500,1500,1500,1500,1500,1500,1500,1500,1500,1500,8.3
2026-08-17,35:35.1,40,-345,-692,99,0,-1024,952,-1,-1,1,-1,-1,-1,-1,-1,-1,-1,-1,-1,0x0000000000000000,1549,1332,1162,1519,2012,988,988,988,988,988,1500,988,1500,1500,1500,1500,1500,1500,1500,1500,1500,1500,1500,1500,1500,1500,1500,1500,1500,1500,1500,1500,8.3
2026-08-17,35:35.2,128,-287,-1024,-1,0,-1024,952,-1,-1,1,-1,-1,-1,-1,-1,-1,-1,-1,-1,0x0000000000000000,1500,1360,1000,1562,2012,988,988,988,988,988,1500,988,1500,1500,1500,1500,1500,1500,1500,1500,1500,1500,1500,1500,1500,1500,1500,1500,1500,1500,1500,1500,8.3
2026-08-17,35:35.3,236,-263,-1024,-2,0,-1024,952,-1,-1,1,-1,-1,-1,-1,-1,-1,-1,-1,-1,0x0000000000000000,1500,1372,1000,1615,2012,988,988,988,988,988,1500,988,1500,1500,1500,1500,1500,1500,1500,1500,1500,1500,1500,1500,1500,1500,1500,1500,1500,1500,1500,1500,8.3
2026-08-17,35:35.4,286,-242,-1024,0,0,-1024,952,-1,-1,1,-1,-1,-1,-1,-1,-1,-1,-1,-1,0x0000000000000000,1500,1382,1000,1639,2012,988,988,988,988,988,1500,988,1500,1500,1500,1500,1500,1500,1500,1500,1500,1500,1500,1500,1500,1500,1500,1500,1500,1500,1500,1500,8.3
2026-08-17,35:35.5,394,-154,-1024,-2,0,-1024,952,-1,-1,1,-1,-1,-1,-1,-1,-1,-1,-1,-1,0x0000000000000000,1500,1425,1000,1692,2012,988,988,988,988,988,1500,988,1500,1500,1500,1500,1500,1500,1500,1500,1500,1500,1500,1500,1500,1500,1500,1500,1500,1500,1500,1500,8.3
2026-08-17,35:35.6,374,-73,-997,235,0,-1024,952,-1,-1,1,-1,-1,-1,-1,-1,-1,-1,-1,-1,0x0000000000000000,1615,1465,1013,1682,2012,988,988,988,988,988,1500,988,1500,1500,1500,1500,1500,1500,1500,1500,1500,1500,1500,1500,1500,1500,1500,1500,1500,1500,1500,1500,8.3
2026-08-17,35:35.7,119,-79,-689,351,0,-1024,952,-1,-1,1,-1,-1,-1,-1,-1,-1,-1,-1,-1,0x0000000000000000,1671,1462,1163,1558,2012,988,988,988,988,988,1500,988,1500,1500,1500,1500,1500,1500,1500,1500,1500,1500,1500,1500,1500,1500,1500,1500,1500,1500,1500,1500,8.3
2026-08-17,35:35.8,19,-128,-293,212,0,-1024,952,-1,-1,1,-1,-1,-1,-1,-1,-1,-1,-1,-1,0x0000000000000000,1604,1438,1357,1509,2012,988,988,988,988,988,1500,988,1500,1500,1500,1500,1500,1500,1500,1500,1500,1500,1500,1500,1500,1500,1500,1500,1500,1500,1500,1500,8.3
2026-08-17,35:35.9,31,-196,39,107,0,-1024,952,-1,-1,1,-1,-1,-1,-1,-1,-1,-1,-1,-1,0x0000000000000000,1552,1404,1519,1515,2012,988,988,988,988,988,1500,988,1500,1500,1500,1500,1500,1500,1500,1500,1500,1500,1500,1500,1500,1500,1500,1500,1500,1500,1500,1500,8.3
2026-08-17,35:36.0,69,-214,248,53,0,-1024,952,-1,-1,1,-1,-1,-1,-1,-1,-1,-1,-1,-1,0x0000000000000000,1526,1396,1621,1533,2012,988,988,988,988,988,1500,988,1500,1500,1500,1500,1500,1500,1500,1500,1500,1500,1500,1500,1500,1500,1500,1500,1500,1500,1500,1500,8.3
2026-08-17,35:36.1,34,-219,405,45,0,-1024,952,-1,-1,1,-1,-1,-1,-1,-1,-1,-1,-1,-1,0x0000000000000000,1522,1393,1698,1516,2012,988,988,988,988,988,1500,988,1500,1500,1500,1500,1500,1500,1500,1500,1500,1500,1500,1500,1500,1500,1500,1500,1500,1500,1500,1500,8.3
2026-08-17,35:36.2,35,-144,432,52,0,-1024,952,-1,-1,1,-1,-1,-1,-1,-1,-1,-1,-1,-1,0x0000000000000000,1526,1430,1711,1517,2012,988,988,988,988,988,1500,988,1500,1500,1500,1500,1500,1500,1500,1500,1500,1500,1500,1500,1500,1500,1500,1500,1500,1500,1500,1500,8.3
2026-08-17,35:36.3,88,-6,285,107,0,-1024,952,-1,-1,1,-1,-1,-1,-1,-1,-1,-1,-1,-1,0x0000000000000000,1552,1497,1639,1543,2012,988,988,988,988,988,1500,988,1500,1500,1500,1500,1500,1500,1500,1500,1500,1500,1500,1500,1500,1500,1500,1500,1500,1500,1500,1500,8.3
2026-08-17,35:36.4,77,-33,147,103,0,-1024,952,-1,-1,1,-1,-1,-1,-1,-1,-1,-1,-1,-1,0x0000000000000000,1550,1484,1572,1537,2012,988,988,988,988,988,1500,988,1500,1500,1500,1500,1500,1500,1500,1500,1500,1500,1500,1500,1500,1500,1500,1500,1500,1500,1500,1500,8.3
2026-08-17,35:36.5,123,-176,114,101,0,-1024,952,-1,-1,1,-1,-1,-1,-1,-1,-1,-1,-1,-1,0x0000000000000000,1550,1414,1555,1560,2012,988,988,988,988,988,1500,988,1500,1500,1500,1500,1500,1500,1500,1500,1500,1500,1500,1500,1500,1500,1500,1500,1500,1500,1500,1500,8.3
2026-08-17,35:36.6,70,-179,362,5,0,-1024,952,-1,-1,1,-1,-1,-1,-1,-1,-1,-1,-1,-1,0x0000000000000000,1503,1413,1677,1534,2012,988,988,988,988,988,1500,988,1500,1500,1500,1500,1500,1500,1500,1500,1500,1500,1500,1500,1500,1500,1500,1500,1500,1500,1500,1500,8.3
2026-08-17,35:36.7,0,-56,447,-5,0,-1024,952,-1,-1,1,-1,-1,-1,-1,-1,-1,-1,-1,-1,0x0000000000000000,1498,1473,1718,1500,2012,988,988,988,988,988,1500,988,1500,1500,1500,1500,1500,1500,1500,1500,1500,1500,1500,1500,1500,1500,1500,1500,1500,1500,1500,1500,8.3
2026-08-17,35:36.8,25,15,141,-43,0,-1024,952,-1,-1,1,-1,-1,-1,-1,-1,-1,-1,-1,-1,0x0000000000000000,1480,1507,1569,1512,2012,988,988,988,988,988,1500,988,1500,1500,1500,1500,1500,1500,1500,1500,1500,1500,1500,1500,1500,1500,1500,1500,1500,1500,1500,1500,8.3
2026-08-17,35:36.9,0,24,-309,-133,0,-1024,952,-1,-1,1,-1,-1,-1,-1,-1,-1,-1,-1,-1,0x0000000000000000,1436,1511,1349,1500,2012,988,988,988,988,988,1500,988,1500,1500,1500,1500,1500,1500,1500,1500,1500,1500,1500,1500,1500,1500,1500,1500,1500,1500,1500,1500,8.3
2026-08-17,35:37.0,0,-27,-392,-254,0,-1024,952,-1,-1,1,-1,-1,-1,-1,-1,-1,-1,-1,-1,0x0000000000000000,1376,1487,1309,1500,2012,988,988,988,988,988,1500,988,1500,1500,1500,1500,1500,1500,1500,1500,1500,1500,1500,1500,1500,1500,1500,1500,1500,1500,1500,1500,8.3
2026-08-17,35:37.1,0,-70,-241,-332,0,-1024,952,-1,-1,1,-1,-1,-1,-1,-1,-1,-1,-1,-1,0x0000000000000000,1338,1466,1382,1500,2012,988,988,988,988,988,1500,988,1500,1500,1500,1500,1500,1500,1500,1500,1500,1500,1500,1500,1500,1500,1500,1500,1500,1500,1500,1500,8.3
2026-08-17,35:37.2,15,-51,124,-58,0,-1024,952,-1,-1,1,-1,-1,-1,-1,-1,-1,-1,-1,-1,0x0000000000000000,1472,1475,1560,1507,2012,988,988,988,988,988,1500,988,1500,1500,1500,1500,1500,1500,1500,1500,1500,1500,1500,1500,1500,1500,1500,1500,1500,1500,1500,1500,8.3
2026-08-17,35:37.3,137,-49,366,0,0,-1024,952,-1,-1,1,-1,-1,-1,-1,-1,-1,-1,-1,-1,0x0000000000000000,1500,1476,1678,1567,2012,988,988,988,988,988,1500,988,1500,1500,1500,1500,1500,1500,1500,1500,1500,1500,1500,1500,1500,1500,1500,1500,1500,1500,1500,1500,8.3
2026-08-17,35:37.4,36,-84,456,1,0,-1024,952,-1,-1,1,-1,-1,-1,-1,-1,-1,-1,-1,-1,0x0000000000000000,1501,1459,1722,1517,2012,988,988,988,988,988,1500,988,1500,1500,1500,1500,1500,1500,1500,1500,1500,1500,1500,1500,1500,1500,1500,1500,1500,1500,1500,1500,8.3
2026-08-17,35:37.5,1,-49,461,-2,0,-1024,952,-1,-1,1,-1,-1,-1,-1,-1,-1,-1,-1,-1,0x0000000000000000,1500,1476,1725,1500,2012,988,988,988,988,988,1500,988,1500,1500,1500,1500,1500,1500,1500,1500,1500,1500,1500,1500,1500,1500,1500,1500,1500,1500,1500,1500,8.3
2026-08-17,35:37.6,0,-34,357,-42,0,-1024,952,-1,-1,1,-1,-1,-1,-1,-1,-1,-1,-1,-1,0x0000000000000000,1480,1484,1674,1500,2012,988,988,988,988,988,1500,988,1500,1500,1500,1500,1500,1500,1500,1500,1500,1500,1500,1500,1500,1500,1500,1500,1500,1500,1500,1500,8.3
2026-08-17,35:37.7,0,-16,352,-140,0,-1024,952,-1,-1,1,-1,-1,-1,-1,-1,-1,-1,-1,-1,0x0000000000000000,1432,1492,1672,1500,2012,988,988,988,988,988,1500,988,1500,1500,1500,1500,1500,1500,1500,1500,1500,1500,1500,1500,1500,1500,1500,1500,1500,1500,1500,1500,8.3
2026-08-17,35:37.8,-4,-3,272,-208,0,-1024,952,-1,-1,1,-1,-1,-1,-1,-1,-1,-1,-1,-1,0x0000000000000000,1399,1499,1633,1498,2012,988,988,988,988,988,1500,988,1500,1500,1500,1500,1500,1500,1500,1500,1500,1500,1500,1500,1500,1500,1500,1500,1500,1500,1500,1500,8.3
2026-08-17,35:37.9,-1,13,-21,-146,-1,-1024,952,-1,-1,1,-1,-1,-1,-1,-1,-1,-1,-1,-1,0x0000000000000000,1429,1506,1490,1500,2012,988,988,988,988,988,1500,988,1500,1500,1500,1500,1500,1500,1500,1500,1500,1500,1500,1500,1500,1500,1500,1500,1500,1500,1500,1500,8.3
2026-08-17,35:38.0,0,18,-41,-118,0,-1024,952,-1,-1,1,-1,-1,-1,-1,-1,-1,-1,-1,-1,0x0000000000000000,1443,1509,1480,1500,2012,988,988,988,988,988,1500,988,1500,1500,1500,1500,1500,1500,1500,1500,1500,1500,1500,1500,1500,1500,1500,1500,1500,1500,1500,1500,8.3
2026-08-17,35:38.1,0,-1,158,-33,0,-1024,952,-1,-1,1,-1,-1,-1,-1,-1,-1,-1,-1,-1,0x0000000000000000,1485,1500,1577,1500,2012,988,988,988,988,988,1500,988,1500,1500,1500,1500,1500,1500,1500,1500,1500,1500,1500,1500,1500,1500,1500,1500,1500,1500,1500,1500,8.3
2026-08-17,35:38.2,0,-2,353,-5,0,-1024,952,-1,-1,1,-1,-1,-1,-1,-1,-1,-1,-1,-1,0x0000000000000000,1498,1499,1672,1500,2012,988,988,988,988,988,1500,988,1500,1500,1500,1500,1500,1500,1500,1500,1500,1500,1500,1500,1500,1500,1500,1500,1500,1500,1500,1500,8.3
2026-08-17,35:38.3,0,-2,497,0,0,-1024,952,-1,-1,1,-1,-1,-1,-1,-1,-1,-1,-1,-1,0x0000000000000000,1500,1499,1742,1500,2012,988,988,988,988,988,1500,988,1500,1500,1500,1500,1500,1500,1500,1500,1500,1500,1500,1500,1500,1500,1500,1500,1500,1500,1500,1500,8.3
2026-08-17,35:38.4,0,0,589,9,0,-1024,952,-1,-1,1,-1,-1,-1,-1,-1,-1,-1,-1,-1,0x0000000000000000,1505,1500,1787,1500,2012,988,988,988,988,988,1500,988,1500,1500,1500,1500,1500,1500,1500,1500,1500,1500,1500,1500,1500,1500,1500,1500,1500,1500,1500,1500,8.3
2026-08-17,35:38.5,0,0,634,28,0,-1024,952,-1,-1,1,-1,-1,-1,-1,-1,-1,-1,-1,-1,0x0000000000000000,1514,1500,1809,1500,2012,988,988,988,988,988,1500,988,1500,1500,1500,1500,1500,1500,1500,1500,1500,1500,1500,1500,1500,1500,1500,1500,1500,1500,1500,1500,8.3
2026-08-17,35:38.6,0,1,658,51,0,-1024,952,-1,-1,1,-1,-1,-1,-1,-1,-1,-1,-1,-1,0x0000000000000000,1525,1500,1821,1500,2012,988,988,988,988,988,1500,988,1500,1500,1500,1500,1500,1500,1500,1500,1500,1500,1500,1500,1500,1500,1500,1500,1500,1500,1500,1500,8.3
2026-08-17,35:38.7,0,10,667,71,0,-1024,952,-1,-1,1,-1,-1,-1,-1,-1,-1,-1,-1,-1,0x0000000000000000,1535,1505,1825,1500,2012,988,988,988,988,988,1500,988,1500,1500,1500,1500,1500,1500,1500,1500,1500,1500,1500,1500,1500,1500,1500,1500,1500,1500,1500,1500,8.3
2026-08-17,35:38.8,0,44,638,96,-1,-1024,952,-1,-1,1,-1,-1,-1,-1,-1,-1,-1,-1,-1,0x0000000000000000,1547,1521,1811,1500,2012,988,988,988,988,988,1500,988,1500,1500,1500,1500,1500,1500,1500,1500,1500,1500,1500,1500,1500,1500,1500,1500,1500,1500,1500,1500,8.3
2026-08-17,35:38.9,8,81,578,61,0,-1024,952,-1,-1,1,-1,-1,-1,-1,-1,-1,-1,-1,-1,0x0000000000000000,1530,1539,1782,1504,2012,988,988,988,988,988,1500,988,1500,1500,1500,1500,1500,1500,1500,1500,1500,1500,1500,1500,1500,1500,1500,1500,1500,1500,1500,1500,8.3
2026-08-17,35:39.0,36,89,565,55,0,-1024,952,-1,-1,1,-1,-1,-1,-1,-1,-1,-1,-1,-1,0x0000000000000000,1527,1543,1776,1517,2012,988,988,988,988,988,1500,988,1500,1500,1500,1500,1500,1500,1500,1500,1500,1500,1500,1500,1500,1500,1500,1500,1500,1500,1500,1500,8.3
2026-08-17,35:39.1,22,64,586,51,0,-1024,952,-1,-1,1,-1,-1,-1,-1,-1,-1,-1,-1,-1,0x0000000000000000,1525,1531,1786,1510,2012,988,988,988,988,988,1500,988,1500,1500,1500,1500,1500,1500,1500,1500,1500,1500,1500,1500,1500,1500,1500,1500,1500,1500,1500,1500,8.3
2026-08-17,35:39.2,21,19,589,5,0,-1024,952,-1,-1,1,-1,-1,-1,-1,-1,-1,-1,-1,-1,0x0000000000000000,1503,1509,1787,1510,2012,988,988,988,988,988,1500,988,1500,1500,1500,1500,1500,1500,1500,1500,1500,1500,1500,1500,1500,1500,1500,1500,1500,1500,1500,1500,8.3
2026-08-17,35:39.3,8,0,547,20,0,-1024,952,-1,-1,1,-1,-1,-1,-1,-1,-1,-1,-1,-1,0x0000000000000000,1510,1500,1767,1504,2012,988,988,988,988,988,1500,988,1500,1500,1500,1500,1500,1500,1500,1500,1500,1500,1500,1500,1500,1500,1500,1500,1500,1500,1500,1500,8.3
2026-08-17,35:39.4,2,0,447,64,0,-1024,952,-1,-1,1,-1,-1,-1,-1,-1,-1,-1,-1,-1,0x0000000000000000,1531,1500,1718,1501,2012,988,988,988,988,988,1500,988,1500,1500,1500,1500,1500,1500,1500,1500,1500,1500,1500,1500,1500,1500,1500,1500,1500,1500,1500,1500,8.3
2026-08-17,35:39.5,0,1,263,107,0,-1024,952,-1,-1,1,-1,-1,-1,-1,-1,-1,-1,-1,-1,0x0000000000000000,1552,1500,1628,1500,2012,988,988,988,988,988,1500,988,1500,1500,1500,1500,1500,1500,1500,1500,1500,1500,1500,1500,1500,1500,1500,1500,1500,1500,1500,1500,8.3
2026-08-17,35:39.6,19,1,-228,273,0,-1024,952,-1,-1,1,-1,-1,-1,-1,-1,-1,-1,-1,-1,0x0000000000000000,1633,1500,1389,1509,2012,988,988,988,988,988,1500,988,1500,1500,1500,1500,1500,1500,1500,1500,1500,1500,1500,1500,1500,1500,1500,1500,1500,1500,1500,1500,8.3
2026-08-17,35:39.7,39,-2,-921,605,0,-1024,952,-1,-1,1,-1,-1,-1,-1,-1,-1,-1,-1,-1,0x0000000000000000,1795,1499,1050,1519,2012,988,988,988,988,988,1500,988,1500,1500,1500,1500,1500,1500,1500,1500,1500,1500,1500,1500,1500,1500,1500,1500,1500,1500,1500,1500,8.3
2026-08-17,35:39.8,0,-36,-1024,688,0,-1024,952,-1,-1,1,-1,-1,-1,-1,-1,-1,-1,-1,-1,0x0000000000000000,1836,1483,1000,1500,2012,988,988,988,988,988,1500,988,1500,1500,1500,1500,1500,1500,1500,1500,1500,1500,1500,1500,1500,1500,1500,1500,1500,1500,1500,1500,8.3
2026-08-17,35:39.9,0,-36,-1024,644,0,-1024,952,-1,-1,1,-1,-1,-1,-1,-1,-1,-1,-1,-1,0x0000000000000000,1814,1483,1000,1500,2012,988,988,988,988,988,1500,988,1500,1500,1500,1500,1500,1500,1500,1500,1500,1500,1500,1500,1500,1500,1500,1500,1500,1500,1500,1500,8.3
2026-08-17,35:40.0,0,-56,-1024,645,0,-1024,952,-1,-1,1,-1,-1,-1,-1,-1,-1,-1,-1,-1,0x0000000000000000,1815,1473,1000,1500,2012,988,988,988,988,988,1500,988,1500,1500,1500,1500,1500,1500,1500,1500,1500,1500,1500,1500,1500,1500,1500,1500,1500,1500,1500,1500,8.3
2026-08-17,35:40.1,46,-73,-1024,615,0,-1024,952,-1,-1,1,-1,-1,-1,-1,-1,-1,-1,-1,-1,0x0000000000000000,1800,1465,1000,1522,2012,988,988,988,988,988,1500,988,1500,1500,1500,1500,1500,1500,1500,1500,1500,1500,1500,1500,1500,1500,1500,1500,1500,1500,1500,1500,8.3
2026-08-17,35:40.2,133,-116,-1024,557,0,-1024,952,-1,-1,1,-1,-1,-1,-1,-1,-1,-1,-1,-1,0x0000000000000000,1772,1444,1000,1565,2012,988,988,988,988,988,1500,988,1500,1500,1500,1500,1500,1500,1500,1500,1500,1500,1500,1500,1500,1500,1500,1500,1500,1500,1500,1500,8.3
2026-08-17,35:40.3,179,-145,-998,469,0,-1024,952,-1,-1,1,-1,-1,-1,-1,-1,-1,-1,-1,-1,0x0000000000000000,1729,1429,1012,1587,2012,988,988,988,988,988,1500,988,1500,1500,1500,1500,1500,1500,1500,1500,1500,1500,1500,1500,1500,1500,1500,1500,1500,1500,1500,1500,8.3
2026-08-17,35:40.4,197,-152,-751,380,0,-1024,952,-1,-1,1,-1,-1,-1,-1,-1,-1,-1,-1,-1,0x0000000000000000,1686,1426,1133,1596,2012,988,988,988,988,988,1500,988,1500,1500,1500,1500,1500,1500,1500,1500,1500,1500,1500,1500,1500,1500,1500,1500,1500,1500,1500,1500,8.3
2026-08-17,35:40.5,184,-213,-507,255,0,-1024,952,-1,-1,1,-1,-1,-1,-1,-1,-1,-1,-1,-1,0x0000000000000000,1625,1396,1252,1590,2012,988,988,988,988,988,1500,988,1500,1500,1500,1500,1500,1500,1500,1500,1500,1500,1500,1500,1500,1500,1500,1500,1500,1500,1500,1500,8.3
2026-08-17,35:40.6,227,-331,-314,177,0,-1024,952,-1,-1,1,-1,-1,-1,-1,-1,-1,-1,-1,-1,0x0000000000000000,1587,1338,1347,1611,2012,988,988,988,988,988,1500,988,1500,1500,1500,1500,1500,1500,1500,1500,1500,1500,1500,1500,1500,1500,1500,1500,1500,1500,1500,1500,8.3
2026-08-17,35:40.7,203,-339,-90,174,0,-1024,952,-1,-1,1,-1,-1,-1,-1,-1,-1,-1,-1,-1,0x0000000000000000,1585,1335,1456,1599,2012,988,988,988,988,988,1500,988,1500,1500,1500,1500,1500,1500,1500,1500,1500,1500,1500,1500,1500,1500,1500,1500,1500,1500,1500,1500,8.3
2026-08-17,35:40.8,50,-321,42,209,0,-1024,952,-1,-1,1,-1,-1,-1,-1,-1,-1,-1,-1,-1,0x0000000000000000,1602,1343,1520,1524,2012,988,988,988,988,988,1500,988,1500,1500,1500,1500,1500,1500,1500,1500,1500,1500,1500,1500,1500,1500,1500,1500,1500,1500,1500,1500,8.3
2026-08-17,35:40.9,1,-269,66,215,0,-1024,952,-1,-1,1,-1,-1,-1,-1,-1,-1,-1,-1,-1,0x0000000000000000,1605,1369,1532,1500,2012,988,988,988,988,988,1500,988,1500,1500,1500,1500,1500,1500,1500,1500,1500,1500,1500,1500,1500,1500,1500,1500,1500,1500,1500,1500,8.3
2026-08-17,35:41.0,79,-266,-271,306,0,-1024,952,-1,-1,1,-1,-1,-1,-1,-1,-1,-1,-1,-1,0x0000000000000000,1650,1370,1368,1538,2012,988,988,988,988,988,1500,988,1500,1500,1500,1500,1500,1500,1500,1500,1500,1500,1500,1500,1500,1500,1500,1500,1500,1500,1500,1500,8.3
2026-08-17,35:41.1,68,-218,-392,301,0,-1024,952,-1,-1,1,-1,-1,-1,-1,-1,-1,-1,-1,-1,0x0000000000000000,1647,1394,1309,1533,2012,988,988,988,988,988,1500,988,1500,1500,1500,1500,1500,1500,1500,1500,1500,1500,1500,1500,1500,1500,1500,1500,1500,1500,1500,1500,8.3
2026-08-17,35:41.2,31,-180,-406,209,0,-1024,952,-1,-1,1,-1,-1,-1,-1,-1,-1,-1,-1,-1,0x0000000000000000,1602,1412,1302,1515,2012,988,988,988,988,988,1500,988,1500,1500,1500,1500,1500,1500,1500,1500,1500,1500,1500,1500,1500,1500,1500,1500,1500,1500,1500,1500,8.3
2026-08-17,35:41.3,4,-280,89,87,0,-1024,952,-1,-1,1,-1,-1,-1,-1,-1,-1,-1,-1,-1,0x0000000000000000,1543,1363,1543,1502,2012,988,988,988,988,988,1500,988,1500,1500,1500,1500,1500,1500,1500,1500,1500,1500,1500,1500,1500,1500,1500,1500,1500,1500,1500,1500,8.3
2026-08-17,35:41.4,0,-334,258,0,0,-1024,952,-1,-1,1,-1,-1,-1,-1,-1,-1,-1,-1,-1,0x0000000000000000,1500,1337,1626,1500,2012,988,988,988,988,988,1500,988,1500,1500,1500,1500,1500,1500,1500,1500,1500,1500,1500,1500,1500,1500,1500,1500,1500,1500,1500,1500,8.3
2026-08-17,35:41.5,0,-242,412,-5,0,-1024,952,-1,-1,1,-1,-1,-1,-1,-1,-1,-1,-1,-1,0x0000000000000000,1498,1382,1701,1500,2012,988,988,988,988,988,1500,988,1500,1500,1500,1500,1500,1500,1500,1500,1500,1500,1500,1500,1500,1500,1500,1500,1500,1500,1500,1500,8.3
2026-08-17,35:41.6,0,-187,401,-5,0,-1024,952,-1,-1,1,-1,-1,-1,-1,-1,-1,-1,-1,-1,0x0000000000000000,1498,1409,1696,1500,2012,988,988,988,988,988,1500,988,1500,1500,1500,1500,1500,1500,1500,1500,1500,1500,1500,1500,1500,1500,1500,1500,1500,1500,1500,1500,8.3
2026-08-17,35:41.7,0,-176,405,-5,0,-1024,952,-1,-1,1,-1,-1,-1,-1,-1,-1,-1,-1,-1,0x0000000000000000,1498,1414,1698,1500,2012,988,988,988,988,988,1500,988,1500,1500,1500,1500,1500,1500,1500,1500,1500,1500,1500,1500,1500,1500,1500,1500,1500,1500,1500,1500,8.3
2026-08-17,35:41.8,0,-138,142,0,0,-1024,952,-1,-1,1,-1,-1,-1,-1,-1,-1,-1,-1,-1,0x0000000000000000,1500,1433,1569,1500,2012,988,988,988,988,988,1500,988,1500,1500,1500,1500,1500,1500,1500,1500,1500,1500,1500,1500,1500,1500,1500,1500,1500,1500,1500,1500,8.3
2026-08-17,35:41.9,-48,-125,-97,-5,0,-1024,952,-1,-1,1,-1,-1,-1,-1,-1,-1,-1,-1,-1,0x0000000000000000,1498,1439,1453,1477,2012,988,988,988,988,988,1500,988,1500,1500,1500,1500,1500,1500,1500,1500,1500,1500,1500,1500,1500,1500,1500,1500,1500,1500,1500,1500,8.3
2026-08-17,35:42.0,-90,-91,-269,-208,0,-1024,952,-1,-1,1,-1,-1,-1,-1,-1,-1,-1,-1,-1,0x0000000000000000,1399,1456,1369,1456,2012,988,988,988,988,988,1500,988,1500,1500,1500,1500,1500,1500,1500,1500,1500,1500,1500,1500,1500,1500,1500,1500,1500,1500,1500,1500,8.3
2026-08-17,35:42.1,-66,-58,-306,-245,0,-1024,952,-1,-1,1,-1,-1,-1,-1,-1,-1,-1,-1,-1,0x0000000000000000,1381,1472,1351,1468,2012,988,988,988,988,988,1500,988,1500,1500,1500,1500,1500,1500,1500,1500,1500,1500,1500,1500,1500,1500,1500,1500,1500,1500,1500,1500,8.3
2026-08-17,35:42.2,-96,-56,-5,-257,0,-1024,952,-1,-1,1,-1,-1,-1,-1,-1,-1,-1,-1,-1,0x0000000000000000,1375,1473,1498,1453,2012,988,988,988,988,988,1500,988,1500,1500,1500,1500,1500,1500,1500,1500,1500,1500,1500,1500,1500,1500,1500,1500,1500,1500,1500,1500,8.3
2026-08-17,35:42.3,-69,-161,263,-156,0,-1024,952,-1,-1,1,-1,-1,-1,-1,-1,-1,-1,-1,-1,0x0000000000000000,1424,1422,1628,1467,2012,988,988,988,988,988,1500,988,1500,1500,1500,1500,1500,1500,1500,1500,1500,1500,1500,1500,1500,1500,1500,1500,1500,1500,1500,1500,8.3
2026-08-17,35:42.4,-79,-118,331,-104,0,-1024,952,-1,-1,1,-1,-1,-1,-1,-1,-1,-1,-1,-1,0x0000000000000000,1450,1443,1661,1462,2012,988,988,988,988,988,1500,988,1500,1500,1500,1500,1500,1500,1500,1500,1500,1500,1500,1500,1500,1500,1500,1500,1500,1500,1500,1500,8.3
2026-08-17,35:42.5,-29,-10,169,-181,0,-1024,952,-1,-1,1,-1,-1,-1,-1,-1,-1,-1,-1,-1,0x0000000000000000,1412,1495,1582,1486,2012,988,988,988,988,988,1500,988,1500,1500,1500,1500,1500,1500,1500,1500,1500,1500,1500,1500,1500,1500,1500,1500,1500,1500,1500,1500,8.3
2026-08-17,35:42.6,-116,44,-185,-289,0,-1024,952,-1,-1,1,-1,-1,-1,-1,-1,-1,-1,-1,-1,0x0000000000000000,1359,1521,1410,1444,2012,988,988,988,988,988,1500,988,1500,1500,1500,1500,1500,1500,1500,1500,1500,1500,1500,1500,1500,1500,1500,1500,1500,1500,1500,1500,8.3
2026-08-17,35:42.7,0,4,-23,-201,0,-1024,952,-1,-1,1,-1,-1,-1,-1,-1,-1,-1,-1,-1,0x0000000000000000,1402,1502,1489,1500,2012,988,988,988,988,988,1500,988,1500,1500,1500,1500,1500,1500,1500,1500,1500,1500,1500,1500,1500,1500,1500,1500,1500,1500,1500,1500,8.3
2026-08-17,35:42.8,0,-3,-4,30,0,-1024,952,-1,-1,1,-1,-1,-1,-1,-1,-1,-1,-1,-1,0x0000000000000000,1515,1499,1498,1500,2012,988,988,988,988,988,1500,988,1500,1500,1500,1500,1500,1500,1500,1500,1500,1500,1500,1500,1500,1500,1500,1500,1500,1500,1500,1500,8.3
2026-08-17,35:42.9,0,136,-457,269,-1,-1024,952,-1,-1,1,-1,-1,-1,-1,-1,-1,-1,-1,-1,0x0000000000000000,1631,1566,1277,1500,2012,988,988,988,988,988,1500,988,1500,1500,1500,1500,1500,1500,1500,1500,1500,1500,1500,1500,1500,1500,1500,1500,1500,1500,1500,1500,8.3
2026-08-17,35:43.0,0,140,-492,288,0,-1024,952,-1,-1,1,-1,-1,-1,-1,-1,-1,-1,-1,-1,0x0000000000000000,1641,1568,1260,1500,2012,988,988,988,988,988,1500,988,1500,1500,1500,1500,1500,1500,1500,1500,1500,1500,1500,1500,1500,1500,1500,1500,1500,1500,1500,1500,8.3
2026-08-17,35:43.1,3,100,-526,207,0,-1024,952,-1,-1,1,-1,-1,-1,-1,-1,-1,-1,-1,-1,0x0000000000000000,1601,1549,1243,1501,2012,988,988,988,988,988,1500,988,1500,1500,1500,1500,1500,1500,1500,1500,1500,1500,1500,1500,1500,1500,1500,1500,1500,1500,1500,1500,8.3
2026-08-17,35:43.2,38,23,-575,139,0,-1024,952,-1,-1,1,-1,-1,-1,-1,-1,-1,-1,-1,-1,0x0000000000000000,1568,1511,1219,1518,2012,988,988,988,988,988,1500,988,1500,1500,1500,1500,1500,1500,1500,1500,1500,1500,1500,1500,1500,1500,1500,1500,1500,1500,1500,1500,8.3
2026-08-17,35:43.3,64,2,-194,42,0,-1024,952,-1,-1,1,-1,-1,-1,-1,-1,-1,-1,-1,-1,0x0000000000000000,1521,1501,1405,1531,2012,988,988,988,988,988,1500,988,1500,1500,1500,1500,1500,1500,1500,1500,1500,1500,1500,1500,1500,1500,1500,1500,1500,1500,1500,1500,8.3
2026-08-17,35:43.4,1,11,-6,0,0,-1024,952,-1,-1,1,-1,-1,-1,-1,-1,-1,-1,-1,-1,0x0000000000000000,1500,1505,1497,1500,2012,988,988,988,988,988,1500,988,1500,1500,1500,1500,1500,1500,1500,1500,1500,1500,1500,1500,1500,1500,1500,1500,1500,1500,1500,1500,8.3
2026-08-17,35:43.5,0,185,-340,-5,0,-1024,952,-1,-1,1,-1,-1,-1,-1,-1,-1,-1,-1,-1,0x0000000000000000,1498,1590,1334,1500,2012,988,988,988,988,988,1500,988,1500,1500,1500,1500,1500,1500,1500,1500,1500,1500,1500,1500,1500,1500,1500,1500,1500,1500,1500,1500,8.3
2026-08-17,35:43.6,0,173,-453,-11,0,-1024,952,-1,-1,1,-1,-1,-1,-1,-1,-1,-1,-1,-1,0x0000000000000000,1495,1584,1279,1500,2012,988,988,988,988,988,1500,988,1500,1500,1500,1500,1500,1500,1500,1500,1500,1500,1500,1500,1500,1500,1500,1500,1500,1500,1500,1500,8.3
2026-08-17,35:43.7,0,36,-182,-14,0,-1024,952,-1,-1,1,-1,-1,-1,-1,-1,-1,-1,-1,-1,0x0000000000000000,1494,1517,1411,1500,2012,988,988,988,988,988,1500,988,1500,1500,1500,1500,1500,1500,1500,1500,1500,1500,1500,1500,1500,1500,1500,1500,1500,1500,1500,1500,8.3
2026-08-17,35:43.8,0,-30,-32,-11,0,-1024,952,-1,-1,1,-1,-1,-1,-1,-1,-1,-1,-1,-1,0x0000000000000000,1495,1486,1485,1500,2012,988,988,988,988,988,1500,988,1500,1500,1500,1500,1500,1500,1500,1500,1500,1500,1500,1500,1500,1500,1500,1500,1500,1500,1500,1500,8.3
2026-08-17,35:43.9,0,-16,-87,-11,0,-1024,952,-1,-1,1,-1,-1,-1,-1,-1,-1,-1,-1,-1,0x0000000000000000,1495,1492,1458,1500,2012,988,988,988,988,988,1500,988,1500,1500,1500,1500,1500,1500,1500,1500,1500,1500,1500,1500,1500,1500,1500,1500,1500,1500,1500,1500,8.3
2026-08-17,35:44.0,0,-5,-367,-7,0,-1024,952,-1,-1,1,-1,-1,-1,-1,-1,-1,-1,-1,-1,0x0000000000000000,1497,1498,1321,1500,2012,988,988,988,988,988,1500,988,1500,1500,1500,1500,1500,1500,1500,1500,1500,1500,1500,1500,1500,1500,1500,1500,1500,1500,1500,1500,8.3
2026-08-17,35:44.1,-13,-26,-160,-123,0,-1024,952,-1,-1,1,-1,-1,-1,-1,-1,-1,-1,-1,-1,0x0000000000000000,1441,1488,1422,1494,2012,988,988,988,988,988,1500,988,1500,1500,1500,1500,1500,1500,1500,1500,1500,1500,1500,1500,1500,1500,1500,1500,1500,1500,1500,1500,8.3
2026-08-17,35:44.2,-67,-14,-238,-207,0,-1024,952,-1,-1,1,-1,-1,-1,-1,-1,-1,-1,-1,-1,0x0000000000000000,1399,1493,1384,1468,2012,988,988,988,988,988,1500,988,1500,1500,1500,1500,1500,1500,1500,1500,1500,1500,1500,1500,1500,1500,1500,1500,1500,1500,1500,1500,8.3
2026-08-17,35:44.3,-3,-2,-297,-26,0,-1024,952,-1,-1,1,-1,-1,-1,-1,-1,-1,-1,-1,-1,0x0000000000000000,1488,1499,1355,1499,2012,988,988,988,988,988,1500,988,1500,1500,1500,1500,1500,1500,1500,1500,1500,1500,1500,1500,1500,1500,1500,1500,1500,1500,1500,1500,8.3
2026-08-17,35:44.4,0,-1,-9,-5,0,-1024,952,-1,-1,1,-1,-1,-1,-1,-1,-1,-1,-1,-1,0x0000000000000000,1498,1500,1496,1500,2012,988,988,988,988,988,1500,988,1500,1500,1500,1500,1500,1500,1500,1500,1500,1500,1500,1500,1500,1500,1500,1500,1500,1500,1500,1500,8.3
2026-08-17,35:44.5,0,-53,82,-4,0,-1024,952,-1,-1,1,-1,-1,-1,-1,-1,-1,-1,-1,-1,0x0000000000000000,1499,1474,1540,1500,2012,988,988,988,988,988,1500,988,1500,1500,1500,1500,1500,1500,1500,1500,1500,1500,1500,1500,1500,1500,1500,1500,1500,1500,1500,1500,8.3
2026-08-17,35:44.6,0,-65,-38,-3,0,-1024,952,-1,-1,1,-1,-1,-1,-1,-1,-1,-1,-1,-1,0x0000000000000000,1499,1468,1482,1500,2012,988,988,988,988,988,1500,988,1500,1500,1500,1500,1500,1500,1500,1500,1500,1500,1500,1500,1500,1500,1500,1500,1500,1500,1500,1500,8.3
2026-08-17,35:44.7,0,-36,-17,-78,0,-1024,952,-1,-1,1,-1,-1,-1,-1,-1,-1,-1,-1,-1,0x0000000000000000,1463,1483,1492,1500,2012,988,988,988,988,988,1500,988,1500,1500,1500,1500,1500,1500,1500,1500,1500,1500,1500,1500,1500,1500,1500,1500,1500,1500,1500,1500,8.3
2026-08-17,35:44.8,0,-7,55,-75,0,-1024,952,-1,-1,1,-1,-1,-1,-1,-1,-1,-1,-1,-1,0x0000000000000000,1464,1497,1527,1500,2012,988,988,988,988,988,1500,988,1500,1500,1500,1500,1500,1500,1500,1500,1500,1500,1500,1500,1500,1500,1500,1500,1500,1500,1500,1500,8.3
2026-08-17,35:44.9,-3,53,-323,-69,0,-1024,952,-1,-1,1,-1,-1,-1,-1,-1,-1,-1,-1,-1,0x0000000000000000,1467,1526,1342,1499,2012,988,988,988,988,988,1500,988,1500,1500,1500,1500,1500,1500,1500,1500,1500,1500,1500,1500,1500,1500,1500,1500,1500,1500,1500,1500,8.3
2026-08-17,35:45.0,0,97,-263,-80,0,-1024,952,-1,-1,1,-1,-1,-1,-1,-1,-1,-1,-1,-1,0x0000000000000000,1462,1547,1372,1500,2012,988,988,988,988,988,1500,988,1500,1500,1500,1500,1500,1500,1500,1500,1500,1500,1500,1500,1500,1500,1500,1500,1500,1500,1500,1500,8.3
2026-08-17,35:45.1,0,3,-53,-74,0,-1024,952,-1,-1,1,-1,-1,-1,-1,-1,-1,-1,-1,-1,0x0000000000000000,1465,1501,1474,1500,2012,988,988,988,988,988,1500,988,1500,1500,1500,1500,1500,1500,1500,1500,1500,1500,1500,1500,1500,1500,1500,1500,1500,1500,1500,1500,8.3
2026-08-17,35:45.2,0,-6,50,-38,0,-1024,952,-1,-1,1,-1,-1,-1,-1,-1,-1,-1,-1,-1,0x0000000000000000,1482,1497,1524,1500,2012,988,988,988,988,988,1500,988,1500,1500,1500,1500,1500,1500,1500,1500,1500,1500,1500,1500,1500,1500,1500,1500,1500,1500,1500,1500,8.3
2026-08-17,35:45.3,0,-33,88,-5,0,-1024,952,-1,-1,1,-1,-1,-1,-1,-1,-1,-1,-1,-1,0x0000000000000000,1498,1484,1543,1500,2012,988,988,988,988,988,1500,988,1500,1500,1500,1500,1500,1500,1500,1500,1500,1500,1500,1500,1500,1500,1500,1500,1500,1500,1500,1500,8.3
2026-08-17,35:45.4,0,-48,188,-2,0,-1024,952,-1,-1,1,-1,-1,-1,-1,-1,-1,-1,-1,-1,0x0000000000000000,1500,1477,1592,1500,2012,988,988,988,988,988,1500,988,1500,1500,1500,1500,1500,1500,1500,1500,1500,1500,1500,1500,1500,1500,1500,1500,1500,1500,1500,1500,8.3
2026-08-17,35:45.5,0,-6,8,40,0,-1024,952,-1,-1,1,-1,-1,-1,-1,-1,-1,-1,-1,-1,0x0000000000000000,1520,1497,1504,1500,2012,988,988,988,988,988,1500,988,1500,1500,1500,1500,1500,1500,1500,1500,1500,1500,1500,1500,1500,1500,1500,1500,1500,1500,1500,1500,8.3
2026-08-17,35:45.6,0,-1,-183,119,0,-1024,952,-1,-1,1,-1,-1,-1,-1,-1,-1,-1,-1,-1,0x0000000000000000,1558,1500,1411,1500,2012,988,988,988,988,988,1500,988,1500,1500,1500,1500,1500,1500,1500,1500,1500,1500,1500,1500,1500,1500,1500,1500,1500,1500,1500,1500,8.3
2026-08-17,35:45.7,0,-1,-187,118,0,-1024,952,-1,-1,1,-1,-1,-1,-1,-1,-1,-1,-1,-1,0x0000000000000000,1558,1500,1409,1500,2012,988,988,988,988,988,1500,988,1500,1500,1500,1500,1500,1500,1500,1500,1500,1500,1500,1500,1500,1500,1500,1500,1500,1500,1500,1500,8.3
2026-08-17,35:45.8,0,-4,102,108,0,-1024,952,-1,-1,1,-1,-1,-1,-1,-1,-1,-1,-1,-1,0x0000000000000000,1553,1498,1550,1500,2012,988,988,988,988,988,1500,988,1500,1500,1500,1500,1500,1500,1500,1500,1500,1500,1500,1500,1500,1500,1500,1500,1500,1500,1500,1500,8.3
2026-08-17,35:45.9,0,-4,61,141,0,-1024,952,-1,-1,1,-1,-1,-1,-1,-1,-1,-1,-1,-1,0x0000000000000000,1569,1498,1530,1500,2012,988,988,988,988,988,1500,988,1500,1500,1500,1500,1500,1500,1500,1500,1500,1500,1500,1500,1500,1500,1500,1500,1500,1500,1500,1500,8.3
2026-08-17,35:46.0,0,0,-135,139,0,-1024,952,-1,-1,1,-1,-1,-1,-1,-1,-1,-1,-1,-1,0x0000000000000000,1568,1500,1434,1500,2012,988,988,988,988,988,1500,988,1500,1500,1500,1500,1500,1500,1500,1500,1500,1500,1500,1500,1500,1500,1500,1500,1500,1500,1500,1500,8.3
2026-08-17,35:46.1,-17,-1,-304,-3,0,-1024,952,-1,-1,1,-1,-1,-1,-1,-1,-1,-1,-1,-1,0x0000000000000000,1499,1500,1352,1492,2012,988,988,988,988,988,1500,988,1500,1500,1500,1500,1500,1500,1500,1500,1500,1500,1500,1500,1500,1500,1500,1500,1500,1500,1500,1500,8.3
2026-08-17,35:46.2,-5,-1,-115,-120,0,-1024,952,-1,-1,1,-1,-1,-1,-1,-1,-1,-1,-1,-1,0x0000000000000000,1442,1500,1444,1498,2012,988,988,988,988,988,1500,988,1500,1500,1500,1500,1500,1500,1500,1500,1500,1500,1500,1500,1500,1500,1500,1500,1500,1500,1500,1500,8.3
2026-08-17,35:46.3,-27,1,-22,-94,0,-1024,952,-1,-1,1,-1,-1,-1,-1,-1,-1,-1,-1,-1,0x0000000000000000,1455,1500,1489,1487,2012,988,988,988,988,988,1500,988,1500,1500,1500,1500,1500,1500,1500,1500,1500,1500,1500,1500,1500,1500,1500,1500,1500,1500,1500,1500,8.3
2026-08-17,35:46.4,-2,22,-172,-8,0,-1024,952,-1,-1,1,-1,-1,-1,-1,-1,-1,-1,-1,-1,0x0000000000000000,1497,1510,1416,1499,2012,988,988,988,988,988,1500,988,1500,1500,1500,1500,1500,1500,1500,1500,1500,1500,1500,1500,1500,1500,1500,1500,1500,1500,1500,1500,8.3
2026-08-17,35:46.5,0,-1,40,-4,0,-1024,952,-1,-1,1,-1,-1,-1,-1,-1,-1,-1,-1,-1,0x0000000000000000,1499,1500,1519,1500,2012,988,988,988,988,988,1500,988,1500,1500,1500,1500,1500,1500,1500,1500,1500,1500,1500,1500,1500,1500,1500,1500,1500,1500,1500,1500,8.3
2026-08-17,35:46.6,0,-70,185,1,0,-1024,952,-1,-1,1,-1,-1,-1,-1,-1,-1,-1,-1,-1,0x0000000000000000,1501,1466,1590,1500,2012,988,988,988,988,988,1500,988,1500,1500,1500,1500,1500,1500,1500,1500,1500,1500,1500,1500,1500,1500,1500,1500,1500,1500,1500,1500,8.3
2026-08-17,35:46.7,0,-20,150,-5,0,-1024,952,-1,-1,1,-1,-1,-1,-1,-1,-1,-1,-1,-1,0x0000000000000000,1498,1490,1573,1500,2012,988,988,988,988,988,1500,988,1500,1500,1500,1500,1500,1500,1500,1500,1500,1500,1500,1500,1500,1500,1500,1500,1500,1500,1500,1500,8.3
2026-08-17,35:46.8,0,-2,-18,-5,0,-1024,952,-1,-1,1,-1,-1,-1,-1,-1,-1,-1,-1,-1,0x0000000000000000,1498,1499,1491,1500,2012,988,988,988,988,988,1500,988,1500,1500,1500,1500,1500,1500,1500,1500,1500,1500,1500,1500,1500,1500,1500,1500,1500,1500,1500,1500,8.3
2026-08-17,35:46.9,0,0,-193,-5,-1,-1024,952,-1,-1,1,-1,-1,-1,-1,-1,-1,-1,-1,-1,0x0000000000000000,1498,1500,1406,1500,2012,988,988,988,988,988,1500,988,1500,1500,1500,1500,1500,1500,1500,1500,1500,1500,1500,1500,1500,1500,1500,1500,1500,1500,1500,1500,8.3
2026-08-17,35:47.0,0,52,-241,-5,0,-1024,952,-1,-1,1,-1,-1,-1,-1,-1,-1,-1,-1,-1,0x0000000000000000,1498,1525,1382,1500,2012,988,988,988,988,988,1500,988,1500,1500,1500,1500,1500,1500,1500,1500,1500,1500,1500,1500,1500,1500,1500,1500,1500,1500,1500,1500,8.3
2026-08-17,35:47.1,0,64,-9,-10,0,-1024,952,-1,-1,1,-1,-1,-1,-1,-1,-1,-1,-1,-1,0x0000000000000000,1496,1531,1496,1500,2012,988,988,988,988,988,1500,988,1500,1500,1500,1500,1500,1500,1500,1500,1500,1500,1500,1500,1500,1500,1500,1500,1500,1500,1500,1500,8.3
2026-08-17,35:47.2,0,-3,49,-57,0,-1024,952,-1,-1,1,-1,-1,-1,-1,-1,-1,-1,-1,-1,0x0000000000000000,1473,1499,1524,1500,2012,988,988,988,988,988,1500,988,1500,1500,1500,1500,1500,1500,1500,1500,1500,1500,1500,1500,1500,1500,1500,1500,1500,1500,1500,1500,8.3
2026-08-17,35:47.3,0,-68,117,-40,0,-1024,952,-1,-1,1,-1,-1,-1,-1,-1,-1,-1,-1,-1,0x0000000000000000,1481,1467,1557,1500,2012,988,988,988,988,988,1500,988,1500,1500,1500,1500,1500,1500,1500,1500,1500,1500,1500,1500,1500,1500,1500,1500,1500,1500,1500,1500,8.3
2026-08-17,35:47.4,0,-3,52,-42,0,-1024,952,-1,-1,1,-1,-1,-1,-1,-1,-1,-1,-1,-1,0x0000000000000000,1480,1499,1525,1500,2012,988,988,988,988,988,1500,988,1500,1500,1500,1500,1500,1500,1500,1500,1500,1500,1500,1500,1500,1500,1500,1500,1500,1500,1500,1500,8.3
2026-08-17,35:47.5,0,18,-108,-45,0,-1024,952,-1,-1,1,-1,-1,-1,-1,-1,-1,-1,-1,-1,0x0000000000000000,1479,1509,1447,1500,2012,988,988,988,988,988,1500,988,1500,1500,1500,1500,1500,1500,1500,1500,1500,1500,1500,1500,1500,1500,1500,1500,1500,1500,1500,1500,8.3
2026-08-17,35:47.6,0,48,-38,-20,0,-1024,952,-1,-1,1,-1,-1,-1,-1,-1,-1,-1,-1,-1,0x0000000000000000,1491,1523,1482,1500,2012,988,988,988,988,988,1500,988,1500,1500,1500,1500,1500,1500,1500,1500,1500,1500,1500,1500,1500,1500,1500,1500,1500,1500,1500,1500,8.3
2026-08-17,35:47.7,0,85,65,-4,0,-1024,952,-1,-1,1,-1,-1,-1,-1,-1,-1,-1,-1,-1,0x0000000000000000,1499,1541,1531,1500,2012,988,988,988,988,988,1500,988,1500,1500,1500,1500,1500,1500,1500,1500,1500,1500,1500,1500,1500,1500,1500,1500,1500,1500,1500,1500,8.3
2026-08-17,35:47.8,0,83,-78,-3,0,-1024,952,-1,-1,1,-1,-1,-1,-1,-1,-1,-1,-1,-1,0x0000000000000000,1499,1540,1462,1500,2012,988,988,988,988,988,1500,988,1500,1500,1500,1500,1500,1500,1500,1500,1500,1500,1500,1500,1500,1500,1500,1500,1500,1500,1500,1500,8.3
2026-08-17,35:47.9,0,0,-62,-3,0,-1024,952,-1,-1,1,-1,-1,-1,-1,-1,-1,-1,-1,-1,0x0000000000000000,1499,1500,1470,1500,2012,988,988,988,988,988,1500,988,1500,1500,1500,1500,1500,1500,1500,1500,1500,1500,1500,1500,1500,1500,1500,1500,1500,1500,1500,1500,8.3
2026-08-17,35:48.0,0,-32,179,-3,0,-1024,952,-1,-1,1,-1,-1,-1,-1,-1,-1,-1,-1,-1,0x0000000000000000,1499,1485,1587,1500,2012,988,988,988,988,988,1500,988,1500,1500,1500,1500,1500,1500,1500,1500,1500,1500,1500,1500,1500,1500,1500,1500,1500,1500,1500,1500,8.3
2026-08-17,35:48.1,0,-90,226,-5,0,-1024,952,-1,-1,1,-1,-1,-1,-1,-1,-1,-1,-1,-1,0x0000000000000000,1498,1456,1610,1500,2012,988,988,988,988,988,1500,988,1500,1500,1500,1500,1500,1500,1500,1500,1500,1500,1500,1500,1500,1500,1500,1500,1500,1500,1500,1500,8.3
2026-08-17,35:48.2,0,-13,95,-5,0,-1024,952,-1,-1,1,-1,-1,-1,-1,-1,-1,-1,-1,-1,0x0000000000000000,1498,1494,1546,1500,2012,988,988,988,988,988,1500,988,1500,1500,1500,1500,1500,1500,1500,1500,1500,1500,1500,1500,1500,1500,1500,1500,1500,1500,1500,1500,8.3
2026-08-17,35:48.3,0,9,-83,38,0,-1024,952,-1,-1,1,-1,-1,-1,-1,-1,-1,-1,-1,-1,0x0000000000000000,1519,1504,1460,1500,2012,988,988,988,988,988,1500,988,1500,1500,1500,1500,1500,1500,1500,1500,1500,1500,1500,1500,1500,1500,1500,1500,1500,1500,1500,1500,8.3
2026-08-17,35:48.4,0,-36,-56,47,0,-1024,952,-1,-1,1,-1,-1,-1,-1,-1,-1,-1,-1,-1,0x0000000000000000,1523,1483,1473,1500,2012,988,988,988,988,988,1500,988,1500,1500,1500,1500,1500,1500,1500,1500,1500,1500,1500,1500,1500,1500,1500,1500,1500,1500,1500,1500,8.3
2026-08-17,35:48.5,0,-5,-123,41,0,-1024,952,-1,-1,1,-1,-1,-1,-1,-1,-1,-1,-1,-1,0x0000000000000000,1520,1498,1440,1500,2012,988,988,988,988,988,1500,988,1500,1500,1500,1500,1500,1500,1500,1500,1500,1500,1500,1500,1500,1500,1500,1500,1500,1500,1500,1500,8.3
2026-08-17,35:48.6,10,-46,-146,152,0,-1024,952,-1,-1,1,-1,-1,-1,-1,-1,-1,-1,-1,-1,0x0000000000000000,1574,1478,1429,1505,2012,988,988,988,988,988,1500,988,1500,1500,1500,1500,1500,1500,1500,1500,1500,1500,1500,1500,1500,1500,1500,1500,1500,1500,1500,1500,8.3
2026-08-17,35:48.7,18,-4,-9,25,0,-1024,952,-1,-1,1,-1,-1,-1,-1,-1,-1,-1,-1,-1,0x0000000000000000,1512,1498,1496,1509,2012,988,988,988,988,988,1500,988,1500,1500,1500,1500,1500,1500,1500,1500,1500,1500,1500,1500,1500,1500,1500,1500,1500,1500,1500,1500,8.3
2026-08-17,35:48.8,39,-21,-2,49,0,-1024,952,-1,-1,1,-1,-1,-1,-1,-1,-1,-1,-1,-1,0x0000000000000000,1524,1490,1499,1519,2012,988,988,988,988,988,1500,988,1500,1500,1500,1500,1500,1500,1500,1500,1500,1500,1500,1500,1500,1500,1500,1500,1500,1500,1500,1500,8.3
2026-08-17,35:48.9,0,-2,39,-4,0,-1024,952,-1,-1,1,-1,-1,-1,-1,-1,-1,-1,-1,-1,0x0000000000000000,1499,1499,1519,1500,2012,988,988,988,988,988,1500,988,1500,1500,1500,1500,1500,1500,1500,1500,1500,1500,1500,1500,1500,1500,1500,1500,1500,1500,1500,1500,8.3
2026-08-17,35:49.0,0,-3,39,-4,0,-1024,952,-1,-1,1,-1,-1,-1,-1,-1,-1,-1,-1,-1,0x0000000000000000,1499,1499,1519,1500,2012,988,988,988,988,988,1500,988,1500,1500,1500,1500,1500,1500,1500,1500,1500,1500,1500,1500,1500,1500,1500,1500,1500,1500,1500,1500,8.3
2026-08-17,35:49.1,13,-5,56,6,0,-1024,952,-1,-1,1,-1,-1,-1,-1,-1,-1,-1,-1,-1,0x0000000000000000,1503,1498,1527,1506,2012,988,988,988,988,988,1500,988,1500,1500,1500,1500,1500,1500,1500,1500,1500,1500,1500,1500,1500,1500,1500,1500,1500,1500,1500,1500,8.3
2026-08-17,35:49.2,64,-3,-78,66,0,-1024,952,-1,-1,1,-1,-1,-1,-1,-1,-1,-1,-1,-1,0x0000000000000000,1532,1499,1462,1531,2012,988,988,988,988,988,1500,988,1500,1500,1500,1500,1500,1500,1500,1500,1500,1500,1500,1500,1500,1500,1500,1500,1500,1500,1500,1500,8.3
2026-08-17,35:49.3,32,-3,-124,14,0,-1024,952,-1,-1,1,-1,-1,-1,-1,-1,-1,-1,-1,-1,0x0000000000000000,1507,1499,1440,1515,2012,988,988,988,988,988,1500,988,1500,1500,1500,1500,1500,1500,1500,1500,1500,1500,1500,1500,1500,1500,1500,1500,1500,1500,1500,1500,8.3
2026-08-17,35:49.4,13,-1,-133,-4,0,-1024,952,-1,-1,1,-1,-1,-1,-1,-1,-1,-1,-1,-1,0x0000000000000000,1499,1500,1435,1506,2012,988,988,988,988,988,1500,988,1500,1500,1500,1500,1500,1500,1500,1500,1500,1500,1500,1500,1500,1500,1500,1500,1500,1500,1500,1500,8.3
2026-08-17,35:49.5,25,-2,-8,-7,0,-1024,952,-1,-1,1,-1,-1,-1,-1,-1,-1,-1,-1,-1,0x0000000000000000,1497,1499,1496,1512,2012,988,988,988,988,988,1500,988,1500,1500,1500,1500,1500,1500,1500,1500,1500,1500,1500,1500,1500,1500,1500,1500,1500,1500,1500,1500,8.3
2026-08-17,35:49.6,0,-4,22,-7,0,-1024,952,-1,-1,1,-1,-1,-1,-1,-1,-1,-1,-1,-1,0x0000000000000000,1497,1498,1510,1500,2012,988,988,988,988,988,1500,988,1500,1500,1500,1500,1500,1500,1500,1500,1500,1500,1500,1500,1500,1500,1500,1500,1500,1500,1500,1500,8.3
2026-08-17,35:49.7,0,-6,-17,-10,0,-1024,952,-1,-1,1,-1,-1,-1,-1,-1,-1,-1,-1,-1,0x0000000000000000,1496,1497,1492,1500,2012,988,988,988,988,988,1500,988,1500,1500,1500,1500,1500,1500,1500,1500,1500,1500,1500,1500,1500,1500,1500,1500,1500,1500,1500,1500,8.3
2026-08-17,35:49.8,0,-2,-14,-20,0,-1024,952,-1,-1,1,-1,-1,-1,-1,-1,-1,-1,-1,-1,0x0000000000000000,1491,1499,1493,1500,2012,988,988,988,988,988,1500,988,1500,1500,1500,1500,1500,1500,1500,1500,1500,1500,1500,1500,1500,1500,1500,1500,1500,1500,1500,1500,8.3
2026-08-17,35:49.9,0,38,-158,-37,0,-1024,952,-1,-1,1,-1,-1,-1,-1,-1,-1,-1,-1,-1,0x0000000000000000,1483,1518,1423,1500,2012,988,988,988,988,988,1500,988,1500,1500,1500,1500,1500,1500,1500,1500,1500,1500,1500,1500,1500,1500,1500,1500,1500,1500,1500,1500,8.3
2026-08-17,35:50.0,0,5,-124,-9,0,-1024,952,-1,-1,1,-1,-1,-1,-1,-1,-1,-1,-1,-1,0x0000000000000000,1496,1502,1440,1500,2012,988,988,988,988,988,1500,988,1500,1500,1500,1500,1500,1500,1500,1500,1500,1500,1500,1500,1500,1500,1500,1500,1500,1500,1500,1500,8.3
2026-08-17,35:50.1,0,0,-16,-5,0,-1024,952,-1,-1,1,-1,-1,-1,-1,-1,-1,-1,-1,-1,0x0000000000000000,1498,1500,1492,1500,2012,988,988,988,988,988,1500,988,1500,1500,1500,1500,1500,1500,1500,1500,1500,1500,1500,1500,1500,1500,1500,1500,1500,1500,1500,1500,8.3
2026-08-17,35:50.2,0,-3,15,-5,0,-1024,952,-1,-1,1,-1,-1,-1,-1,-1,-1,-1,-1,-1,0x0000000000000000,1498,1499,1507,1500,2012,988,988,988,988,988,1500,988,1500,1500,1500,1500,1500,1500,1500,1500,1500,1500,1500,1500,1500,1500,1500,1500,1500,1500,1500,1500,8.3
2026-08-17,35:50.3,0,-2,-152,-5,0,-1024,952,-1,-1,1,-1,-1,-1,-1,-1,-1,-1,-1,-1,0x0000000000000000,1498,1499,1426,1500,2012,988,988,988,988,988,1500,988,1500,1500,1500,1500,1500,1500,1500,1500,1500,1500,1500,1500,1500,1500,1500,1500,1500,1500,1500,1500,8.3
2026-08-17,35:50.4,0,0,-139,-3,0,-1024,952,-1,-1,1,-1,-1,-1,-1,-1,-1,-1,-1,-1,0x0000000000000000,1499,1500,1432,1500,2012,988,988,988,988,988,1500,988,1500,1500,1500,1500,1500,1500,1500,1500,1500,1500,1500,1500,1500,1500,1500,1500,1500,1500,1500,1500,8.3
2026-08-17,35:50.5,0,-8,144,-4,0,-1024,952,-1,-1,1,-1,-1,-1,-1,-1,-1,-1,-1,-1,0x0000000000000000,1499,1496,1570,1500,2012,988,988,988,988,988,1500,988,1500,1500,1500,1500,1500,1500,1500,1500,1500,1500,1500,1500,1500,1500,1500,1500,1500,1500,1500,1500,8.3
2026-08-17,35:50.6,0,-90,349,-3,0,-1024,952,-1,-1,1,-1,-1,-1,-1,-1,-1,-1,-1,-1,0x0000000000000000,1499,1456,1670,1500,2012,988,988,988,988,988,1500,988,1500,1500,1500,1500,1500,1500,1500,1500,1500,1500,1500,1500,1500,1500,1500,1500,1500,1500,1500,1500,8.3
2026-08-17,35:50.7,0,-269,554,-1,0,-1024,952,-1,-1,1,-1,-1,-1,-1,-1,-1,-1,-1,-1,0x0000000000000000,1500,1369,1770,1500,2012,988,988,988,988,988,1500,988,1500,1500,1500,1500,1500,1500,1500,1500,1500,1500,1500,1500,1500,1500,1500,1500,1500,1500,1500,1500,8.3
2026-08-17,35:50.8,0,-434,772,3,0,-1024,952,-1,-1,1,-1,-1,-1,-1,-1,-1,-1,-1,-1,0x0000000000000000,1502,1288,1877,1500,2012,988,988,988,988,988,1500,988,1500,1500,1500,1500,1500,1500,1500,1500,1500,1500,1500,1500,1500,1500,1500,1500,1500,1500,1500,1500,8.3
2026-08-17,35:50.9,0,-520,1017,0,0,-1024,952,-1,-1,1,-1,-1,-1,-1,-1,-1,-1,-1,-1,0x0000000000000000,1500,1246,1996,1500,2012,988,988,988,988,988,1500,988,1500,1500,1500,1500,1500,1500,1500,1500,1500,1500,1500,1500,1500,1500,1500,1500,1500,1500,1500,1500,8.3
2026-08-17,35:51.0,0,-530,1023,-1,0,-1024,952,-1,-1,1,-1,-1,-1,-1,-1,-1,-1,-1,-1,0x0000000000000000,1500,1241,1999,1500,2012,988,988,988,988,988,1500,988,1500,1500,1500,1500,1500,1500,1500,1500,1500,1500,1500,1500,1500,1500,1500,1500,1500,1500,1500,1500,8.3
2026-08-17,35:51.1,0,-543,1024,-5,0,-1024,952,-1,-1,1,-1,-1,-1,-1,-1,-1,-1,-1,-1,0x0000000000000000,1498,1235,2000,1500,2012,988,988,988,988,988,1500,988,1500,1500,1500,1500,1500,1500,1500,1500,1500,1500,1500,1500,1500,1500,1500,1500,1500,1500,1500,1500,8.3
2026-08-17,35:51.2,1,-572,1024,-6,0,-1024,952,-1,-1,1,-1,-1,-1,-1,-1,-1,-1,-1,-1,0x0000000000000000,1498,1221,2000,1500,2012,988,988,988,988,988,1500,988,1500,1500,1500,1500,1500,1500,1500,1500,1500,1500,1500,1500,1500,1500,1500,1500,1500,1500,1500,1500,8.3
2026-08-17,35:51.3,17,-587,1024,-4,0,-1024,952,-1,-1,1,-1,-1,-1,-1,-1,-1,-1,-1,-1,0x0000000000000000,1499,1213,2000,1508,2012,988,988,988,988,988,1500,988,1500,1500,1500,1500,1500,1500,1500,1500,1500,1500,1500,1500,1500,1500,1500,1500,1500,1500,1500,1500,8.3
2026-08-17,35:51.4,39,-594,1024,-3,0,-1024,952,-1,-1,1,-1,-1,-1,-1,-1,-1,-1,-1,-1,0x0000000000000000,1499,1210,2000,1519,2012,988,988,988,988,988,1500,988,1500,1500,1500,1500,1500,1500,1500,1500,1500,1500,1500,1500,1500,1500,1500,1500,1500,1500,1500,1500,8.3
2026-08-17,35:51.5,43,-591,1024,-2,0,-1024,952,-1,-1,1,-1,-1,-1,-1,-1,-1,-1,-1,-1,0x0000000000000000,1500,1211,2000,1521,2012,988,988,988,988,988,1500,988,1500,1500,1500,1500,1500,1500,1500,1500,1500,1500,1500,1500,1500,1500,1500,1500,1500,1500,1500,1500,8.3
2026-08-17,35:51.6,43,-591,1024,-1,0,-1024,952,-1,-1,1,-1,-1,-1,-1,-1,-1,-1,-1,-1,0x0000000000000000,1500,1211,2000,1521,2012,988,988,988,988,988,1500,988,1500,1500,1500,1500,1500,1500,1500,1500,1500,1500,1500,1500,1500,1500,1500,1500,1500,1500,1500,1500,8.3
2026-08-17,35:51.7,2,-564,610,-1,0,-1024,952,-1,-1,1,-1,-1,-1,-1,-1,-1,-1,-1,-1,0x0000000000000000,1500,1225,1798,1501,2012,988,988,988,988,988,1500,988,1500,1500,1500,1500,1500,1500,1500,1500,1500,1500,1500,1500,1500,1500,1500,1500,1500,1500,1500,1500,8.3
2026-08-17,35:51.8,158,-566,-1017,-1,0,-1024,952,-1,-1,1,-1,-1,-1,-1,-1,-1,-1,-1,-1,0x0000000000000000,1500,1224,1003,1577,2012,988,988,988,988,988,1500,988,1500,1500,1500,1500,1500,1500,1500,1500,1500,1500,1500,1500,1500,1500,1500,1500,1500,1500,1500,1500,8.3
2026-08-17,35:51.9,0,-617,-1024,-3,-1,-1024,952,-1,-1,1,-1,-1,-1,-1,-1,-1,-1,-1,-1,0x0000000000000000,1499,1199,1000,1500,2012,988,988,988,988,988,1500,988,1500,1500,1500,1500,1500,1500,1500,1500,1500,1500,1500,1500,1500,1500,1500,1500,1500,1500,1500,1500,8.3
2026-08-17,35:52.0,0,-600,-1024,-4,0,-1024,952,-1,-1,1,-1,-1,-1,-1,-1,-1,-1,-1,-1,0x0000000000000000,1499,1207,1000,1500,2012,988,988,988,988,988,1500,988,1500,1500,1500,1500,1500,1500,1500,1500,1500,1500,1500,1500,1500,1500,1500,1500,1500,1500,1500,1500,8.3
2026-08-17,35:52.1,-1,-550,-1024,-1,0,-1024,952,-1,-1,1,-1,-1,-1,-1,-1,-1,-1,-1,-1,0x0000000000000000,1500,1231,1000,1500,2012,988,988,988,988,988,1500,988,1500,1500,1500,1500,1500,1500,1500,1500,1500,1500,1500,1500,1500,1500,1500,1500,1500,1500,1500,1500,8.3
2026-08-17,35:52.2,-3,-475,-1024,4,0,-1024,952,-1,-1,1,-1,-1,-1,-1,-1,-1,-1,-1,-1,0x0000000000000000,1502,1268,1000,1499,2012,988,988,988,988,988,1500,988,1500,1500,1500,1500,1500,1500,1500,1500,1500,1500,1500,1500,1500,1500,1500,1500,1500,1500,1500,1500,8.3
2026-08-17,35:52.3,-16,-371,-1024,26,0,-1024,952,-1,-1,1,-1,-1,-1,-1,-1,-1,-1,-1,-1,0x0000000000000000,1513,1319,1000,1492,2012,988,988,988,988,988,1500,988,1500,1500,1500,1500,1500,1500,1500,1500,1500,1500,1500,1500,1500,1500,1500,1500,1500,1500,1500,1500,8.3
2026-08-17,35:52.4,-32,-304,-1024,35,0,-1024,952,-1,-1,1,-1,-1,-1,-1,-1,-1,-1,-1,-1,0x0000000000000000,1517,1352,1000,1485,2012,988,988,988,988,988,1500,988,1500,1500,1500,1500,1500,1500,1500,1500,1500,1500,1500,1500,1500,1500,1500,1500,1500,1500,1500,1500,8.3
2026-08-17,35:52.5,-31,-291,-1024,56,0,-1024,952,-1,-1,1,-1,-1,-1,-1,-1,-1,-1,-1,-1,0x0000000000000000,1528,1358,1000,1485,2012,988,988,988,988,988,1500,988,1500,1500,1500,1500,1500,1500,1500,1500,1500,1500,1500,1500,1500,1500,1500,1500,1500,1500,1500,1500,8.3
2026-08-17,35:52.6,-15,-262,-1024,39,0,-1024,952,-1,-1,1,-1,-1,-1,-1,-1,-1,-1,-1,-1,0x0000000000000000,1519,1372,1000,1493,2012,988,988,988,988,988,1500,988,1500,1500,1500,1500,1500,1500,1500,1500,1500,1500,1500,1500,1500,1500,1500,1500,1500,1500,1500,1500,8.3
2026-08-17,35:52.7,-3,-305,-1024,30,0,-1024,952,-1,-1,1,-1,-1,-1,-1,-1,-1,-1,-1,-1,0x0000000000000000,1515,1351,1000,1499,2012,988,988,988,988,988,1500,988,1500,1500,1500,1500,1500,1500,1500,1500,1500,1500,1500,1500,1500,1500,1500,1500,1500,1500,1500,1500,8.3
2026-08-17,35:52.8,-3,-398,-1024,85,0,-1024,952,-1,-1,1,-1,-1,-1,-1,-1,-1,-1,-1,-1,0x0000000000000000,1542,1306,1000,1499,2012,988,988,988,988,988,1500,988,1500,1500,1500,1500,1500,1500,1500,1500,1500,1500,1500,1500,1500,1500,1500,1500,1500,1500,1500,1500,8.3
2026-08-17,35:52.9,0,-363,-1024,328,-1,-1024,952,-1,-1,1,-1,-1,-1,-1,-1,-1,-1,-1,-1,0x0000000000000000,1660,1323,1000,1500,2012,988,988,988,988,988,1500,988,1500,1500,1500,1500,1500,1500,1500,1500,1500,1500,1500,1500,1500,1500,1500,1500,1500,1500,1500,1500,8.3
2026-08-17,35:53.0,37,-305,-998,540,0,-1024,952,-1,-1,1,-1,-1,-1,-1,-1,-1,-1,-1,-1,0x0000000000000000,1764,1351,1012,1518,2012,988,988,988,988,988,1500,988,1500,1500,1500,1500,1500,1500,1500,1500,1500,1500,1500,1500,1500,1500,1500,1500,1500,1500,1500,1500,8.3
2026-08-17,35:53.1,39,-295,-541,586,0,-1024,952,-1,-1,1,-1,-1,-1,-1,-1,-1,-1,-1,-1,0x0000000000000000,1786,1356,1236,1519,2012,988,988,988,988,988,1500,988,1500,1500,1500,1500,1500,1500,1500,1500,1500,1500,1500,1500,1500,1500,1500,1500,1500,1500,1500,1500,8.3
2026-08-17,35:53.2,35,-320,258,604,0,-1024,952,-1,-1,1,-1,-1,-1,-1,-1,-1,-1,-1,-1,0x0000000000000000,1795,1344,1626,1517,2012,988,988,988,988,988,1500,988,1500,1500,1500,1500,1500,1500,1500,1500,1500,1500,1500,1500,1500,1500,1500,1500,1500,1500,1500,1500,8.3
2026-08-17,35:53.3,91,-351,516,689,0,-1024,952,-1,-1,1,-1,-1,-1,-1,-1,-1,-1,-1,-1,0x0000000000000000,1836,1329,1752,1544,2012,988,988,988,988,988,1500,988,1500,1500,1500,1500,1500,1500,1500,1500,1500,1500,1500,1500,1500,1500,1500,1500,1500,1500,1500,1500,8.3
2026-08-17,35:53.4,131,-323,731,739,0,-1024,952,-1,-1,1,-1,-1,-1,-1,-1,-1,-1,-1,-1,0x0000000000000000,1861,1342,1857,1564,2012,988,988,988,988,988,1500,988,1500,1500,1500,1500,1500,1500,1500,1500,1500,1500,1500,1500,1500,1500,1500,1500,1500,1500,1500,1500,8.3
2026-08-17,35:53.5,105,-311,1011,629,0,-1024,952,-1,-1,1,-1,-1,-1,-1,-1,-1,-1,-1,-1,0x0000000000000000,1807,1348,1993,1551,2012,988,988,988,988,988,1500,988,1500,1500,1500,1500,1500,1500,1500,1500,1500,1500,1500,1500,1500,1500,1500,1500,1500,1500,1500,1500,8.3
2026-08-17,35:53.6,144,-314,1024,537,0,-1024,952,-1,-1,1,-1,-1,-1,-1,-1,-1,-1,-1,-1,0x0000000000000000,1762,1347,2000,1570,2012,988,988,988,988,988,1500,988,1500,1500,1500,1500,1500,1500,1500,1500,1500,1500,1500,1500,1500,1500,1500,1500,1500,1500,1500,1500,8.3
2026-08-17,35:53.7,163,-262,1024,498,0,-1024,952,-1,-1,1,-1,-1,-1,-1,-1,-1,-1,-1,-1,0x0000000000000000,1743,1372,2000,1579,2012,988,988,988,988,988,1500,988,1500,1500,1500,1500,1500,1500,1500,1500,1500,1500,1500,1500,1500,1500,1500,1500,1500,1500,1500,1500,8.3
2026-08-17,35:53.8,149,-251,1023,362,0,-1024,952,-1,-1,1,-1,-1,-1,-1,-1,-1,-1,-1,-1,0x0000000000000000,1677,1378,1999,1573,2012,988,988,988,988,988,1500,988,1500,1500,1500,1500,1500,1500,1500,1500,1500,1500,1500,1500,1500,1500,1500,1500,1500,1500,1500,1500,8.3
2026-08-17,35:53.9,183,-211,907,367,-1,-1024,952,-1,-1,1,-1,-1,-1,-1,-1,-1,-1,-1,-1,0x0000000000000000,1679,1397,1943,1589,2012,988,988,988,988,988,1500,988,1500,1500,1500,1500,1500,1500,1500,1500,1500,1500,1500,1500,1500,1500,1500,1500,1500,1500,1500,1500,8.3
2026-08-17,35:54.0,93,-61,901,369,0,-1024,952,-1,-1,1,-1,-1,-1,-1,-1,-1,-1,-1,-1,0x0000000000000000,1680,1470,1940,1545,2012,988,988,988,988,988,1500,988,1500,1500,1500,1500,1500,1500,1500,1500,1500,1500,1500,1500,1500,1500,1500,1500,1500,1500,1500,1500,8.3
2026-08-17,35:54.1,156,-22,885,339,0,-1024,952,-1,-1,1,-1,-1,-1,-1,-1,-1,-1,-1,-1,0x0000000000000000,1666,1489,1932,1576,2012,988,988,988,988,988,1500,988,1500,1500,1500,1500,1500,1500,1500,1500,1500,1500,1500,1500,1500,1500,1500,1500,1500,1500,1500,1500,8.3
2026-08-17,35:54.2,108,-18,900,206,0,-1024,952,-1,-1,1,-1,-1,-1,-1,-1,-1,-1,-1,-1,0x0000000000000000,1601,1491,1939,1552,2012,988,988,988,988,988,1500,988,1500,1500,1500,1500,1500,1500,1500,1500,1500,1500,1500,1500,1500,1500,1500,1500,1500,1500,1500,1500,8.3
2026-08-17,35:54.3,75,-5,890,56,0,-1024,952,-1,-1,1,-1,-1,-1,-1,-1,-1,-1,-1,-1,0x0000000000000000,1528,1498,1934,1536,2012,988,988,988,988,988,1500,988,1500,1500,1500,1500,1500,1500,1500,1500,1500,1500,1500,1500,1500,1500,1500,1500,1500,1500,1500,1500,8.3
2026-08-17,35:54.4,83,-32,893,-4,0,-1024,952,-1,-1,1,-1,-1,-1,-1,-1,-1,-1,-1,-1,0x0000000000000000,1499,1485,1936,1540,2012,988,988,988,988,988,1500,988,1500,1500,1500,1500,1500,1500,1500,1500,1500,1500,1500,1500,1500,1500,1500,1500,1500,1500,1500,1500,8.3
2026-08-17,35:54.5,1,-85,747,-197,0,-1024,952,-1,-1,1,-1,-1,-1,-1,-1,-1,-1,-1,-1,0x0000000000000000,1404,1459,1864,1500,2012,988,988,988,988,988,1500,988,1500,1500,1500,1500,1500,1500,1500,1500,1500,1500,1500,1500,1500,1500,1500,1500,1500,1500,1500,1500,8.3
2026-08-17,35:54.6,-58,-100,-474,-399,0,-1024,952,-1,-1,1,-1,-1,-1,-1,-1,-1,-1,-1,-1,0x0000000000000000,1306,1451,1269,1472,2012,988,988,988,988,988,1500,988,1500,1500,1500,1500,1500,1500,1500,1500,1500,1500,1500,1500,1500,1500,1500,1500,1500,1500,1500,1500,8.3
2026-08-17,35:54.7,-83,-77,-1023,-433,0,-1024,952,-1,-1,1,-1,-1,-1,-1,-1,-1,-1,-1,-1,0x0000000000000000,1289,1463,1000,1460,2012,988,988,988,988,988,1500,988,1500,1500,1500,1500,1500,1500,1500,1500,1500,1500,1500,1500,1500,1500,1500,1500,1500,1500,1500,1500,8.3
2026-08-17,35:54.8,-4,-68,-1024,-253,0,-1024,952,-1,-1,1,-1,-1,-1,-1,-1,-1,-1,-1,-1,0x0000000000000000,1377,1467,1000,1498,2012,988,988,988,988,988,1500,988,1500,1500,1500,1500,1500,1500,1500,1500,1500,1500,1500,1500,1500,1500,1500,1500,1500,1500,1500,1500,8.3
2026-08-17,35:54.9,0,-40,-1024,-241,-1,-1024,952,-1,-1,1,-1,-1,-1,-1,-1,-1,-1,-1,-1,0x0000000000000000,1383,1481,1000,1500,2012,988,988,988,988,988,1500,988,1500,1500,1500,1500,1500,1500,1500,1500,1500,1500,1500,1500,1500,1500,1500,1500,1500,1500,1500,1500,8.3
2026-08-17,35:55.0,0,-35,-1024,-345,0,-1024,952,-1,-1,1,-1,-1,-1,-1,-1,-1,-1,-1,-1,0x0000000000000000,1332,1483,1000,1500,2012,988,988,988,988,988,1500,988,1500,1500,1500,1500,1500,1500,1500,1500,1500,1500,1500,1500,1500,1500,1500,1500,1500,1500,1500,1500,8.3
2026-08-17,35:55.1,16,-70,-1024,-476,0,-1024,952,-1,-1,1,-1,-1,-1,-1,-1,-1,-1,-1,-1,0x0000000000000000,1268,1466,1000,1508,2012,988,988,988,988,988,1500,988,1500,1500,1500,1500,1500,1500,1500,1500,1500,1500,1500,1500,1500,1500,1500,1500,1500,1500,1500,1500,8.3
2026-08-17,35:55.2,0,-183,-933,-345,0,-1024,952,-1,-1,1,-1,-1,-1,-1,-1,-1,-1,-1,-1,0x0000000000000000,1332,1411,1044,1500,2012,988,988,988,988,988,1500,988,1500,1500,1500,1500,1500,1500,1500,1500,1500,1500,1500,1500,1500,1500,1500,1500,1500,1500,1500,1500,8.3
2026-08-17,35:55.3,0,-272,-854,-260,0,-1024,952,-1,-1,1,-1,-1,-1,-1,-1,-1,-1,-1,-1,0x0000000000000000,1374,1367,1083,1500,2012,988,988,988,988,988,1500,988,1500,1500,1500,1500,1500,1500,1500,1500,1500,1500,1500,1500,1500,1500,1500,1500,1500,1500,1500,1500,8.3
2026-08-17,35:55.4,0,-276,-761,-300,0,-1024,952,-1,-1,1,-1,-1,-1,-1,-1,-1,-1,-1,-1,0x0000000000000000,1354,1365,1128,1500,2012,988,988,988,988,988,1500,988,1500,1500,1500,1500,1500,1500,1500,1500,1500,1500,1500,1500,1500,1500,1500,1500,1500,1500,1500,1500,8.3
2026-08-17,35:55.5,0,-125,-627,-297,0,-1024,952,-1,-1,1,-1,-1,-1,-1,-1,-1,-1,-1,-1,0x0000000000000000,1355,1439,1194,1500,2012,988,988,988,988,988,1500,988,1500,1500,1500,1500,1500,1500,1500,1500,1500,1500,1500,1500,1500,1500,1500,1500,1500,1500,1500,1500,8.3
2026-08-17,35:55.6,-2,-4,-592,-253,0,-1024,952,-1,-1,1,-1,-1,-1,-1,-1,-1,-1,-1,-1,0x0000000000000000,1377,1498,1211,1499,2012,988,988,988,988,988,1500,988,1500,1500,1500,1500,1500,1500,1500,1500,1500,1500,1500,1500,1500,1500,1500,1500,1500,1500,1500,1500,8.3
2026-08-17,35:55.7,-136,-4,-659,-195,0,-1024,952,-1,-1,1,-1,-1,-1,-1,-1,-1,-1,-1,-1,0x0000000000000000,1405,1498,1178,1434,2012,988,988,988,988,988,1500,988,1500,1500,1500,1500,1500,1500,1500,1500,1500,1500,1500,1500,1500,1500,1500,1500,1500,1500,1500,1500,8.3
2026-08-17,35:55.8,-162,-133,-742,-195,0,-1024,952,-1,-1,1,-1,-1,-1,-1,-1,-1,-1,-1,-1,0x0000000000000000,1405,1435,1138,1421,2012,988,988,988,988,988,1500,988,1500,1500,1500,1500,1500,1500,1500,1500,1500,1500,1500,1500,1500,1500,1500,1500,1500,1500,1500,1500,8.3
2026-08-17,35:55.9,-154,-291,-455,-224,0,-1024,952,-1,-1,1,-1,-1,-1,-1,-1,-1,-1,-1,-1,0x0000000000000000,1391,1358,1278,1425,2012,988,988,988,988,988,1500,988,1500,1500,1500,1500,1500,1500,1500,1500,1500,1500,1500,1500,1500,1500,1500,1500,1500,1500,1500,1500,8.3
2026-08-17,35:56.0,-281,-318,33,-267,0,-1024,952,-1,-1,1,-1,-1,-1,-1,-1,-1,-1,-1,-1,0x0000000000000000,1370,1345,1516,1363,2012,988,988,988,988,988,1500,988,1500,1500,1500,1500,1500,1500,1500,1500,1500,1500,1500,1500,1500,1500,1500,1500,1500,1500,1500,1500,8.3
2026-08-17,35:56.1,-242,-229,42,-325,0,-1024,952,-1,-1,1,-1,-1,-1,-1,-1,-1,-1,-1,-1,0x0000000000000000,1342,1388,1520,1382,2012,988,988,988,988,988,1500,988,1500,1500,1500,1500,1500,1500,1500,1500,1500,1500,1500,1500,1500,1500,1500,1500,1500,1500,1500,1500,8.3
2026-08-17,35:56.2,-231,-173,20,-302,0,-1024,952,-1,-1,1,-1,-1,-1,-1,-1,-1,-1,-1,-1,0x0000000000000000,1353,1416,1510,1387,2012,988,988,988,988,988,1500,988,1500,1500,1500,1500,1500,1500,1500,1500,1500,1500,1500,1500,1500,1500,1500,1500,1500,1500,1500,1500,8.3
2026-08-17,35:56.3,-228,-144,117,-222,0,-1024,952,-1,-1,1,-1,-1,-1,-1,-1,-1,-1,-1,-1,0x0000000000000000,1392,1430,1557,1389,2012,988,988,988,988,988,1500,988,1500,1500,1500,1500,1500,1500,1500,1500,1500,1500,1500,1500,1500,1500,1500,1500,1500,1500,1500,1500,8.3
2026-08-17,35:56.4,-242,-97,457,-73,0,-1024,952,-1,-1,1,-1,-1,-1,-1,-1,-1,-1,-1,-1,0x0000000000000000,1465,1453,1723,1382,2012,988,988,988,988,988,1500,988,1500,1500,1500,1500,1500,1500,1500,1500,1500,1500,1500,1500,1500,1500,1500,1500,1500,1500,1500,1500,8.3
2026-08-17,35:56.5,-237,-106,475,-54,0,-1024,952,-1,-1,1,-1,-1,-1,-1,-1,-1,-1,-1,-1,0x0000000000000000,1474,1448,1732,1384,2012,988,988,988,988,988,1500,988,1500,1500,1500,1500,1500,1500,1500,1500,1500,1500,1500,1500,1500,1500,1500,1500,1500,1500,1500,1500,8.3
2026-08-17,35:56.6,-129,-126,83,-90,0,-1024,952,-1,-1,1,-1,-1,-1,-1,-1,-1,-1,-1,-1,0x0000000000000000,1457,1439,1540,1437,2012,988,988,988,988,988,1500,988,1500,1500,1500,1500,1500,1500,1500,1500,1500,1500,1500,1500,1500,1500,1500,1500,1500,1500,1500,1500,8.3
2026-08-17,35:56.7,-176,-141,-154,-168,0,-1024,952,-1,-1,1,-1,-1,-1,-1,-1,-1,-1,-1,-1,0x0000000000000000,1419,1431,1425,1414,2012,988,988,988,988,988,1500,988,1500,1500,1500,1500,1500,1500,1500,1500,1500,1500,1500,1500,1500,1500,1500,1500,1500,1500,1500,1500,8.3
2026-08-17,35:56.8,-1,-140,-183,-219,0,-1024,952,-1,-1,1,-1,-1,-1,-1,-1,-1,-1,-1,-1,0x0000000000000000,1394,1432,1411,1500,2012,988,988,988,988,988,1500,988,1500,1500,1500,1500,1500,1500,1500,1500,1500,1500,1500,1500,1500,1500,1500,1500,1500,1500,1500,1500,8.3
2026-08-17,35:56.9,-3,-106,-183,-128,0,-1024,952,-1,-1,1,-1,-1,-1,-1,-1,-1,-1,-1,-1,0x0000000000000000,1438,1448,1411,1499,2012,988,988,988,988,988,1500,988,1500,1500,1500,1500,1500,1500,1500,1500,1500,1500,1500,1500,1500,1500,1500,1500,1500,1500,1500,1500,8.3
2026-08-17,35:57.0,-9,-86,-122,-99,0,-1024,952,-1,-1,1,-1,-1,-1,-1,-1,-1,-1,-1,-1,0x0000000000000000,1452,1458,1441,1496,2012,988,988,988,988,988,1500,988,1500,1500,1500,1500,1500,1500,1500,1500,1500,1500,1500,1500,1500,1500,1500,1500,1500,1500,1500,1500,8.3
2026-08-17,35:57.1,-38,-63,12,-52,0,-1024,952,-1,-1,1,-1,-1,-1,-1,-1,-1,-1,-1,-1,0x0000000000000000,1475,1469,1506,1482,2012,988,988,988,988,988,1500,988,1500,1500,1500,1500,1500,1500,1500,1500,1500,1500,1500,1500,1500,1500,1500,1500,1500,1500,1500,1500,8.3
2026-08-17,35:57.2,-133,-65,1,-50,0,-1024,952,-1,-1,1,-1,-1,-1,-1,-1,-1,-1,-1,-1,0x0000000000000000,1476,1468,1500,1435,2012,988,988,988,988,988,1500,988,1500,1500,1500,1500,1500,1500,1500,1500,1500,1500,1500,1500,1500,1500,1500,1500,1500,1500,1500,1500,8.3
2026-08-17,35:57.3,-4,-55,21,-29,0,-1024,952,-1,-1,1,-1,-1,-1,-1,-1,-1,-1,-1,-1,0x0000000000000000,1487,1473,1510,1498,2012,988,988,988,988,988,1500,988,1500,1500,1500,1500,1500,1500,1500,1500,1500,1500,1500,1500,1500,1500,1500,1500,1500,1500,1500,1500,8.3
2026-08-17,35:57.4,0,-34,47,-2,0,-1024,952,-1,-1,1,-1,-1,-1,-1,-1,-1,-1,-1,-1,0x0000000000000000,1500,1484,1523,1500,2012,988,988,988,988,988,1500,988,1500,1500,1500,1500,1500,1500,1500,1500,1500,1500,1500,1500,1500,1500,1500,1500,1500,1500,1500,1500,8.3
2026-08-17,35:57.5,0,-34,-4,7,0,-1024,952,-1,-1,1,-1,-1,-1,-1,-1,-1,-1,-1,-1,0x0000000000000000,1504,1484,1498,1500,2012,988,988,988,988,988,1500,988,1500,1500,1500,1500,1500,1500,1500,1500,1500,1500,1500,1500,1500,1500,1500,1500,1500,1500,1500,1500,8.3
2026-08-17,35:57.6,0,-6,-68,168,0,-1024,952,-1,-1,1,-1,-1,-1,-1,-1,-1,-1,-1,-1,0x0000000000000000,1582,1497,1467,1500,2012,988,988,988,988,988,1500,988,1500,1500,1500,1500,1500,1500,1500,1500,1500,1500,1500,1500,1500,1500,1500,1500,1500,1500,1500,1500,8.3
2026-08-17,35:57.7,48,-6,-226,321,0,-1024,952,-1,-1,1,-1,-1,-1,-1,-1,-1,-1,-1,-1,0x0000000000000000,1657,1497,1390,1523,2012,988,988,988,988,988,1500,988,1500,1500,1500,1500,1500,1500,1500,1500,1500,1500,1500,1500,1500,1500,1500,1500,1500,1500,1500,1500,8.3
2026-08-17,35:57.8,195,-4,-430,423,0,-1024,952,-1,-1,1,-1,-1,-1,-1,-1,-1,-1,-1,-1,0x0000000000000000,1707,1498,1290,1595,2012,988,988,988,988,988,1500,988,1500,1500,1500,1500,1500,1500,1500,1500,1500,1500,1500,1500,1500,1500,1500,1500,1500,1500,1500,1500,8.3
2026-08-17,35:57.9,209,-3,-464,414,0,-1024,952,-1,-1,1,-1,-1,-1,-1,-1,-1,-1,-1,-1,0x0000000000000000,1702,1499,1273,1602,2012,988,988,988,988,988,1500,988,1500,1500,1500,1500,1500,1500,1500,1500,1500,1500,1500,1500,1500,1500,1500,1500,1500,1500,1500,1500,8.3
2026-08-17,35:58.0,196,-3,-482,398,0,-1024,952,-1,-1,1,-1,-1,-1,-1,-1,-1,-1,-1,-1,0x0000000000000000,1694,1499,1265,1595,2012,988,988,988,988,988,1500,988,1500,1500,1500,1500,1500,1500,1500,1500,1500,1500,1500,1500,1500,1500,1500,1500,1500,1500,1500,1500,8.3
2026-08-17,35:58.1,200,-2,-519,407,-1,-1024,952,-1,-1,1,-1,-1,-1,-1,-1,-1,-1,-1,-1,0x0000000000000000,1699,1499,1247,1597,2012,988,988,988,988,988,1500,988,1500,1500,1500,1500,1500,1500,1500,1500,1500,1500,1500,1500,1500,1500,1500,1500,1500,1500,1500,1500,8.3
2026-08-17,35:58.2,244,-3,-525,364,0,-1024,952,-1,-1,1,-1,-1,-1,-1,-1,-1,-1,-1,-1,0x0000000000000000,1678,1499,1244,1619,2012,988,988,988,988,988,1500,988,1500,1500,1500,1500,1500,1500,1500,1500,1500,1500,1500,1500,1500,1500,1500,1500,1500,1500,1500,1500,8.3
2026-08-17,35:58.3,233,-24,-500,211,0,-1024,952,-1,-1,1,-1,-1,-1,-1,-1,-1,-1,-1,-1,0x0000000000000000,1603,1489,1256,1614,2012,988,988,988,988,988,1500,988,1500,1500,1500,1500,1500,1500,1500,1500,1500,1500,1500,1500,1500,1500,1500,1500,1500,1500,1500,1500,8.3
2026-08-17,35:58.4,179,-33,-365,82,0,-1024,952,-1,-1,1,-1,-1,-1,-1,-1,-1,-1,-1,-1,0x0000000000000000,1540,1484,1322,1587,2012,988,988,988,988,988,1500,988,1500,1500,1500,1500,1500,1500,1500,1500,1500,1500,1500,1500,1500,1500,1500,1500,1500,1500,1500,1500,8.3
2026-08-17,35:58.5,266,-54,-328,46,0,-1024,952,-1,-1,1,-1,-1,-1,-1,-1,-1,-1,-1,-1,0x0000000000000000,1523,1474,1340,1630,2012,988,988,988,988,988,1500,988,1500,1500,1500,1500,1500,1500,1500,1500,1500,1500,1500,1500,1500,1500,1500,1500,1500,1500,1500,1500,8.3
2026-08-17,35:58.6,281,-76,-327,206,0,-1024,952,-1,-1,1,-1,-1,-1,-1,-1,-1,-1,-1,-1,0x0000000000000000,1601,1463,1340,1637,2012,988,988,988,988,988,1500,988,1500,1500,1500,1500,1500,1500,1500,1500,1500,1500,1500,1500,1500,1500,1500,1500,1500,1500,1500,1500,8.3
2026-08-17,35:58.7,346,-83,-288,238,0,-1024,952,-1,-1,1,-1,-1,-1,-1,-1,-1,-1,-1,-1,0x0000000000000000,1616,1460,1359,1669,2012,988,988,988,988,988,1500,988,1500,1500,1500,1500,1500,1500,1500,1500,1500,1500,1500,1500,1500,1500,1500,1500,1500,1500,1500,1500,8.3
2026-08-17,35:58.8,328,-67,-250,239,0,-1024,952,-1,-1,1,-1,-1,-1,-1,-1,-1,-1,-1,-1,0x0000000000000000,1617,1468,1378,1660,2012,988,988,988,988,988,1500,988,1500,1500,1500,1500,1500,1500,1500,1500,1500,1500,1500,1500,1500,1500,1500,1500,1500,1500,1500,1500,8.3
2026-08-17,35:58.9,238,-35,-276,253,0,-1024,952,-1,-1,1,-1,-1,-1,-1,-1,-1,-1,-1,-1,0x0000000000000000,1624,1483,1365,1616,2012,988,988,988,988,988,1500,988,1500,1500,1500,1500,1500,1500,1500,1500,1500,1500,1500,1500,1500,1500,1500,1500,1500,1500,1500,1500,8.3
2026-08-17,35:59.0,222,-4,-309,231,0,-1024,952,-1,-1,1,-1,-1,-1,-1,-1,-1,-1,-1,-1,0x0000000000000000,1613,1498,1349,1608,2012,988,988,988,988,988,1500,988,1500,1500,1500,1500,1500,1500,1500,1500,1500,1500,1500,1500,1500,1500,1500,1500,1500,1500,1500,1500,8.3
2026-08-17,35:59.1,232,-3,-357,268,0,-1024,952,-1,-1,1,-1,-1,-1,-1,-1,-1,-1,-1,-1,0x0000000000000000,1631,1499,1326,1613,2012,988,988,988,988,988,1500,988,1500,1500,1500,1500,1500,1500,1500,1500,1500,1500,1500,1500,1500,1500,1500,1500,1500,1500,1500,1500,8.3
2026-08-17,35:59.2,264,-5,-427,337,0,-1024,952,-1,-1,1,-1,-1,-1,-1,-1,-1,-1,-1,-1,0x0000000000000000,1665,1498,1292,1629,2012,988,988,988,988,988,1500,988,1500,1500,1500,1500,1500,1500,1500,1500,1500,1500,1500,1500,1500,1500,1500,1500,1500,1500,1500,1500,8.3
2026-08-17,35:59.3,328,-30,-366,257,0,-1024,952,-1,-1,1,-1,-1,-1,-1,-1,-1,-1,-1,-1,0x0000000000000000,1626,1486,1321,1660,2012,988,988,988,988,988,1500,988,1500,1500,1500,1500,1500,1500,1500,1500,1500,1500,1500,1500,1500,1500,1500,1500,1500,1500,1500,1500,8.3
2026-08-17,35:59.4,175,-42,-213,169,0,-1024,952,-1,-1,1,-1,-1,-1,-1,-1,-1,-1,-1,-1,0x0000000000000000,1583,1480,1396,1585,2012,988,988,988,988,988,1500,988,1500,1500,1500,1500,1500,1500,1500,1500,1500,1500,1500,1500,1500,1500,1500,1500,1500,1500,1500,1500,8.3
2026-08-17,35:59.5,131,-35,-199,85,0,-1024,952,-1,-1,1,-1,-1,-1,-1,-1,-1,-1,-1,-1,0x0000000000000000,1542,1483,1403,1564,2012,988,988,988,988,988,1500,988,1500,1500,1500,1500,1500,1500,1500,1500,1500,1500,1500,1500,1500,1500,1500,1500,1500,1500,1500,1500,8.3
2026-08-17,35:59.6,51,-32,-205,1,0,-1024,952,-1,-1,1,-1,-1,-1,-1,-1,-1,-1,-1,-1,0x0000000000000000,1501,1485,1400,1525,2012,988,988,988,988,988,1500,988,1500,1500,1500,1500,1500,1500,1500,1500,1500,1500,1500,1500,1500,1500,1500,1500,1500,1500,1500,1500,8.3
2026-08-17,35:59.7,16,-34,-187,-5,0,-1024,952,-1,-1,1,-1,-1,-1,-1,-1,-1,-1,-1,-1,0x0000000000000000,1498,1484,1409,1508,2012,988,988,988,988,988,1500,988,1500,1500,1500,1500,1500,1500,1500,1500,1500,1500,1500,1500,1500,1500,1500,1500,1500,1500,1500,1500,8.3
2026-08-17,35:59.8,52,-92,-220,-61,0,-1024,952,-1,-1,1,-1,-1,-1,-1,-1,-1,-1,-1,-1,0x0000000000000000,1471,1455,1393,1525,2012,988,988,988,988,988,1500,988,1500,1500,1500,1500,1500,1500,1500,1500,1500,1500,1500,1500,1500,1500,1500,1500,1500,1500,1500,1500,8.3
2026-08-17,35:59.9,248,-75,-371,-9,0,-1024,952,-1,-1,1,-1,-1,-1,-1,-1,-1,-1,-1,-1,0x0000000000000000,1496,1464,1319,1621,2012,988,988,988,988,988,1500,988,1500,1500,1500,1500,1500,1500,1500,1500,1500,1500,1500,1500,1500,1500,1500,1500,1500,1500,1500,1500,8.3
2026-08-17,36:00.0,367,-38,-554,80,0,-1024,952,-1,-1,1,-1,-1,-1,-1,-1,-1,-1,-1,-1,0x0000000000000000,1539,1482,1229,1679,2012,988,988,988,988,988,1500,988,1500,1500,1500,1500,1500,1500,1500,1500,1500,1500,1500,1500,1500,1500,1500,1500,1500,1500,1500,1500,8.3
2026-08-17,36:00.1,506,-3,-589,210,0,-1024,952,-1,-1,1,-1,-1,-1,-1,-1,-1,-1,-1,-1,0x0000000000000000,1603,1499,1212,1747,2012,988,988,988,988,988,1500,988,1500,1500,1500,1500,1500,1500,1500,1500,1500,1500,1500,1500,1500,1500,1500,1500,1500,1500,1500,1500,8.3
2026-08-17,36:00.2,412,-3,-341,236,0,-1024,952,-1,-1,1,-1,-1,-1,-1,-1,-1,-1,-1,-1,0x0000000000000000,1615,1499,1334,1701,2012,988,988,988,988,988,1500,988,1500,1500,1500,1500,1500,1500,1500,1500,1500,1500,1500,1500,1500,1500,1500,1500,1500,1500,1500,1500,8.3
2026-08-17,36:00.3,284,-3,-216,193,0,-1024,952,-1,-1,1,-1,-1,-1,-1,-1,-1,-1,-1,-1,0x0000000000000000,1594,1499,1395,1638,2012,988,988,988,988,988,1500,988,1500,1500,1500,1500,1500,1500,1500,1500,1500,1500,1500,1500,1500,1500,1500,1500,1500,1500,1500,1500,8.3
2026-08-17,36:00.4,184,-31,-98,2,0,-1024,952,-1,-1,1,-1,-1,-1,-1,-1,-1,-1,-1,-1,0x0000000000000000,1501,1485,1452,1590,2012,988,988,988,988,988,1500,988,1500,1500,1500,1500,1500,1500,1500,1500,1500,1500,1500,1500,1500,1500,1500,1500,1500,1500,1500,1500,8.3
2026-08-17,36:00.5,34,-96,166,-4,0,-1024,952,-1,-1,1,-1,-1,-1,-1,-1,-1,-1,-1,-1,0x0000000000000000,1499,1453,1581,1516,2012,988,988,988,988,988,1500,988,1500,1500,1500,1500,1500,1500,1500,1500,1500,1500,1500,1500,1500,1500,1500,1500,1500,1500,1500,1500,8.3
2026-08-17,36:00.6,0,-79,79,92,0,-1024,952,-1,-1,1,-1,-1,-1,-1,-1,-1,-1,-1,-1,0x0000000000000000,1545,1462,1538,1500,2012,988,988,988,988,988,1500,988,1500,1500,1500,1500,1500,1500,1500,1500,1500,1500,1500,1500,1500,1500,1500,1500,1500,1500,1500,1500,8.3
2026-08-17,36:00.7,74,-8,-284,311,0,-1024,952,-1,-1,1,-1,-1,-1,-1,-1,-1,-1,-1,-1,0x0000000000000000,1652,1496,1361,1536,2012,988,988,988,988,988,1500,988,1500,1500,1500,1500,1500,1500,1500,1500,1500,1500,1500,1500,1500,1500,1500,1500,1500,1500,1500,1500,8.3
2026-08-17,36:00.8,167,-2,-384,268,0,-1024,952,-1,-1,1,-1,-1,-1,-1,-1,-1,-1,-1,-1,0x0000000000000000,1631,1499,1313,1581,2012,988,988,988,988,988,1500,988,1500,1500,1500,1500,1500,1500,1500,1500,1500,1500,1500,1500,1500,1500,1500,1500,1500,1500,1500,1500,8.3
2026-08-17,36:00.9,79,-3,-274,150,0,-1024,952,-1,-1,1,-1,-1,-1,-1,-1,-1,-1,-1,-1,0x0000000000000000,1573,1499,1366,1538,2012,988,988,988,988,988,1500,988,1500,1500,1500,1500,1500,1500,1500,1500,1500,1500,1500,1500,1500,1500,1500,1500,1500,1500,1500,1500,8.3
2026-08-17,36:01.0,78,-4,-218,148,0,-1024,952,-1,-1,1,-1,-1,-1,-1,-1,-1,-1,-1,-1,0x0000000000000000,1572,1498,1394,1538,2012,988,988,988,988,988,1500,988,1500,1500,1500,1500,1500,1500,1500,1500,1500,1500,1500,1500,1500,1500,1500,1500,1500,1500,1500,1500,8.3
2026-08-17,36:01.1,109,-3,-208,159,0,-1024,952,-1,-1,1,-1,-1,-1,-1,-1,-1,-1,-1,-1,0x0000000000000000,1578,1499,1399,1553,2012,988,988,988,988,988,1500,988,1500,1500,1500,1500,1500,1500,1500,1500,1500,1500,1500,1500,1500,1500,1500,1500,1500,1500,1500,1500,8.3
2026-08-17,36:01.2,255,-2,-106,231,0,-1024,952,-1,-1,1,-1,-1,-1,-1,-1,-1,-1,-1,-1,0x0000000000000000,1613,1499,1448,1624,2012,988,988,988,988,988,1500,988,1500,1500,1500,1500,1500,1500,1500,1500,1500,1500,1500,1500,1500,1500,1500,1500,1500,1500,1500,1500,8.3
2026-08-17,36:01.3,58,-4,154,221,0,-1024,952,-1,-1,1,-1,-1,-1,-1,-1,-1,-1,-1,-1,0x0000000000000000,1608,1498,1575,1528,2012,988,988,988,988,988,1500,988,1500,1500,1500,1500,1500,1500,1500,1500,1500,1500,1500,1500,1500,1500,1500,1500,1500,1500,1500,1500,8.3
2026-08-17,36:01.4,86,-8,171,63,0,-1024,952,-1,-1,1,-1,-1,-1,-1,-1,-1,-1,-1,-1,0x0000000000000000,1531,1496,1583,1542,2012,988,988,988,988,988,1500,988,1500,1500,1500,1500,1500,1500,1500,1500,1500,1500,1500,1500,1500,1500,1500,1500,1500,1500,1500,1500,8.3
2026-08-17,36:01.5,149,-51,230,-2,0,-1024,952,-1,-1,1,-1,-1,-1,-1,-1,-1,-1,-1,-1,0x0000000000000000,1500,1475,1612,1573,2012,988,988,988,988,988,1500,988,1500,1500,1500,1500,1500,1500,1500,1500,1500,1500,1500,1500,1500,1500,1500,1500,1500,1500,1500,1500,8.3
2026-08-17,36:01.6,105,-108,107,-3,0,-1024,952,-1,-1,1,-1,-1,-1,-1,-1,-1,-1,-1,-1,0x0000000000000000,1499,1447,1552,1551,2012,988,988,988,988,988,1500,988,1500,1500,1500,1500,1500,1500,1500,1500,1500,1500,1500,1500,1500,1500,1500,1500,1500,1500,1500,1500,8.3
2026-08-17,36:01.7,122,-66,-164,0,0,-1024,952,-1,-1,1,-1,-1,-1,-1,-1,-1,-1,-1,-1,0x0000000000000000,1500,1468,1420,1559,2012,988,988,988,988,988,1500,988,1500,1500,1500,1500,1500,1500,1500,1500,1500,1500,1500,1500,1500,1500,1500,1500,1500,1500,1500,1500,8.3
2026-08-17,36:01.8,126,-10,-241,2,0,-1024,952,-1,-1,1,-1,-1,-1,-1,-1,-1,-1,-1,-1,0x0000000000000000,1501,1495,1382,1561,2012,988,988,988,988,988,1500,988,1500,1500,1500,1500,1500,1500,1500,1500,1500,1500,1500,1500,1500,1500,1500,1500,1500,1500,1500,1500,8.3
2026-08-17,36:01.9,4,-2,-186,0,0,-1024,952,-1,-1,1,-1,-1,-1,-1,-1,-1,-1,-1,-1,0x0000000000000000,1500,1499,1409,1502,2012,988,988,988,988,988,1500,988,1500,1500,1500,1500,1500,1500,1500,1500,1500,1500,1500,1500,1500,1500,1500,1500,1500,1500,1500,1500,8.3
2026-08-17,36:02.0,0,-1,-219,-4,0,-1024,952,-1,-1,1,-1,-1,-1,-1,-1,-1,-1,-1,-1,0x0000000000000000,1499,1500,1393,1500,2012,988,988,988,988,988,1500,988,1500,1500,1500,1500,1500,1500,1500,1500,1500,1500,1500,1500,1500,1500,1500,1500,1500,1500,1500,1500,8.3
2026-08-17,36:02.1,0,-1,-418,-17,0,-1024,952,-1,-1,1,-1,-1,-1,-1,-1,-1,-1,-1,-1,0x0000000000000000,1492,1500,1296,1500,2012,988,988,988,988,988,1500,988,1500,1500,1500,1500,1500,1500,1500,1500,1500,1500,1500,1500,1500,1500,1500,1500,1500,1500,1500,1500,8.3
2026-08-17,36:02.2,-251,-3,-472,-167,0,-1024,952,-1,-1,1,-1,-1,-1,-1,-1,-1,-1,-1,-1,0x0000000000000000,1419,1499,1270,1378,2012,988,988,988,988,988,1500,988,1500,1500,1500,1500,1500,1500,1500,1500,1500,1500,1500,1500,1500,1500,1500,1500,1500,1500,1500,1500,8.3
2026-08-17,36:02.3,-433,-4,-590,-333,0,-1024,952,-1,-1,1,-1,-1,-1,-1,-1,-1,-1,-1,-1,0x0000000000000000,1338,1498,1212,1289,2012,988,988,988,988,988,1500,988,1500,1500,1500,1500,1500,1500,1500,1500,1500,1500,1500,1500,1500,1500,1500,1500,1500,1500,1500,1500,8.3
2026-08-17,36:02.4,-472,-26,-725,-444,0,-1024,952,-1,-1,1,-1,-1,-1,-1,-1,-1,-1,-1,-1,0x0000000000000000,1284,1488,1146,1270,2012,988,988,988,988,988,1500,988,1500,1500,1500,1500,1500,1500,1500,1500,1500,1500,1500,1500,1500,1500,1500,1500,1500,1500,1500,1500,8.3
2026-08-17,36:02.5,-458,-31,-746,-489,0,-1024,952,-1,-1,1,-1,-1,-1,-1,-1,-1,-1,-1,-1,0x0000000000000000,1262,1485,1136,1276,2012,988,988,988,988,988,1500,988,1500,1500,1500,1500,1500,1500,1500,1500,1500,1500,1500,1500,1500,1500,1500,1500,1500,1500,1500,1500,8.3
2026-08-17,36:02.6,-431,-34,-735,-496,0,-1024,952,-1,-1,1,-1,-1,-1,-1,-1,-1,-1,-1,-1,0x0000000000000000,1258,1484,1141,1290,2012,988,988,988,988,988,1500,988,1500,1500,1500,1500,1500,1500,1500,1500,1500,1500,1500,1500,1500,1500,1500,1500,1500,1500,1500,1500,8.3
2026-08-17,36:02.7,-361,-124,-607,-423,0,-1024,952,-1,-1,1,-1,-1,-1,-1,-1,-1,-1,-1,-1,0x0000000000000000,1294,1440,1204,1324,2012,988,988,988,988,988,1500,988,1500,1500,1500,1500,1500,1500,1500,1500,1500,1500,1500,1500,1500,1500,1500,1500,1500,1500,1500,1500,8.3
2026-08-17,36:02.8,-315,-161,-566,-375,0,-1024,952,-1,-1,1,-1,-1,-1,-1,-1,-1,-1,-1,-1,0x0000000000000000,1317,1422,1224,1346,2012,988,988,988,988,988,1500,988,1500,1500,1500,1500,1500,1500,1500,1500,1500,1500,1500,1500,1500,1500,1500,1500,1500,1500,1500,1500,8.3
2026-08-17,36:02.9,-302,-192,-556,-348,0,-1024,952,-1,-1,1,-1,-1,-1,-1,-1,-1,-1,-1,-1,0x0000000000000000,1330,1406,1228,1353,2012,988,988,988,988,988,1500,988,1500,1500,1500,1500,1500,1500,1500,1500,1500,1500,1500,1500,1500,1500,1500,1500,1500,1500,1500,1500,8.3
2026-08-17,36:03.0,-217,-222,-431,-301,0,-1024,952,-1,-1,1,-1,-1,-1,-1,-1,-1,-1,-1,-1,0x0000000000000000,1353,1392,1290,1394,2012,988,988,988,988,988,1500,988,1500,1500,1500,1500,1500,1500,1500,1500,1500,1500,1500,1500,1500,1500,1500,1500,1500,1500,1500,1500,8.3
2026-08-17,36:03.1,-125,-134,-185,-95,0,-1024,952,-1,-1,1,-1,-1,-1,-1,-1,-1,-1,-1,-1,0x0000000000000000,1454,1435,1410,1439,2012,988,988,988,988,988,1500,988,1500,1500,1500,1500,1500,1500,1500,1500,1500,1500,1500,1500,1500,1500,1500,1500,1500,1500,1500,1500,8.3
2026-08-17,36:03.2,-143,-117,-57,-62,0,-1024,952,-1,-1,1,-1,-1,-1,-1,-1,-1,-1,-1,-1,0x0000000000000000,1470,1443,1472,1430,2012,988,988,988,988,988,1500,988,1500,1500,1500,1500,1500,1500,1500,1500,1500,1500,1500,1500,1500,1500,1500,1500,1500,1500,1500,1500,8.3
2026-08-17,36:03.3,-126,-96,59,-46,0,-1024,952,-1,-1,1,-1,-1,-1,-1,-1,-1,-1,-1,-1,0x0000000000000000,1478,1453,1529,1439,2012,988,988,988,988,988,1500,988,1500,1500,1500,1500,1500,1500,1500,1500,1500,1500,1500,1500,1500,1500,1500,1500,1500,1500,1500,1500,8.3
2026-08-17,36:03.4,-152,-87,115,-29,0,-1024,952,-1,-1,1,-1,-1,-1,-1,-1,-1,-1,-1,-1,0x0000000000000000,1487,1458,1556,1426,2012,988,988,988,988,988,1500,988,1500,1500,1500,1500,1500,1500,1500,1500,1500,1500,1500,1500,1500,1500,1500,1500,1500,1500,1500,1500,8.3
2026-08-17,36:03.5,-99,-56,47,-4,0,-1024,952,-1,-1,1,-1,-1,-1,-1,-1,-1,-1,-1,-1,0x0000000000000000,1499,1473,1523,1452,2012,988,988,988,988,988,1500,988,1500,1500,1500,1500,1500,1500,1500,1500,1500,1500,1500,1500,1500,1500,1500,1500,1500,1500,1500,1500,8.3
2026-08-17,36:03.6,-24,-21,-151,-2,0,-1024,952,-1,-1,1,-1,-1,-1,-1,-1,-1,-1,-1,-1,0x0000000000000000,1500,1490,1426,1489,2012,988,988,988,988,988,1500,988,1500,1500,1500,1500,1500,1500,1500,1500,1500,1500,1500,1500,1500,1500,1500,1500,1500,1500,1500,1500,8.3
2026-08-17,36:03.7,-25,-10,-323,0,0,-1024,952,-1,-1,1,-1,-1,-1,-1,-1,-1,-1,-1,-1,0x0000000000000000,1500,1495,1342,1488,2012,988,988,988,988,988,1500,988,1500,1500,1500,1500,1500,1500,1500,1500,1500,1500,1500,1500,1500,1500,1500,1500,1500,1500,1500,1500,8.3
2026-08-17,36:03.8,-77,-9,-387,-18,0,-1024,952,-1,-1,1,-1,-1,-1,-1,-1,-1,-1,-1,-1,0x0000000000000000,1492,1496,1311,1463,2012,988,988,988,988,988,1500,988,1500,1500,1500,1500,1500,1500,1500,1500,1500,1500,1500,1500,1500,1500,1500,1500,1500,1500,1500,1500,8.3
2026-08-17,36:03.9,-124,-28,-571,-166,0,-1024,952,-1,-1,1,-1,-1,-1,-1,-1,-1,-1,-1,-1,0x0000000000000000,1420,1487,1221,1440,2012,988,988,988,988,988,1500,988,1500,1500,1500,1500,1500,1500,1500,1500,1500,1500,1500,1500,1500,1500,1500,1500,1500,1500,1500,1500,8.3
2026-08-17,36:04.0,-150,-62,-609,-244,0,-1024,952,-1,-1,1,-1,-1,-1,-1,-1,-1,-1,-1,-1,0x0000000000000000,1381,1470,1203,1427,2012,988,988,988,988,988,1500,988,1500,1500,1500,1500,1500,1500,1500,1500,1500,1500,1500,1500,1500,1500,1500,1500,1500,1500,1500,1500,8.3
2026-08-17,36:04.1,-173,-92,-538,-261,0,-1024,952,-1,-1,1,-1,-1,-1,-1,-1,-1,-1,-1,-1,0x0000000000000000,1373,1455,1237,1416,2012,988,988,988,988,988,1500,988,1500,1500,1500,1500,1500,1500,1500,1500,1500,1500,1500,1500,1500,1500,1500,1500,1500,1500,1500,1500,8.3
2026-08-17,36:04.2,-186,-98,-431,-265,0,-1024,952,-1,-1,1,-1,-1,-1,-1,-1,-1,-1,-1,-1,0x0000000000000000,1371,1452,1290,1409,2012,988,988,988,988,988,1500,988,1500,1500,1500,1500,1500,1500,1500,1500,1500,1500,1500,1500,1500,1500,1500,1500,1500,1500,1500,1500,8.3
2026-08-17,36:04.3,-120,-97,-421,-180,0,-1024,952,-1,-1,1,-1,-1,-1,-1,-1,-1,-1,-1,-1,0x0000000000000000,1413,1453,1294,1442,2012,988,988,988,988,988,1500,988,1500,1500,1500,1500,1500,1500,1500,1500,1500,1500,1500,1500,1500,1500,1500,1500,1500,1500,1500,1500,8.3
2026-08-17,36:04.4,-1,-68,-305,-7,0,-1024,952,-1,-1,1,-1,-1,-1,-1,-1,-1,-1,-1,-1,0x0000000000000000,1497,1467,1351,1500,2012,988,988,988,988,988,1500,988,1500,1500,1500,1500,1500,1500,1500,1500,1500,1500,1500,1500,1500,1500,1500,1500,1500,1500,1500,1500,8.3
2026-08-17,36:04.5,0,-70,-109,27,0,-1024,952,-1,-1,1,-1,-1,-1,-1,-1,-1,-1,-1,-1,0x0000000000000000,1513,1466,1447,1500,2012,988,988,988,988,988,1500,988,1500,1500,1500,1500,1500,1500,1500,1500,1500,1500,1500,1500,1500,1500,1500,1500,1500,1500,1500,1500,8.3
2026-08-17,36:04.6,0,-34,-84,83,0,-1024,952,-1,-1,1,-1,-1,-1,-1,-1,-1,-1,-1,-1,0x0000000000000000,1541,1484,1459,1500,2012,988,988,988,988,988,1500,988,1500,1500,1500,1500,1500,1500,1500,1500,1500,1500,1500,1500,1500,1500,1500,1500,1500,1500,1500,1500,8.3
2026-08-17,36:04.7,25,-5,-261,231,0,-1024,952,-1,-1,1,-1,-1,-1,-1,-1,-1,-1,-1,-1,0x0000000000000000,1613,1498,1373,1512,2012,988,988,988,988,988,1500,988,1500,1500,1500,1500,1500,1500,1500,1500,1500,1500,1500,1500,1500,1500,1500,1500,1500,1500,1500,1500,8.3
2026-08-17,36:04.8,95,-2,-309,313,0,-1024,952,-1,-1,1,-1,-1,-1,-1,-1,-1,-1,-1,-1,0x0000000000000000,1653,1499,1349,1546,2012,988,988,988,988,988,1500,988,1500,1500,1500,1500,1500,1500,1500,1500,1500,1500,1500,1500,1500,1500,1500,1500,1500,1500,1500,1500,8.3
2026-08-17,36:04.9,1,-8,-355,193,0,-1024,952,-1,-1,1,-1,-1,-1,-1,-1,-1,-1,-1,-1,0x0000000000000000,1594,1496,1327,1500,2012,988,988,988,988,988,1500,988,1500,1500,1500,1500,1500,1500,1500,1500,1500,1500,1500,1500,1500,1500,1500,1500,1500,1500,1500,1500,8.3
2026-08-17,36:05.0,0,-23,-425,188,0,-1024,952,-1,-1,1,-1,-1,-1,-1,-1,-1,-1,-1,-1,0x0000000000000000,1592,1489,1293,1500,2012,988,988,988,988,988,1500,988,1500,1500,1500,1500,1500,1500,1500,1500,1500,1500,1500,1500,1500,1500,1500,1500,1500,1500,1500,1500,8.3
2026-08-17,36:05.1,0,-19,-400,222,0,-1024,952,-1,-1,1,-1,-1,-1,-1,-1,-1,-1,-1,-1,0x0000000000000000,1609,1491,1305,1500,2012,988,988,988,988,988,1500,988,1500,1500,1500,1500,1500,1500,1500,1500,1500,1500,1500,1500,1500,1500,1500,1500,1500,1500,1500,1500,8.3
2026-08-17,36:05.2,0,-4,-332,228,0,-1024,952,-1,-1,1,-1,-1,-1,-1,-1,-1,-1,-1,-1,0x0000000000000000,1611,1498,1338,1500,2012,988,988,988,988,988,1500,988,1500,1500,1500,1500,1500,1500,1500,1500,1500,1500,1500,1500,1500,1500,1500,1500,1500,1500,1500,1500,8.3
2026-08-17,36:05.3,0,-3,-312,43,0,-1024,952,-1,-1,1,-1,-1,-1,-1,-1,-1,-1,-1,-1,0x0000000000000000,1521,1499,1348,1500,2012,988,988,988,988,988,1500,988,1500,1500,1500,1500,1500,1500,1500,1500,1500,1500,1500,1500,1500,1500,1500,1500,1500,1500,1500,1500,8.3
2026-08-17,36:05.4,0,-4,-295,-3,0,-1024,952,-1,-1,1,-1,-1,-1,-1,-1,-1,-1,-1,-1,0x0000000000000000,1499,1498,1356,1500,2012,988,988,988,988,988,1500,988,1500,1500,1500,1500,1500,1500,1500,1500,1500,1500,1500,1500,1500,1500,1500,1500,1500,1500,1500,1500,8.3
2026-08-17,36:05.5,0,-5,-277,-5,0,-1024,952,-1,-1,1,-1,-1,-1,-1,-1,-1,-1,-1,-1,0x0000000000000000,1498,1498,1365,1500,2012,988,988,988,988,988,1500,988,1500,1500,1500,1500,1500,1500,1500,1500,1500,1500,1500,1500,1500,1500,1500,1500,1500,1500,1500,1500,8.3
2026-08-17,36:05.6,0,-62,-290,-36,0,-1024,952,-1,-1,1,-1,-1,-1,-1,-1,-1,-1,-1,-1,0x0000000000000000,1483,1470,1359,1500,2012,988,988,988,988,988,1500,988,1500,1500,1500,1500,1500,1500,1500,1500,1500,1500,1500,1500,1500,1500,1500,1500,1500,1500,1500,1500,8.3
2026-08-17,36:05.7,0,-95,-291,-6,0,-1024,952,-1,-1,1,-1,-1,-1,-1,-1,-1,-1,-1,-1,0x0000000000000000,1498,1454,1358,1500,2012,988,988,988,988,988,1500,988,1500,1500,1500,1500,1500,1500,1500,1500,1500,1500,1500,1500,1500,1500,1500,1500,1500,1500,1500,1500,8.3
2026-08-17,36:05.8,1,-69,-347,154,0,-1024,952,-1,-1,1,-1,-1,-1,-1,-1,-1,-1,-1,-1,0x0000000000000000,1575,1467,1331,1500,2012,988,988,988,988,988,1500,988,1500,1500,1500,1500,1500,1500,1500,1500,1500,1500,1500,1500,1500,1500,1500,1500,1500,1500,1500,1500,8.3
2026-08-17,36:05.9,57,-63,-85,183,0,-1024,952,-1,-1,1,-1,-1,-1,-1,-1,-1,-1,-1,-1,0x0000000000000000,1590,1469,1459,1528,2012,988,988,988,988,988,1500,988,1500,1500,1500,1500,1500,1500,1500,1500,1500,1500,1500,1500,1500,1500,1500,1500,1500,1500,1500,1500,8.3
2026-08-17,36:06.0,62,-89,-20,106,0,-1024,952,-1,-1,1,-1,-1,-1,-1,-1,-1,-1,-1,-1,0x0000000000000000,1552,1457,1490,1530,2012,988,988,988,988,988,1500,988,1500,1500,1500,1500,1500,1500,1500,1500,1500,1500,1500,1500,1500,1500,1500,1500,1500,1500,1500,1500,8.3
2026-08-17,36:06.1,64,-93,-62,-1,0,-1024,952,-1,-1,1,-1,-1,-1,-1,-1,-1,-1,-1,-1,0x0000000000000000,1500,1455,1470,1531,2012,988,988,988,988,988,1500,988,1500,1500,1500,1500,1500,1500,1500,1500,1500,1500,1500,1500,1500,1500,1500,1500,1500,1500,1500,1500,8.3
2026-08-17,36:06.2,34,-54,-265,-4,0,-1024,952,-1,-1,1,-1,-1,-1,-1,-1,-1,-1,-1,-1,0x0000000000000000,1499,1474,1371,1516,2012,988,988,988,988,988,1500,988,1500,1500,1500,1500,1500,1500,1500,1500,1500,1500,1500,1500,1500,1500,1500,1500,1500,1500,1500,1500,8.3
2026-08-17,36:06.3,1,-81,-656,-59,0,-1024,952,-1,-1,1,-1,-1,-1,-1,-1,-1,-1,-1,-1,0x0000000000000000,1472,1461,1180,1500,2012,988,988,988,988,988,1500,988,1500,1500,1500,1500,1500,1500,1500,1500,1500,1500,1500,1500,1500,1500,1500,1500,1500,1500,1500,1500,8.3
2026-08-17,36:06.4,0,-148,-787,-174,0,-1024,952,-1,-1,1,-1,-1,-1,-1,-1,-1,-1,-1,-1,0x0000000000000000,1416,1428,1116,1500,2012,988,988,988,988,988,1500,988,1500,1500,1500,1500,1500,1500,1500,1500,1500,1500,1500,1500,1500,1500,1500,1500,1500,1500,1500,1500,8.3
2026-08-17,36:06.5,0,-186,-789,-221,0,-1024,952,-1,-1,1,-1,-1,-1,-1,-1,-1,-1,-1,-1,0x0000000000000000,1393,1409,1115,1500,2012,988,988,988,988,988,1500,988,1500,1500,1500,1500,1500,1500,1500,1500,1500,1500,1500,1500,1500,1500,1500,1500,1500,1500,1500,1500,8.3
2026-08-17,36:06.6,0,-178,-629,-184,0,-1024,952,-1,-1,1,-1,-1,-1,-1,-1,-1,-1,-1,-1,0x0000000000000000,1411,1413,1193,1500,2012,988,988,988,988,988,1500,988,1500,1500,1500,1500,1500,1500,1500,1500,1500,1500,1500,1500,1500,1500,1500,1500,1500,1500,1500,1500,8.3
2026-08-17,36:06.7,18,-88,-382,-2,0,-1024,952,-1,-1,1,-1,-1,-1,-1,-1,-1,-1,-1,-1,0x0000000000000000,1500,1457,1314,1509,2012,988,988,988,988,988,1500,988,1500,1500,1500,1500,1500,1500,1500,1500,1500,1500,1500,1500,1500,1500,1500,1500,1500,1500,1500,1500,8.3
2026-08-17,36:06.8,93,-7,-75,137,0,-1024,952,-1,-1,1,-1,-1,-1,-1,-1,-1,-1,-1,-1,0x0000000000000000,1567,1497,1464,1545,2012,988,988,988,988,988,1500,988,1500,1500,1500,1500,1500,1500,1500,1500,1500,1500,1500,1500,1500,1500,1500,1500,1500,1500,1500,1500,8.3
2026-08-17,36:06.9,169,20,-320,230,0,-1024,952,-1,-1,1,-1,-1,-1,-1,-1,-1,-1,-1,-1,0x0000000000000000,1612,1510,1344,1582,2012,988,988,988,988,988,1500,988,1500,1500,1500,1500,1500,1500,1500,1500,1500,1500,1500,1500,1500,1500,1500,1500,1500,1500,1500,1500,8.3
2026-08-17,36:07.0,254,55,-377,208,0,-1024,952,-1,-1,1,-1,-1,-1,-1,-1,-1,-1,-1,-1,0x0000000000000000,1602,1527,1316,1624,2012,988,988,988,988,988,1500,988,1500,1500,1500,1500,1500,1500,1500,1500,1500,1500,1500,1500,1500,1500,1500,1500,1500,1500,1500,1500,8.3
2026-08-17,36:07.1,2,37,-161,69,0,-1024,952,-1,-1,1,-1,-1,-1,-1,-1,-1,-1,-1,-1,0x0000000000000000,1534,1518,1422,1501,2012,988,988,988,988,988,1500,988,1500,1500,1500,1500,1500,1500,1500,1500,1500,1500,1500,1500,1500,1500,1500,1500,1500,1500,1500,1500,8.3
2026-08-17,36:07.2,0,2,-430,-27,0,-1024,952,-1,-1,1,-1,-1,-1,-1,-1,-1,-1,-1,-1,0x0000000000000000,1488,1501,1290,1500,2012,988,988,988,988,988,1500,988,1500,1500,1500,1500,1500,1500,1500,1500,1500,1500,1500,1500,1500,1500,1500,1500,1500,1500,1500,1500,8.3
2026-08-17,36:07.3,-63,-8,-214,-151,0,-1024,952,-1,-1,1,-1,-1,-1,-1,-1,-1,-1,-1,-1,0x0000000000000000,1427,1496,1396,1469,2012,988,988,988,988,988,1500,988,1500,1500,1500,1500,1500,1500,1500,1500,1500,1500,1500,1500,1500,1500,1500,1500,1500,1500,1500,1500,8.3
2026-08-17,36:07.4,-37,-5,19,-133,0,-1024,952,-1,-1,1,-1,-1,-1,-1,-1,-1,-1,-1,-1,0x0000000000000000,1436,1498,1509,1482,2012,988,988,988,988,988,1500,988,1500,1500,1500,1500,1500,1500,1500,1500,1500,1500,1500,1500,1500,1500,1500,1500,1500,1500,1500,1500,8.3
2026-08-17,36:07.5,0,-1,-404,-7,0,-1024,952,-1,-1,1,-1,-1,-1,-1,-1,-1,-1,-1,-1,0x0000000000000000,1497,1500,1303,1500,2012,988,988,988,988,988,1500,988,1500,1500,1500,1500,1500,1500,1500,1500,1500,1500,1500,1500,1500,1500,1500,1500,1500,1500,1500,1500,8.3
2026-08-17,36:07.6,0,-2,-333,-2,0,-1024,952,-1,-1,1,-1,-1,-1,-1,-1,-1,-1,-1,-1,0x0000000000000000,1500,1499,1337,1500,2012,988,988,988,988,988,1500,988,1500,1500,1500,1500,1500,1500,1500,1500,1500,1500,1500,1500,1500,1500,1500,1500,1500,1500,1500,1500,8.3
2026-08-17,36:07.7,0,-1,-19,0,0,-1024,952,-1,-1,1,-1,-1,-1,-1,-1,-1,-1,-1,-1,0x0000000000000000,1500,1500,1491,1500,2012,988,988,988,988,988,1500,988,1500,1500,1500,1500,1500,1500,1500,1500,1500,1500,1500,1500,1500,1500,1500,1500,1500,1500,1500,1500,8.3
2026-08-17,36:07.8,13,0,-362,1,0,-1024,952,-1,-1,1,-1,-1,-1,-1,-1,-1,-1,-1,-1,0x0000000000000000,1501,1500,1323,1506,2012,988,988,988,988,988,1500,988,1500,1500,1500,1500,1500,1500,1500,1500,1500,1500,1500,1500,1500,1500,1500,1500,1500,1500,1500,1500,8.3
2026-08-17,36:07.9,1,12,-461,0,0,-1024,952,-1,-1,1,-1,-1,-1,-1,-1,-1,-1,-1,-1,0x0000000000000000,1500,1506,1275,1500,2012,988,988,988,988,988,1500,988,1500,1500,1500,1500,1500,1500,1500,1500,1500,1500,1500,1500,1500,1500,1500,1500,1500,1500,1500,1500,8.3
2026-08-17,36:08.0,101,38,-243,1,0,-1024,952,-1,-1,1,-1,-1,-1,-1,-1,-1,-1,-1,-1,0x0000000000000000,1501,1518,1381,1549,2012,988,988,988,988,988,1500,988,1500,1500,1500,1500,1500,1500,1500,1500,1500,1500,1500,1500,1500,1500,1500,1500,1500,1500,1500,1500,8.3
2026-08-17,36:08.1,62,3,-442,51,0,-1024,952,-1,-1,1,-1,-1,-1,-1,-1,-1,-1,-1,-1,0x0000000000000000,1525,1501,1284,1530,2012,988,988,988,988,988,1500,988,1500,1500,1500,1500,1500,1500,1500,1500,1500,1500,1500,1500,1500,1500,1500,1500,1500,1500,1500,1500,8.3
2026-08-17,36:08.2,124,0,-514,126,0,-1024,952,-1,-1,1,-1,-1,-1,-1,-1,-1,-1,-1,-1,0x0000000000000000,1562,1500,1249,1560,2012,988,988,988,988,988,1500,988,1500,1500,1500,1500,1500,1500,1500,1500,1500,1500,1500,1500,1500,1500,1500,1500,1500,1500,1500,1500,8.3
2026-08-17,36:08.3,227,-3,-486,24,0,-1024,952,-1,-1,1,-1,-1,-1,-1,-1,-1,-1,-1,-1,0x0000000000000000,1512,1499,1263,1611,2012,988,988,988,988,988,1500,988,1500,1500,1500,1500,1500,1500,1500,1500,1500,1500,1500,1500,1500,1500,1500,1500,1500,1500,1500,1500,8.3
2026-08-17,36:08.4,232,-3,-448,1,0,-1024,952,-1,-1,1,-1,-1,-1,-1,-1,-1,-1,-1,-1,0x0000000000000000,1501,1499,1281,1613,2012,988,988,988,988,988,1500,988,1500,1500,1500,1500,1500,1500,1500,1500,1500,1500,1500,1500,1500,1500,1500,1500,1500,1500,1500,1500,8.3
2026-08-17,36:08.5,63,-1,-288,-2,0,-1024,952,-1,-1,1,-1,-1,-1,-1,-1,-1,-1,-1,-1,0x0000000000000000,1500,1500,1359,1531,2012,988,988,988,988,988,1500,988,1500,1500,1500,1500,1500,1500,1500,1500,1500,1500,1500,1500,1500,1500,1500,1500,1500,1500,1500,1500,8.3
2026-08-17,36:08.6,4,-1,-160,-4,0,-1024,952,-1,-1,1,-1,-1,-1,-1,-1,-1,-1,-1,-1,0x0000000000000000,1499,1500,1422,1502,2012,988,988,988,988,988,1500,988,1500,1500,1500,1500,1500,1500,1500,1500,1500,1500,1500,1500,1500,1500,1500,1500,1500,1500,1500,1500,8.3
2026-08-17,36:08.7,0,0,-134,-4,0,-1024,952,-1,-1,1,-1,-1,-1,-1,-1,-1,-1,-1,-1,0x0000000000000000,1499,1500,1435,1500,2012,988,988,988,988,988,1500,988,1500,1500,1500,1500,1500,1500,1500,1500,1500,1500,1500,1500,1500,1500,1500,1500,1500,1500,1500,1500,8.3
2026-08-17,36:08.8,2,1,-293,-2,0,-1024,952,-1,-1,1,-1,-1,-1,-1,-1,-1,-1,-1,-1,0x0000000000000000,1500,1500,1357,1501,2012,988,988,988,988,988,1500,988,1500,1500,1500,1500,1500,1500,1500,1500,1500,1500,1500,1500,1500,1500,1500,1500,1500,1500,1500,1500,8.3
2026-08-17,36:08.9,10,27,-303,-1,0,-1024,952,-1,-1,1,-1,-1,-1,-1,-1,-1,-1,-1,-1,0x0000000000000000,1500,1513,1352,1505,2012,988,988,988,988,988,1500,988,1500,1500,1500,1500,1500,1500,1500,1500,1500,1500,1500,1500,1500,1500,1500,1500,1500,1500,1500,1500,8.3
2026-08-17,36:09.0,10,53,-321,-2,0,-1024,952,-1,-1,1,-1,-1,-1,-1,-1,-1,-1,-1,-1,0x0000000000000000,1500,1526,1343,1505,2012,988,988,988,988,988,1500,988,1500,1500,1500,1500,1500,1500,1500,1500,1500,1500,1500,1500,1500,1500,1500,1500,1500,1500,1500,1500,8.3
2026-08-17,36:09.1,9,28,-329,-4,0,-1024,952,-1,-1,1,-1,-1,-1,-1,-1,-1,-1,-1,-1,0x0000000000000000,1499,1513,1339,1504,2012,988,988,988,988,988,1500,988,1500,1500,1500,1500,1500,1500,1500,1500,1500,1500,1500,1500,1500,1500,1500,1500,1500,1500,1500,1500,8.3
2026-08-17,36:09.2,1,3,-229,-9,0,-1024,952,-1,-1,1,-1,-1,-1,-1,-1,-1,-1,-1,-1,0x0000000000000000,1496,1501,1388,1500,2012,988,988,988,988,988,1500,988,1500,1500,1500,1500,1500,1500,1500,1500,1500,1500,1500,1500,1500,1500,1500,1500,1500,1500,1500,1500,8.3
2026-08-17,36:09.3,0,1,-204,-9,0,-1024,952,-1,-1,1,-1,-1,-1,-1,-1,-1,-1,-1,-1,0x0000000000000000,1496,1500,1401,1500,2012,988,988,988,988,988,1500,988,1500,1500,1500,1500,1500,1500,1500,1500,1500,1500,1500,1500,1500,1500,1500,1500,1500,1500,1500,1500,8.3
2026-08-17,36:09.4,0,1,-300,-5,0,-1024,952,-1,-1,1,-1,-1,-1,-1,-1,-1,-1,-1,-1,0x0000000000000000,1498,1500,1354,1500,2012,988,988,988,988,988,1500,988,1500,1500,1500,1500,1500,1500,1500,1500,1500,1500,1500,1500,1500,1500,1500,1500,1500,1500,1500,1500,8.3
2026-08-17,36:09.5,0,24,-324,-5,0,-1024,952,-1,-1,1,-1,-1,-1,-1,-1,-1,-1,-1,-1,0x0000000000000000,1498,1511,1342,1500,2012,988,988,988,988,988,1500,988,1500,1500,1500,1500,1500,1500,1500,1500,1500,1500,1500,1500,1500,1500,1500,1500,1500,1500,1500,1500,8.3
2026-08-17,36:09.6,0,61,-347,-5,0,-1024,952,-1,-1,1,-1,-1,-1,-1,-1,-1,-1,-1,-1,0x0000000000000000,1498,1530,1331,1500,2012,988,988,988,988,988,1500,988,1500,1500,1500,1500,1500,1500,1500,1500,1500,1500,1500,1500,1500,1500,1500,1500,1500,1500,1500,1500,8.3
2026-08-17,36:09.7,0,46,-368,-46,0,-1024,952,-1,-1,1,-1,-1,-1,-1,-1,-1,-1,-1,-1,0x0000000000000000,1478,1522,1320,1500,2012,988,988,988,988,988,1500,988,1500,1500,1500,1500,1500,1500,1500,1500,1500,1500,1500,1500,1500,1500,1500,1500,1500,1500,1500,1500,8.3
2026-08-17,36:09.8,0,1,-376,-137,0,-1024,952,-1,-1,1,-1,-1,-1,-1,-1,-1,-1,-1,-1,0x0000000000000000,1434,1500,1316,1500,2012,988,988,988,988,988,1500,988,1500,1500,1500,1500,1500,1500,1500,1500,1500,1500,1500,1500,1500,1500,1500,1500,1500,1500,1500,1500,8.3
2026-08-17,36:09.9,0,0,-353,-134,0,-1024,952,-1,-1,1,-1,-1,-1,-1,-1,-1,-1,-1,-1,0x0000000000000000,1435,1500,1328,1500,2012,988,988,988,988,988,1500,988,1500,1500,1500,1500,1500,1500,1500,1500,1500,1500,1500,1500,1500,1500,1500,1500,1500,1500,1500,1500,8.3
2026-08-17,36:10.0,0,0,-366,-136,0,-1024,952,-1,-1,1,-1,-1,-1,-1,-1,-1,-1,-1,-1,0x0000000000000000,1434,1500,1321,1500,2012,988,988,988,988,988,1500,988,1500,1500,1500,1500,1500,1500,1500,1500,1500,1500,1500,1500,1500,1500,1500,1500,1500,1500,1500,1500,8.3
2026-08-17,36:10.1,0,3,-390,-130,0,-1024,952,-1,-1,1,-1,-1,-1,-1,-1,-1,-1,-1,-1,0x0000000000000000,1437,1501,1310,1500,2012,988,988,988,988,988,1500,988,1500,1500,1500,1500,1500,1500,1500,1500,1500,1500,1500,1500,1500,1500,1500,1500,1500,1500,1500,1500,8.3
2026-08-17,36:10.2,0,2,-343,-106,0,-1024,952,-1,-1,1,-1,-1,-1,-1,-1,-1,-1,-1,-1,0x0000000000000000,1449,1501,1333,1500,2012,988,988,988,988,988,1500,988,1500,1500,1500,1500,1500,1500,1500,1500,1500,1500,1500,1500,1500,1500,1500,1500,1500,1500,1500,1500,8.3
2026-08-17,36:10.3,0,0,-211,-16,0,-1024,952,-1,-1,1,-1,-1,-1,-1,-1,-1,-1,-1,-1,0x0000000000000000,1493,1500,1397,1500,2012,988,988,988,988,988,1500,988,1500,1500,1500,1500,1500,1500,1500,1500,1500,1500,1500,1500,1500,1500,1500,1500,1500,1500,1500,1500,8.3
2026-08-17,36:10.4,0,0,-217,25,0,-1024,952,-1,-1,1,-1,-1,-1,-1,-1,-1,-1,-1,-1,0x0000000000000000,1512,1500,1394,1500,2012,988,988,988,988,988,1500,988,1500,1500,1500,1500,1500,1500,1500,1500,1500,1500,1500,1500,1500,1500,1500,1500,1500,1500,1500,1500,8.3
2026-08-17,36:10.5,0,23,-259,102,0,-1024,952,-1,-1,1,-1,-1,-1,-1,-1,-1,-1,-1,-1,0x0000000000000000,1550,1511,1374,1500,2012,988,988,988,988,988,1500,988,1500,1500,1500,1500,1500,1500,1500,1500,1500,1500,1500,1500,1500,1500,1500,1500,1500,1500,1500,1500,8.3
2026-08-17,36:10.6,0,32,-296,120,0,-1024,952,-1,-1,1,-1,-1,-1,-1,-1,-1,-1,-1,-1,0x0000000000000000,1559,1515,1356,1500,2012,988,988,988,988,988,1500,988,1500,1500,1500,1500,1500,1500,1500,1500,1500,1500,1500,1500,1500,1500,1500,1500,1500,1500,1500,1500,8.3
2026-08-17,36:10.7,0,33,-361,112,0,-1024,952,-1,-1,1,-1,-1,-1,-1,-1,-1,-1,-1,-1,0x0000000000000000,1555,1516,1324,1500,2012,988,988,988,988,988,1500,988,1500,1500,1500,1500,1500,1500,1500,1500,1500,1500,1500,1500,1500,1500,1500,1500,1500,1500,1500,1500,8.3
2026-08-17,36:10.8,0,2,-361,17,0,-1024,952,-1,-1,1,-1,-1,-1,-1,-1,-1,-1,-1,-1,0x0000000000000000,1509,1501,1324,1500,2012,988,988,988,988,988,1500,988,1500,1500,1500,1500,1500,1500,1500,1500,1500,1500,1500,1500,1500,1500,1500,1500,1500,1500,1500,1500,8.3
2026-08-17,36:10.9,0,-2,-282,-2,0,-1024,952,-1,-1,1,-1,-1,-1,-1,-1,-1,-1,-1,-1,0x0000000000000000,1500,1499,1362,1500,2012,988,988,988,988,988,1500,988,1500,1500,1500,1500,1500,1500,1500,1500,1500,1500,1500,1500,1500,1500,1500,1500,1500,1500,1500,1500,8.3
2026-08-17,36:11.0,0,-15,-267,-5,0,-1024,952,-1,-1,1,-1,-1,-1,-1,-1,-1,-1,-1,-1,0x0000000000000000,1498,1493,1370,1500,2012,988,988,988,988,988,1500,988,1500,1500,1500,1500,1500,1500,1500,1500,1500,1500,1500,1500,1500,1500,1500,1500,1500,1500,1500,1500,8.3
2026-08-17,36:11.1,0,-59,-277,-5,0,-1024,952,-1,-1,1,-1,-1,-1,-1,-1,-1,-1,-1,-1,0x0000000000000000,1498,1471,1365,1500,2012,988,988,988,988,988,1500,988,1500,1500,1500,1500,1500,1500,1500,1500,1500,1500,1500,1500,1500,1500,1500,1500,1500,1500,1500,1500,8.3
2026-08-17,36:11.2,0,-61,-244,26,0,-1024,952,-1,-1,1,-1,-1,-1,-1,-1,-1,-1,-1,-1,0x0000000000000000,1513,1470,1381,1500,2012,988,988,988,988,988,1500,988,1500,1500,1500,1500,1500,1500,1500,1500,1500,1500,1500,1500,1500,1500,1500,1500,1500,1500,1500,1500,8.3
2026-08-17,36:11.3,4,-18,-220,118,0,-1024,952,-1,-1,1,-1,-1,-1,-1,-1,-1,-1,-1,-1,0x0000000000000000,1558,1491,1393,1502,2012,988,988,988,988,988,1500,988,1500,1500,1500,1500,1500,1500,1500,1500,1500,1500,1500,1500,1500,1500,1500,1500,1500,1500,1500,1500,8.3
2026-08-17,36:11.4,43,-2,-342,113,0,-1024,952,-1,-1,1,-1,-1,-1,-1,-1,-1,-1,-1,-1,0x0000000000000000,1555,1499,1333,1521,2012,988,988,988,988,988,1500,988,1500,1500,1500,1500,1500,1500,1500,1500,1500,1500,1500,1500,1500,1500,1500,1500,1500,1500,1500,1500,8.3
2026-08-17,36:11.5,64,1,-409,95,0,-1024,952,-1,-1,1,-1,-1,-1,-1,-1,-1,-1,-1,-1,0x0000000000000000,1547,1500,1300,1531,2012,988,988,988,988,988,1500,988,1500,1500,1500,1500,1500,1500,1500,1500,1500,1500,1500,1500,1500,1500,1500,1500,1500,1500,1500,1500,8.3
2026-08-17,36:11.6,89,1,-372,84,0,-1024,952,-1,-1,1,-1,-1,-1,-1,-1,-1,-1,-1,-1,0x0000000000000000,1541,1500,1318,1543,2012,988,988,988,988,988,1500,988,1500,1500,1500,1500,1500,1500,1500,1500,1500,1500,1500,1500,1500,1500,1500,1500,1500,1500,1500,1500,8.3
2026-08-17,36:11.7,32,1,-307,1,0,-1024,952,-1,-1,1,-1,-1,-1,-1,-1,-1,-1,-1,-1,0x0000000000000000,1501,1500,1350,1515,2012,988,988,988,988,988,1500,988,1500,1500,1500,1500,1500,1500,1500,1500,1500,1500,1500,1500,1500,1500,1500,1500,1500,1500,1500,1500,8.3
2026-08-17,36:11.8,0,22,-331,-19,0,-1024,952,-1,-1,1,-1,-1,-1,-1,-1,-1,-1,-1,-1,0x0000000000000000,1491,1510,1338,1500,2012,988,988,988,988,988,1500,988,1500,1500,1500,1500,1500,1500,1500,1500,1500,1500,1500,1500,1500,1500,1500,1500,1500,1500,1500,1500,8.3
2026-08-17,36:11.9,0,1,-338,-69,0,-1024,952,-1,-1,1,-1,-1,-1,-1,-1,-1,-1,-1,-1,0x0000000000000000,1467,1500,1335,1500,2012,988,988,988,988,988,1500,988,1500,1500,1500,1500,1500,1500,1500,1500,1500,1500,1500,1500,1500,1500,1500,1500,1500,1500,1500,1500,8.3
2026-08-17,36:12.0,0,-2,-317,-108,0,-1024,952,-1,-1,1,-1,-1,-1,-1,-1,-1,-1,-1,-1,0x0000000000000000,1448,1499,1345,1500,2012,988,988,988,988,988,1500,988,1500,1500,1500,1500,1500,1500,1500,1500,1500,1500,1500,1500,1500,1500,1500,1500,1500,1500,1500,1500,8.3
2026-08-17,36:12.1,0,-2,-313,-99,0,-1024,952,-1,-1,1,-1,-1,-1,-1,-1,-1,-1,-1,-1,0x0000000000000000,1452,1499,1347,1500,2012,988,988,988,988,988,1500,988,1500,1500,1500,1500,1500,1500,1500,1500,1500,1500,1500,1500,1500,1500,1500,1500,1500,1500,1500,1500,8.3
2026-08-17,36:12.2,0,-1,-297,-91,0,-1024,952,-1,-1,1,-1,-1,-1,-1,-1,-1,-1,-1,-1,0x0000000000000000,1456,1500,1355,1500,2012,988,988,988,988,988,1500,988,1500,1500,1500,1500,1500,1500,1500,1500,1500,1500,1500,1500,1500,1500,1500,1500,1500,1500,1500,1500,8.3
2026-08-17,36:12.3,0,0,-209,-77,0,-1024,952,-1,-1,1,-1,-1,-1,-1,-1,-1,-1,-1,-1,0x0000000000000000,1463,1500,1398,1500,2012,988,988,988,988,988,1500,988,1500,1500,1500,1500,1500,1500,1500,1500,1500,1500,1500,1500,1500,1500,1500,1500,1500,1500,1500,1500,8.3
2026-08-17,36:12.4,0,0,-200,-58,0,-1024,952,-1,-1,1,-1,-1,-1,-1,-1,-1,-1,-1,-1,0x0000000000000000,1472,1500,1402,1500,2012,988,988,988,988,988,1500,988,1500,1500,1500,1500,1500,1500,1500,1500,1500,1500,1500,1500,1500,1500,1500,1500,1500,1500,1500,1500,8.3
2026-08-17,36:12.5,-20,1,-260,-51,0,-1024,952,-1,-1,1,-1,-1,-1,-1,-1,-1,-1,-1,-1,0x0000000000000000,1476,1500,1373,1490,2012,988,988,988,988,988,1500,988,1500,1500,1500,1500,1500,1500,1500,1500,1500,1500,1500,1500,1500,1500,1500,1500,1500,1500,1500,1500,8.3
2026-08-17,36:12.6,-36,1,-290,-30,0,-1024,952,-1,-1,1,-1,-1,-1,-1,-1,-1,-1,-1,-1,0x0000000000000000,1486,1500,1359,1483,2012,988,988,988,988,988,1500,988,1500,1500,1500,1500,1500,1500,1500,1500,1500,1500,1500,1500,1500,1500,1500,1500,1500,1500,1500,1500,8.3
2026-08-17,36:12.7,-2,0,-380,-4,0,-1024,952,-1,-1,1,-1,-1,-1,-1,-1,-1,-1,-1,-1,0x0000000000000000,1499,1500,1315,1499,2012,988,988,988,988,988,1500,988,1500,1500,1500,1500,1500,1500,1500,1500,1500,1500,1500,1500,1500,1500,1500,1500,1500,1500,1500,1500,8.3
2026-08-17,36:12.8,0,-1,-390,38,0,-1024,952,-1,-1,1,-1,-1,-1,-1,-1,-1,-1,-1,-1,0x0000000000000000,1519,1500,1310,1500,2012,988,988,988,988,988,1500,988,1500,1500,1500,1500,1500,1500,1500,1500,1500,1500,1500,1500,1500,1500,1500,1500,1500,1500,1500,1500,8.3
2026-08-17,36:12.9,0,-3,-346,46,0,-1024,952,-1,-1,1,-1,-1,-1,-1,-1,-1,-1,-1,-1,0x0000000000000000,1523,1499,1331,1500,2012,988,988,988,988,988,1500,988,1500,1500,1500,1500,1500,1500,1500,1500,1500,1500,1500,1500,1500,1500,1500,1500,1500,1500,1500,1500,8.3
2026-08-17,36:13.0,0,-2,-327,6,0,-1024,952,-1,-1,1,-1,-1,-1,-1,-1,-1,-1,-1,-1,0x0000000000000000,1503,1499,1340,1500,2012,988,988,988,988,988,1500,988,1500,1500,1500,1500,1500,1500,1500,1500,1500,1500,1500,1500,1500,1500,1500,1500,1500,1500,1500,1500,8.3
2026-08-17,36:13.1,0,-2,-271,-4,0,-1024,952,-1,-1,1,-1,-1,-1,-1,-1,-1,-1,-1,-1,0x0000000000000000,1499,1499,1368,1500,2012,988,988,988,988,988,1500,988,1500,1500,1500,1500,1500,1500,1500,1500,1500,1500,1500,1500,1500,1500,1500,1500,1500,1500,1500,1500,8.3
2026-08-17,36:13.2,0,-1,-239,-34,0,-1024,952,-1,-1,1,-1,-1,-1,-1,-1,-1,-1,-1,-1,0x0000000000000000,1484,1500,1383,1500,2012,988,988,988,988,988,1500,988,1500,1500,1500,1500,1500,1500,1500,1500,1500,1500,1500,1500,1500,1500,1500,1500,1500,1500,1500,1500,8.3
2026-08-17,36:13.3,0,-2,-232,-30,0,-1024,952,-1,-1,1,-1,-1,-1,-1,-1,-1,-1,-1,-1,0x0000000000000000,1486,1499,1387,1500,2012,988,988,988,988,988,1500,988,1500,1500,1500,1500,1500,1500,1500,1500,1500,1500,1500,1500,1500,1500,1500,1500,1500,1500,1500,1500,8.3
2026-08-17,36:13.4,0,-1,-231,-6,0,-1024,952,-1,-1,1,-1,-1,-1,-1,-1,-1,-1,-1,-1,0x0000000000000000,1498,1500,1387,1500,2012,988,988,988,988,988,1500,988,1500,1500,1500,1500,1500,1500,1500,1500,1500,1500,1500,1500,1500,1500,1500,1500,1500,1500,1500,1500,8.3
2026-08-17,36:13.5,0,-3,-232,-3,0,-1024,952,-1,-1,1,-1,-1,-1,-1,-1,-1,-1,-1,-1,0x0000000000000000,1499,1499,1387,1500,2012,988,988,988,988,988,1500,988,1500,1500,1500,1500,1500,1500,1500,1500,1500,1500,1500,1500,1500,1500,1500,1500,1500,1500,1500,1500,8.3
2026-08-17,36:13.6,-4,-22,-510,-2,0,-1024,952,-1,-1,1,-1,-1,-1,-1,-1,-1,-1,-1,-1,0x0000000000000000,1500,1489,1251,1498,2012,988,988,988,988,988,1500,988,1500,1500,1500,1500,1500,1500,1500,1500,1500,1500,1500,1500,1500,1500,1500,1500,1500,1500,1500,1500,8.3
2026-08-17,36:13.7,-60,-77,-1024,-2,0,-1024,952,-1,-1,1,-1,-1,-1,-1,-1,-1,-1,-1,-1,0x0000000000000000,1500,1463,1000,1471,2012,988,988,988,988,988,1500,988,1500,1500,1500,1500,1500,1500,1500,1500,1500,1500,1500,1500,1500,1500,1500,1500,1500,1500,1500,1500,8.3
2026-08-17,36:13.8,-27,-1,-1024,-2,0,-1024,952,-1,-1,1,-1,-1,-1,-1,-1,-1,-1,-1,-1,0x0000000000000000,1500,1500,1000,1487,2012,988,988,988,988,988,1500,988,1500,1500,1500,1500,1500,1500,1500,1500,1500,1500,1500,1500,1500,1500,1500,1500,1500,1500,1500,1500,8.3
2026-08-17,36:13.9,62,-2,-1024,-2,0,-1024,952,-1,-1,1,-1,-1,-1,-1,-1,-1,-1,-1,-1,0x0000000000000000,1500,1499,1000,1530,2012,988,988,988,988,988,1500,988,1500,1500,1500,1500,1500,1500,1500,1500,1500,1500,1500,1500,1500,1500,1500,1500,1500,1500,1500,1500,8.3
2026-08-17,36:14.0,96,-1,-1024,-3,0,-1024,952,-1,-1,-1,-1,-1,-1,-1,-1,-1,-1,-1,-1,0x0000000000000000,1499,1500,1000,1547,988,988,988,988,988,988,1500,988,1500,1500,1500,1500,1500,1500,1500,1500,1500,1500,1500,1500,1500,1500,1500,1500,1500,1500,1500,1500,8.3
2026-08-17,36:14.1,2,-1,-1024,-2,0,-1024,952,-1,-1,-1,-1,-1,-1,-1,-1,-1,-1,-1,-1,0x0000000000000000,1500,1500,1000,1501,988,988,988,988,988,988,1500,988,1500,1500,1500,1500,1500,1500,1500,1500,1500,1500,1500,1500,1500,1500,1500,1500,1500,1500,1500,1500,8.3
2026-08-17,36:14.2,0,-2,-1024,-3,0,-1024,952,-1,-1,-1,-1,-1,-1,-1,-1,-1,-1,-1,-1,0x0000000000000000,1499,1499,1000,1500,988,988,988,988,988,988,1500,988,1500,1500,1500,1500,1500,1500,1500,1500,1500,1500,1500,1500,1500,1500,1500,1500,1500,1500,1500,1500,8.3
2026-08-17,36:14.3,0,-1,-1024,-3,0,-1024,952,-1,-1,-1,-1,-1,-1,-1,-1,-1,-1,-1,-1,0x0000000000000000,1499,1500,1000,1500,988,988,988,988,988,988,1500,988,1500,1500,1500,1500,1500,1500,1500,1500,1500,1500,1500,1500,1500,1500,1500,1500,1500,1500,1500,1500,8.3
2026-08-17,36:14.4,0,-2,-1024,-3,0,-1024,952,-1,-1,-1,-1,-1,-1,-1,-1,-1,-1,-1,-1,0x0000000000000000,1499,1499,1000,1500,988,988,988,988,988,988,1500,988,1500,1500,1500,1500,1500,1500,1500,1500,1500,1500,1500,1500,1500,1500,1500,1500,1500,1500,1500,1500,8.3
2026-08-17,36:14.5,0,-2,-1024,-3,0,-1024,952,-1,-1,-1,-1,-1,-1,-1,-1,-1,-1,-1,-1,0x0000000000000000,1499,1499,1000,1500,988,988,988,988,988,988,1500,988,1500,1500,1500,1500,1500,1500,1500,1500,1500,1500,1500,1500,1500,1500,1500,1500,1500,1500,1500,1500,8.3
2026-08-17,36:14.6,0,-2,-1024,-2,0,-1024,952,-1,-1,-1,-1,-1,-1,-1,-1,-1,-1,-1,-1,0x0000000000000000,1500,1499,1000,1500,988,988,988,988,988,988,1500,988,1500,1500,1500,1500,1500,1500,1500,1500,1500,1500,1500,1500,1500,1500,1500,1500,1500,1500,1500,1500,8.3
2026-08-17,36:14.7,0,-2,-1024,-3,0,-1024,952,-1,-1,-1,-1,-1,-1,-1,-1,-1,-1,-1,-1,0x0000000000000000,1499,1499,1000,1500,988,988,988,988,988,988,1500,988,1500,1500,1500,1500,1500,1500,1500,1500,1500,1500,1500,1500,1500,1500,1500,1500,1500,1500,1500,1500,8.3
2026-08-17,36:14.8,0,-2,-1024,-3,0,-1024,952,-1,-1,-1,-1,-1,-1,-1,-1,-1,-1,-1,-1,0x0000000000000000,1499,1499,1000,1500,988,988,988,988,988,988,1500,988,1500,1500,1500,1500,1500,1500,1500,1500,1500,1500,1500,1500,1500,1500,1500,1500,1500,1500,1500,1500,8.3
2026-08-17,36:14.9,0,-2,-1024,-3,0,-1024,952,-1,-1,-1,-1,-1,-1,-1,-1,-1,-1,-1,-1,0x0000000000000000,1499,1499,1000,1500,988,988,988,988,988,988,1500,988,1500,1500,1500,1500,1500,1500,1500,1500,1500,1500,1500,1500,1500,1500,1500,1500,1500,1500,1500,1500,8.3
2026-08-17,36:15.0,0,-1,-1024,-3,0,-1024,952,-1,-1,-1,-1,-1,-1,-1,-1,-1,-1,-1,-1,0x0000000000000000,1499,1500,1000,1500,988,988,988,988,988,988,1500,988,1500,1500,1500,1500,1500,1500,1500,1500,1500,1500,1500,1500,1500,1500,1500,1500,1500,1500,1500,1500,8.3
2026-08-17,36:15.1,0,-2,-1024,-3,0,-1024,952,-1,-1,-1,-1,-1,-1,-1,-1,-1,-1,-1,-1,0x0000000000000000,1499,1499,1000,1500,988,988,988,988,988,988,1500,988,1500,1500,1500,1500,1500,1500,1500,1500,1500,1500,1500,1500,1500,1500,1500,1500,1500,1500,1500,1500,8.3
2026-08-17,36:15.2,0,-2,-1024,-3,0,-1024,952,-1,-1,-1,-1,-1,-1,-1,-1,-1,-1,-1,-1,0x0000000000000000,1499,1499,1000,1500,988,988,988,988,988,988,1500,988,1500,1500,1500,1500,1500,1500,1500,1500,1500,1500,1500,1500,1500,1500,1500,1500,1500,1500,1500,1500,8.3
2026-08-17,36:15.3,0,-1,-1024,-3,0,-1024,952,-1,-1,-1,-1,-1,-1,-1,-1,-1,-1,-1,-1,0x0000000000000000,1499,1500,1000,1500,988,988,988,988,988,988,1500,988,1500,1500,1500,1500,1500,1500,1500,1500,1500,1500,1500,1500,1500,1500,1500,1500,1500,1500,1500,1500,8.3
2026-08-17,36:15.4,0,-2,-1024,-3,0,-1024,952,-1,-1,-1,-1,-1,-1,-1,-1,-1,-1,-1,-1,0x0000000000000000,1499,1499,1000,1500,988,988,988,988,988,988,1500,988,1500,1500,1500,1500,1500,1500,1500,1500,1500,1500,1500,1500,1500,1500,1500,1500,1500,1500,1500,1500,8.3
2026-08-17,36:15.5,0,-2,-1024,-3,0,-1024,952,-1,-1,-1,-1,-1,-1,-1,-1,-1,-1,-1,-1,0x0000000000000000,1499,1499,1000,1500,988,988,988,988,988,988,1500,988,1500,1500,1500,1500,1500,1500,1500,1500,1500,1500,1500,1500,1500,1500,1500,1500,1500,1500,1500,1500,8.3
2026-08-17,36:15.6,0,-2,-1024,-3,0,-1024,952,-1,-1,-1,-1,-1,-1,-1,-1,-1,-1,-1,-1,0x0000000000000000,1499,1499,1000,1500,988,988,988,988,988,988,1500,988,1500,1500,1500,1500,1500,1500,1500,1500,1500,1500,1500,1500,1500,1500,1500,1500,1500,1500,1500,1500,8.3
2026-08-17,36:15.7,0,-1,-1024,-3,0,-1024,952,-1,-1,-1,-1,-1,-1,-1,-1,-1,-1,-1,-1,0x0000000000000000,1499,1500,1000,1500,988,988,988,988,988,988,1500,988,1500,1500,1500,1500,1500,1500,1500,1500,1500,1500,1500,1500,1500,1500,1500,1500,1500,1500,1500,1500,8.3
2026-08-17,36:15.8,0,-1,-1024,-3,0,-1024,952,-1,-1,-1,-1,-1,-1,-1,-1,-1,-1,-1,-1,0x0000000000000000,1499,1500,1000,1500,988,988,988,988,988,988,1500,988,1500,1500,1500,1500,1500,1500,1500,1500,1500,1500,1500,1500,1500,1500,1500,1500,1500,1500,1500,1500,8.3
2026-08-17,36:15.9,0,-1,-1024,-2,0,-1024,952,-1,-1,-1,-1,-1,-1,-1,-1,-1,-1,-1,-1,0x0000000000000000,1500,1500,1000,1500,988,988,988,988,988,988,1500,988,1500,1500,1500,1500,1500,1500,1500,1500,1500,1500,1500,1500,1500,1500,1500,1500,1500,1500,1500,1500,8.3
2026-08-17,36:16.0,0,-1,-1024,-3,0,-1024,952,-1,-1,-1,-1,-1,-1,-1,-1,-1,-1,-1,-1,0x0000000000000000,1499,1500,1000,1500,988,988,988,988,988,988,1500,988,1500,1500,1500,1500,1500,1500,1500,1500,1500,1500,1500,1500,1500,1500,1500,1500,1500,1500,1500,1500,8.3
2026-08-17,36:16.1,0,-1,-1024,-2,0,-1024,952,-1,-1,-1,-1,-1,-1,-1,-1,-1,-1,-1,-1,0x0000000000000000,1500,1500,1000,1500,988,988,988,988,988,988,1500,988,1500,1500,1500,1500,1500,1500,1500,1500,1500,1500,1500,1500,1500,1500,1500,1500,1500,1500,1500,1500,8.3
2026-08-17,36:16.2,0,-1,-1024,-2,0,-1024,952,-1,-1,-1,-1,-1,-1,-1,-1,-1,-1,-1,-1,0x0000000000000000,1500,1500,1000,1500,988,988,988,988,988,988,1500,988,1500,1500,1500,1500,1500,1500,1500,1500,1500,1500,1500,1500,1500,1500,1500,1500,1500,1500,1500,1500,8.3
2026-08-17,36:16.3,0,-1,-1024,-3,0,-1024,952,-1,-1,-1,-1,-1,-1,-1,-1,-1,-1,-1,-1,0x0000000000000000,1499,1500,1000,1500,988,988,988,988,988,988,1500,988,1500,1500,1500,1500,1500,1500,1500,1500,1500,1500,1500,1500,1500,1500,1500,1500,1500,1500,1500,1500,8.3
2026-08-17,36:16.4,0,-1,-1024,-3,0,-1024,952,-1,-1,-1,-1,-1,-1,-1,-1,-1,-1,-1,-1,0x0000000000000000,1499,1500,1000,1500,988,988,988,988,988,988,1500,988,1500,1500,1500,1500,1500,1500,1500,1500,1500,1500,1500,1500,1500,1500,1500,1500,1500,1500,1500,1500,8.3
2026-08-17,36:16.5,0,-2,-1024,-3,0,-1024,952,-1,-1,-1,-1,-1,-1,-1,-1,-1,-1,-1,-1,0x0000000000000000,1499,1499,1000,1500,988,988,988,988,988,988,1500,988,1500,1500,1500,1500,1500,1500,1500,1500,1500,1500,1500,1500,1500,1500,1500,1500,1500,1500,1500,1500,8.3
2026-08-17,36:16.6,0,-2,-1024,-2,0,-1024,952,-1,-1,-1,-1,-1,-1,-1,-1,-1,-1,-1,-1,0x0000000000000000,1500,1499,1000,1500,988,988,988,988,988,988,1500,988,1500,1500,1500,1500,1500,1500,1500,1500,1500,1500,1500,1500,1500,1500,1500,1500,1500,1500,1500,1500,8.3
2026-08-17,36:16.7,0,-2,-1024,-3,0,-1024,952,-1,-1,-1,-1,-1,-1,-1,-1,-1,-1,-1,-1,0x0000000000000000,1499,1499,1000,1500,988,988,988,988,988,988,1500,988,1500,1500,1500,1500,1500,1500,1500,1500,1500,1500,1500,1500,1500,1500,1500,1500,1500,1500,1500,1500,8.3
